Timestamp,Condition,Pipeline,Latency_ms,Peak_RAM_KB,EAR,MAR,PERCLOS,DL_Prob,System_Alert,Ground_Truth_Fatigue
22:15:24,Baseline,Heuristic,0.25,10.13,0.273,0.013,0.0,,False,False
22:15:24,Baseline,Deep_Learning,7.27,180.13,,,,0.785,False,False
22:15:24,Baseline,Heuristic,0.1,1.01,0.276,0.014,0.0,,False,False
22:15:24,Baseline,Deep_Learning,3.05,157.28,,,,0.324,False,False
22:15:24,Baseline,Heuristic,0.14,1.01,0.274,0.016,0.0,,False,False
22:15:24,Baseline,Deep_Learning,2.96,156.52,,,,0.41,False,False
22:15:24,Baseline,Heuristic,0.1,1.01,0.274,0.017,0.0,,False,False
22:15:24,Baseline,Deep_Learning,2.46,156.27,,,,0.285,False,False
22:15:24,Baseline,Heuristic,0.29,1.01,0.273,0.018,0.0,,False,False
22:15:24,Baseline,Deep_Learning,8.03,156.52,,,,0.188,False,False
22:15:25,Baseline,Heuristic,0.1,1.01,0.272,0.019,0.0,,False,False
22:15:25,Baseline,Deep_Learning,2.52,156.27,,,,0.285,False,False
22:15:25,Baseline,Heuristic,0.09,1.01,0.272,0.019,0.0,,False,False
22:15:25,Baseline,Deep_Learning,3.04,156.27,,,,0.324,False,False
22:15:25,Baseline,Heuristic,0.3,1.01,0.272,0.02,0.0,,False,False
22:15:25,Baseline,Deep_Learning,7.34,156.55,,,,0.363,False,False
22:15:25,Baseline,Heuristic,0.16,1.27,0.272,0.02,0.0,,False,False
22:15:25,Baseline,Deep_Learning,3.54,156.55,,,,0.215,False,False
22:15:25,Baseline,Heuristic,0.13,1.01,0.272,0.021,0.0,,False,False
22:15:25,Baseline,Deep_Learning,3.95,156.55,,,,0.215,False,False
22:15:25,Baseline,Heuristic,0.1,1.01,0.272,0.021,0.0,,False,False
22:15:25,Baseline,Deep_Learning,2.27,156.29,,,,0.324,False,False
22:15:25,Baseline,Heuristic,0.1,1.01,0.272,0.021,0.0,,False,False
22:15:25,Baseline,Deep_Learning,2.58,156.04,,,,0.215,False,False
22:15:25,Baseline,Heuristic,0.11,1.01,0.272,0.021,0.0,,False,False
22:15:25,Baseline,Deep_Learning,2.63,155.53,,,,0.547,False,False
22:15:25,Baseline,Heuristic,0.12,1.01,0.271,0.022,0.0,,False,False
22:15:25,Baseline,Deep_Learning,2.81,155.78,,,,0.41,False,False
22:15:25,Baseline,Heuristic,0.14,1.01,0.271,0.022,0.0,,False,False
22:15:25,Baseline,Deep_Learning,2.59,156.03,,,,0.25,False,False
22:15:25,Baseline,Heuristic,0.1,1.01,0.27,0.022,0.0,,False,False
22:15:25,Baseline,Deep_Learning,2.38,156.27,,,,0.285,False,False
22:15:25,Baseline,Heuristic,0.09,1.01,0.269,0.022,0.0,,False,False
22:15:25,Baseline,Deep_Learning,2.64,158.54,,,,0.59,False,False
22:15:25,Baseline,Heuristic,0.1,1.01,0.268,0.022,0.0,,False,False
22:15:25,Baseline,Deep_Learning,2.53,158.74,,,,0.785,False,False
22:15:26,Baseline,Heuristic,0.1,1.01,0.266,0.021,0.0,,False,False
22:15:26,Baseline,Deep_Learning,2.39,160.72,,,,0.016,False,False
22:15:26,Baseline,Heuristic,0.14,1.01,0.262,0.02,0.0,,False,False
22:15:26,Baseline,Deep_Learning,2.82,161.2,,,,0.137,False,False
22:15:26,Baseline,Heuristic,0.17,1.01,0.258,0.019,0.0,,False,False
22:15:26,Baseline,Deep_Learning,3.47,161.48,,,,0.082,False,False
22:15:26,Baseline,Heuristic,0.09,1.01,0.254,0.019,0.0,,False,False
22:15:26,Baseline,Deep_Learning,2.18,161.24,,,,0.004,False,False
22:15:26,Baseline,Heuristic,0.14,1.01,0.25,0.018,0.0,,False,False
22:15:26,Baseline,Deep_Learning,2.71,161.24,,,,0.004,False,False
22:15:26,Baseline,Heuristic,0.11,1.01,0.246,0.017,0.0,,False,False
22:15:26,Baseline,Deep_Learning,3.07,161.52,,,,0.0,False,False
22:15:26,Baseline,Heuristic,0.1,1.01,0.243,0.016,0.0,,False,False
22:15:26,Baseline,Deep_Learning,4.97,161.48,,,,0.0,False,False
22:15:26,Baseline,Heuristic,0.14,1.27,0.241,0.016,0.0,,False,False
22:15:26,Baseline,Deep_Learning,2.87,161.77,,,,0.0,False,False
22:15:26,Baseline,Heuristic,0.09,1.01,0.24,0.015,0.0,,False,False
22:15:26,Baseline,Deep_Learning,2.19,161.73,,,,0.0,False,False
22:15:26,Baseline,Heuristic,0.18,1.01,0.238,0.015,0.0,,False,False
22:15:26,Baseline,Deep_Learning,2.36,161.45,,,,0.0,False,False
22:15:26,Baseline,Heuristic,0.11,1.01,0.236,0.014,0.0,,False,False
22:15:26,Baseline,Deep_Learning,2.5,161.45,,,,0.0,False,False
22:15:26,Baseline,Heuristic,0.1,1.01,0.235,0.014,0.0,,False,False
22:15:26,Baseline,Deep_Learning,2.24,161.2,,,,0.0,False,False
22:15:27,Baseline,Heuristic,0.1,1.01,0.234,0.013,0.0,,False,False
22:15:27,Baseline,Deep_Learning,2.35,161.46,,,,0.0,False,False
22:15:27,Baseline,Heuristic,0.1,1.01,0.233,0.013,0.0,,False,False
22:15:27,Baseline,Deep_Learning,2.44,160.93,,,,0.0,False,False
22:15:27,Baseline,Heuristic,0.1,1.01,0.233,0.012,0.0,,False,False
22:15:27,Baseline,Deep_Learning,2.27,160.97,,,,0.0,False,False
22:15:27,Baseline,Heuristic,0.1,1.01,0.232,0.012,0.0,,False,False
22:15:27,Baseline,Deep_Learning,2.33,160.44,,,,0.004,False,False
22:15:27,Baseline,Heuristic,0.12,1.01,0.232,0.012,0.0,,False,False
22:15:27,Baseline,Deep_Learning,2.27,160.72,,,,0.004,False,False
22:15:27,Baseline,Heuristic,0.13,1.01,0.232,0.011,0.0,,False,False
22:15:27,Baseline,Deep_Learning,3.26,160.72,,,,0.0,False,False
22:15:27,Baseline,Heuristic,0.28,1.01,0.232,0.011,0.0,,False,False
22:15:27,Baseline,Deep_Learning,6.84,160.72,,,,0.0,False,False
22:15:27,Baseline,Heuristic,0.13,1.01,0.232,0.011,0.0,,False,False
22:15:27,Baseline,Deep_Learning,3.28,160.72,,,,0.0,False,False
22:15:27,Baseline,Heuristic,0.1,1.01,0.232,0.01,0.0,,False,False
22:15:27,Baseline,Deep_Learning,2.43,159.91,,,,0.0,False,False
22:15:27,Baseline,Heuristic,0.1,1.01,0.232,0.01,0.0,,False,False
22:15:27,Baseline,Deep_Learning,2.22,159.91,,,,0.0,False,False
22:15:27,Baseline,Heuristic,0.13,1.01,0.232,0.01,0.0,,False,False
22:15:27,Baseline,Deep_Learning,2.69,160.47,,,,0.0,False,False
22:15:28,Baseline,Heuristic,0.1,1.01,0.232,0.009,0.0,,False,False
22:15:28,Baseline,Deep_Learning,2.34,160.47,,,,0.0,False,False
22:15:28,Baseline,Heuristic,0.29,1.27,0.231,0.009,0.0,,False,False
22:15:28,Baseline,Deep_Learning,5.11,160.47,,,,0.0,False,False
22:15:28,Baseline,Heuristic,0.12,1.01,0.231,0.009,0.0,,False,False
22:15:28,Baseline,Deep_Learning,2.75,160.72,,,,0.0,False,False
22:15:28,Baseline,Heuristic,0.1,1.01,0.231,0.009,0.0,,False,False
22:15:28,Baseline,Deep_Learning,2.61,160.72,,,,0.0,False,False
22:15:28,Baseline,Heuristic,0.1,1.01,0.231,0.009,0.0,,False,False
22:15:28,Baseline,Deep_Learning,2.37,160.44,,,,0.0,False,False
22:15:28,Baseline,Heuristic,0.13,1.01,0.231,0.008,0.0,,False,False
22:15:28,Baseline,Deep_Learning,2.22,160.16,,,,0.0,False,False
22:15:28,Baseline,Heuristic,0.1,1.01,0.232,0.008,0.0,,False,False
22:15:28,Baseline,Deep_Learning,2.27,160.19,,,,0.0,False,False
22:15:28,Baseline,Heuristic,0.14,1.01,0.232,0.008,0.0,,False,False
22:15:28,Baseline,Deep_Learning,4.7,160.19,,,,0.004,False,False
22:15:28,Baseline,Heuristic,0.14,1.01,0.232,0.008,0.0,,False,False
22:15:28,Baseline,Deep_Learning,3.29,159.95,,,,0.0,False,False
22:15:28,Baseline,Heuristic,0.1,1.01,0.233,0.008,0.0,,False,False
22:15:28,Baseline,Deep_Learning,2.26,159.7,,,,0.0,False,False
22:15:28,Baseline,Heuristic,0.1,1.01,0.235,0.008,0.0,,False,False
22:15:28,Baseline,Deep_Learning,2.21,159.7,,,,0.004,False,False
22:15:28,Baseline,Heuristic,0.3,1.01,0.236,0.008,0.0,,False,False
22:15:28,Baseline,Deep_Learning,7.8,159.7,,,,0.012,False,False
22:15:28,Baseline,Heuristic,0.15,1.01,0.238,0.007,0.0,,False,False
22:15:28,Baseline,Deep_Learning,2.74,159.7,,,,0.035,False,False
22:15:29,Baseline,Heuristic,0.29,1.01,0.238,0.007,0.0,,False,False
22:15:29,Baseline,Deep_Learning,7.5,159.98,,,,0.098,False,False
22:15:29,Baseline,Heuristic,0.3,1.01,0.24,0.007,0.0,,False,False
22:15:29,Baseline,Deep_Learning,2.89,159.98,,,,0.098,False,False
22:15:29,Baseline,Heuristic,0.11,1.01,0.242,0.007,0.0,,False,False
22:15:29,Baseline,Deep_Learning,2.43,159.73,,,,0.098,False,False
22:15:29,Baseline,Heuristic,0.1,1.01,0.245,0.007,0.0,,False,False
22:15:29,Baseline,Deep_Learning,2.3,159.73,,,,0.215,False,False
22:15:29,Baseline,Heuristic,0.1,1.01,0.247,0.007,0.0,,False,False
22:15:29,Baseline,Deep_Learning,2.26,159.24,,,,0.137,False,False
22:15:29,Baseline,Heuristic,0.1,1.01,0.25,0.007,0.0,,False,False
22:15:29,Baseline,Deep_Learning,2.39,159.24,,,,0.137,False,False
22:15:29,Baseline,Heuristic,0.1,1.01,0.253,0.007,0.0,,False,False
22:15:29,Baseline,Deep_Learning,2.35,159.21,,,,0.25,False,False
22:15:29,Baseline,Heuristic,0.1,1.01,0.255,0.007,0.0,,False,False
22:15:29,Baseline,Deep_Learning,2.4,159.73,,,,0.215,False,False
22:15:29,Baseline,Heuristic,0.1,1.01,0.257,0.007,0.0,,False,False
22:15:29,Baseline,Deep_Learning,2.21,159.45,,,,0.137,False,False
22:15:29,Baseline,Heuristic,0.1,1.01,0.26,0.007,0.0,,False,False
22:15:29,Baseline,Deep_Learning,2.33,159.45,,,,0.051,False,False
22:15:29,Baseline,Heuristic,0.1,1.01,0.263,0.006,0.0,,False,False
22:15:29,Baseline,Deep_Learning,2.28,160.47,,,,0.02,False,False
22:15:29,Baseline,Heuristic,0.09,1.01,0.265,0.006,0.0,,False,False
22:15:29,Baseline,Deep_Learning,2.29,160.72,,,,0.02,False,False
22:15:29,Baseline,Heuristic,0.1,1.01,0.267,0.006,0.0,,False,False
22:15:29,Baseline,Deep_Learning,2.28,163.26,,,,0.117,False,False
22:15:30,Baseline,Heuristic,0.11,1.01,0.269,0.006,0.0,,False,False
22:15:30,Baseline,Deep_Learning,2.31,167.19,,,,0.996,True,False
22:15:30,Baseline,Heuristic,0.1,1.01,0.271,0.006,0.0,,False,False
22:15:30,Baseline,Deep_Learning,2.16,167.29,,,,0.996,True,False
22:15:30,Baseline,Heuristic,0.09,1.01,0.273,0.006,0.0,,False,False
22:15:30,Baseline,Deep_Learning,2.13,173.61,,,,0.363,False,False
22:15:30,Baseline,Heuristic,0.11,1.01,0.275,0.006,0.0,,False,False
22:15:30,Baseline,Deep_Learning,2.22,174.14,,,,0.215,False,False
22:15:30,Baseline,Heuristic,0.1,1.01,0.279,0.006,0.0,,False,False
22:15:30,Baseline,Deep_Learning,2.12,182.8,,,,0.137,False,False
22:15:30,Baseline,Heuristic,0.1,1.01,0.28,0.006,0.0,,False,False
22:15:30,Baseline,Deep_Learning,2.1,194.23,,,,0.059,False,False
22:15:30,Baseline,Heuristic,0.1,1.01,0.283,0.006,0.0,,False,False
22:15:30,Baseline,Deep_Learning,2.11,201.67,,,,0.02,False,False
22:15:30,Baseline,Heuristic,0.1,1.27,0.284,0.006,0.0,,False,False
22:15:30,Baseline,Deep_Learning,2.08,201.62,,,,0.016,False,False
22:15:30,Baseline,Heuristic,0.1,1.01,0.286,0.006,0.0,,False,False
22:15:30,Baseline,Deep_Learning,2.06,201.93,,,,0.016,False,False
22:15:30,Baseline,Heuristic,0.1,1.01,0.289,0.007,0.0,,False,False
22:15:30,Baseline,Deep_Learning,2.12,194.87,,,,0.0,False,False
22:15:30,Baseline,Heuristic,0.1,1.01,0.291,0.007,0.0,,False,False
22:15:30,Baseline,Deep_Learning,2.06,193.98,,,,0.0,False,False
22:15:30,Baseline,Heuristic,0.1,1.01,0.293,0.007,0.0,,False,False
22:15:30,Baseline,Deep_Learning,2.09,175.63,,,,0.676,False,False
22:15:30,Baseline,Heuristic,0.1,1.01,0.293,0.008,0.0,,False,False
22:15:30,Baseline,Deep_Learning,2.15,162.8,,,,0.453,False,False
22:15:30,Baseline,Heuristic,0.1,1.01,0.292,0.008,0.0,,False,False
22:15:30,Baseline,Deep_Learning,2.11,160.14,,,,0.215,False,False
22:15:31,Baseline,Heuristic,0.1,1.01,0.291,0.008,0.0,,False,False
22:15:31,Baseline,Deep_Learning,2.13,150.78,,,,0.59,False,False
22:15:31,Baseline,Heuristic,0.09,1.01,0.29,0.008,0.0,,False,False
22:15:31,Baseline,Deep_Learning,2.12,146.98,,,,0.75,False,False
22:15:31,Baseline,Heuristic,0.1,1.01,0.289,0.008,0.0,,False,False
22:15:31,Baseline,Deep_Learning,2.13,146.79,,,,0.812,True,False
22:15:31,Baseline,Heuristic,0.13,1.01,0.289,0.008,0.0,,False,False
22:15:31,Baseline,Deep_Learning,2.11,145.31,,,,0.863,True,False
22:15:31,Baseline,Heuristic,0.1,1.01,0.29,0.009,0.0,,False,False
22:15:31,Baseline,Deep_Learning,2.1,145.56,,,,0.02,False,False
22:15:31,Baseline,Heuristic,0.1,1.01,0.29,0.013,0.0,,False,False
22:15:31,Baseline,Deep_Learning,2.09,145.78,,,,0.0,False,False
22:15:31,Baseline,Heuristic,0.1,1.01,0.292,0.02,0.0,,False,False
22:15:31,Baseline,Deep_Learning,2.12,146.91,,,,0.324,False,False
22:15:31,Baseline,Heuristic,0.09,1.01,0.293,0.028,0.0,,False,False
22:15:31,Baseline,Deep_Learning,2.13,148.89,,,,0.941,True,False
22:15:31,Baseline,Heuristic,0.11,1.01,0.295,0.038,0.0,,False,False
22:15:31,Baseline,Deep_Learning,2.21,150.81,,,,0.785,False,False
22:15:31,Baseline,Heuristic,0.1,1.01,0.297,0.042,0.0,,False,False
22:15:31,Baseline,Deep_Learning,2.14,150.58,,,,0.547,False,False
22:15:31,Baseline,Heuristic,0.1,1.01,0.298,0.044,0.0,,False,False
22:15:31,Baseline,Deep_Learning,2.18,150.38,,,,0.285,False,False
22:15:31,Baseline,Heuristic,0.1,1.01,0.298,0.044,0.0,,False,False
22:15:31,Baseline,Deep_Learning,2.15,151.11,,,,0.02,False,False
22:15:31,Baseline,Heuristic,0.09,1.01,0.299,0.044,0.0,,False,False
22:15:31,Baseline,Deep_Learning,2.12,150.35,,,,0.008,False,False
22:15:31,Baseline,Heuristic,0.1,1.01,0.3,0.044,0.0,,False,False
22:15:31,Baseline,Deep_Learning,3.28,150.81,,,,0.035,False,False
22:15:31,Baseline,Heuristic,0.1,1.01,0.301,0.043,0.0,,False,False
22:15:31,Baseline,Deep_Learning,2.17,151.07,,,,0.215,False,False
22:15:32,Baseline,Heuristic,0.1,1.01,0.302,0.042,0.0,,False,False
22:15:32,Baseline,Deep_Learning,2.21,150.84,,,,0.215,False,False
22:15:32,Baseline,Heuristic,0.1,1.01,0.303,0.041,0.0,,False,False
22:15:32,Baseline,Deep_Learning,2.19,150.38,,,,0.098,False,False
22:15:32,Baseline,Heuristic,0.1,1.01,0.304,0.04,0.0,,False,False
22:15:32,Baseline,Deep_Learning,2.21,150.12,,,,0.012,False,False
22:15:32,Baseline,Heuristic,0.1,1.01,0.305,0.038,0.0,,False,False
22:15:32,Baseline,Deep_Learning,2.19,150.35,,,,0.0,False,False
22:15:32,Baseline,Heuristic,0.1,1.01,0.305,0.037,0.0,,False,False
22:15:32,Baseline,Deep_Learning,2.28,149.87,,,,0.008,False,False
22:15:32,Baseline,Heuristic,0.17,1.01,0.306,0.035,0.0,,False,False
22:15:32,Baseline,Deep_Learning,2.37,150.12,,,,0.082,False,False
22:15:32,Baseline,Heuristic,0.1,1.01,0.307,0.034,0.0,,False,False
22:15:32,Baseline,Deep_Learning,2.17,150.09,,,,0.84,True,False
22:15:32,Baseline,Heuristic,0.1,1.01,0.307,0.033,0.0,,False,False
22:15:32,Baseline,Deep_Learning,2.19,150.09,,,,0.84,True,False
22:15:32,Baseline,Heuristic,0.1,1.01,0.308,0.032,0.0,,False,False
22:15:32,Baseline,Deep_Learning,2.11,149.41,,,,0.918,True,False
22:15:32,Baseline,Heuristic,0.09,1.01,0.309,0.03,0.0,,False,False
22:15:32,Baseline,Deep_Learning,2.17,147.99,,,,0.0,False,False
22:15:32,Baseline,Heuristic,0.1,1.01,0.31,0.029,0.0,,False,False
22:15:32,Baseline,Deep_Learning,2.13,148.19,,,,0.363,False,False
22:15:32,Baseline,Heuristic,0.1,1.01,0.312,0.028,0.0,,False,False
22:15:32,Baseline,Deep_Learning,2.19,147.86,,,,0.324,False,False
22:15:32,Baseline,Heuristic,0.1,1.01,0.313,0.028,0.0,,False,False
22:15:32,Baseline,Deep_Learning,2.17,148.31,,,,0.84,True,False
22:15:32,Baseline,Heuristic,0.1,1.01,0.314,0.027,0.0,,False,False
22:15:32,Baseline,Deep_Learning,2.47,149.94,,,,0.75,False,False
22:15:33,Baseline,Heuristic,0.1,1.01,0.314,0.026,0.0,,False,False
22:15:33,Baseline,Deep_Learning,2.68,150.17,,,,0.5,False,False
22:15:33,Baseline,Heuristic,0.1,1.01,0.314,0.026,0.0,,False,False
22:15:33,Baseline,Deep_Learning,2.25,150.06,,,,0.035,False,False
22:15:33,Baseline,Heuristic,0.1,1.01,0.313,0.026,0.0,,False,False
22:15:33,Baseline,Deep_Learning,2.27,148.98,,,,0.035,False,False
22:15:33,Baseline,Heuristic,0.1,1.01,0.312,0.025,0.0,,False,False
22:15:33,Baseline,Deep_Learning,2.2,149.03,,,,0.098,False,False
22:15:33,Baseline,Heuristic,0.1,1.01,0.311,0.025,0.0,,False,False
22:15:33,Baseline,Deep_Learning,2.3,149.26,,,,0.363,False,False
22:15:33,Baseline,Heuristic,0.1,1.01,0.31,0.025,0.0,,False,False
22:15:33,Baseline,Deep_Learning,2.28,149.49,,,,0.363,False,False
22:15:33,Baseline,Heuristic,0.1,1.01,0.309,0.024,0.0,,False,False
22:15:33,Baseline,Deep_Learning,2.18,148.3,,,,0.098,False,False
22:15:33,Baseline,Heuristic,0.1,1.01,0.309,0.024,0.0,,False,False
22:15:33,Baseline,Deep_Learning,2.18,147.59,,,,0.137,False,False
22:15:33,Baseline,Heuristic,0.1,1.01,0.309,0.024,0.0,,False,False
22:15:33,Baseline,Deep_Learning,2.28,147.82,,,,0.883,True,False
22:15:33,Baseline,Heuristic,0.1,1.01,0.309,0.023,0.0,,False,False
22:15:33,Baseline,Deep_Learning,2.14,148.47,,,,0.957,True,False
22:15:33,Baseline,Heuristic,0.12,1.27,0.31,0.022,0.0,,False,False
22:15:33,Baseline,Deep_Learning,2.16,149.18,,,,0.98,True,False
22:15:33,Baseline,Heuristic,0.1,1.01,0.311,0.022,0.0,,False,False
22:15:33,Baseline,Deep_Learning,2.16,148.7,,,,0.07,False,False
22:15:33,Baseline,Heuristic,0.1,1.01,0.313,0.021,0.0,,False,False
22:15:33,Baseline,Deep_Learning,2.22,149.87,,,,0.996,True,False
22:15:33,Baseline,Heuristic,0.1,1.01,0.315,0.02,0.0,,False,False
22:15:33,Baseline,Deep_Learning,2.15,150.61,,,,0.984,True,False
22:15:33,Baseline,Heuristic,0.09,1.01,0.316,0.02,0.0,,False,False
22:15:33,Baseline,Deep_Learning,2.13,151.11,,,,0.977,True,False
22:15:34,Baseline,Heuristic,0.1,1.01,0.319,0.019,0.0,,False,False
22:15:34,Baseline,Deep_Learning,2.27,151.11,,,,0.863,True,False
22:15:34,Baseline,Heuristic,0.1,1.01,0.32,0.019,0.0,,False,False
22:15:34,Baseline,Deep_Learning,2.14,151.11,,,,0.863,True,False
22:15:34,Baseline,Heuristic,0.1,1.01,0.322,0.018,0.0,,False,False
22:15:34,Baseline,Deep_Learning,2.16,151.34,,,,0.637,False,False
22:15:34,Baseline,Heuristic,0.1,1.01,0.323,0.018,0.0,,False,False
22:15:34,Baseline,Deep_Learning,2.33,150.88,,,,0.973,True,False
22:15:34,Baseline,Heuristic,0.1,1.01,0.325,0.017,0.0,,False,False
22:15:34,Baseline,Deep_Learning,2.23,150.88,,,,0.676,False,False
22:15:34,Baseline,Heuristic,0.1,1.01,0.326,0.016,0.0,,False,False
22:15:34,Baseline,Deep_Learning,2.3,150.88,,,,0.715,False,False
22:15:34,Baseline,Heuristic,0.1,1.01,0.327,0.016,0.0,,False,False
22:15:34,Baseline,Deep_Learning,2.26,150.88,,,,0.715,False,False
22:15:34,Baseline,Heuristic,0.1,1.01,0.328,0.015,0.0,,False,False
22:15:34,Baseline,Deep_Learning,2.39,150.38,,,,0.75,False,False
22:15:34,Baseline,Heuristic,0.1,1.01,0.329,0.015,0.0,,False,False
22:15:34,Baseline,Deep_Learning,2.18,150.61,,,,0.715,False,False
22:15:34,Baseline,Heuristic,0.1,1.01,0.33,0.014,0.0,,False,False
22:15:34,Baseline,Deep_Learning,2.21,150.61,,,,0.715,False,False
22:15:34,Baseline,Heuristic,0.1,1.27,0.331,0.014,0.0,,False,False
22:15:34,Baseline,Deep_Learning,2.14,150.35,,,,0.098,False,False
22:15:34,Baseline,Heuristic,0.1,1.01,0.332,0.014,0.0,,False,False
22:15:34,Baseline,Deep_Learning,2.14,150.12,,,,0.59,False,False
22:15:34,Baseline,Heuristic,0.09,1.01,0.333,0.013,0.0,,False,False
22:15:34,Baseline,Deep_Learning,2.31,150.38,,,,0.453,False,False
22:15:34,Baseline,Heuristic,0.09,1.01,0.333,0.013,0.0,,False,False
22:15:34,Baseline,Deep_Learning,2.15,149.41,,,,0.637,False,False
22:15:35,Baseline,Heuristic,0.1,1.01,0.332,0.013,0.0,,False,False
22:15:35,Baseline,Deep_Learning,2.17,148.98,,,,0.0,False,False
22:15:35,Baseline,Heuristic,0.1,1.01,0.33,0.012,0.0,,False,False
22:15:35,Baseline,Deep_Learning,2.22,148.75,,,,0.0,False,False
22:15:35,Baseline,Heuristic,0.12,1.01,0.327,0.012,0.0,,False,False
22:15:35,Baseline,Deep_Learning,2.23,146.68,,,,0.16,False,False
22:15:35,Baseline,Heuristic,0.1,1.01,0.325,0.012,0.0,,False,False
22:15:35,Baseline,Deep_Learning,2.22,145.42,,,,0.215,False,False
22:15:35,Baseline,Heuristic,0.1,1.01,0.324,0.012,0.0,,False,False
22:15:35,Baseline,Deep_Learning,2.24,145.18,,,,0.453,False,False
22:15:35,Baseline,Heuristic,0.09,1.01,0.324,0.012,0.0,,False,False
22:15:35,Baseline,Deep_Learning,2.19,143.97,,,,0.785,False,False
22:15:35,Baseline,Heuristic,0.1,1.01,0.324,0.012,0.0,,False,False
22:15:35,Baseline,Deep_Learning,2.15,142.38,,,,0.984,True,False
22:15:35,Baseline,Heuristic,0.09,1.01,0.324,0.012,0.0,,False,False
22:15:35,Baseline,Deep_Learning,2.26,142.91,,,,0.25,False,False
22:15:35,Baseline,Heuristic,0.1,1.01,0.325,0.012,0.0,,False,False
22:15:35,Baseline,Deep_Learning,2.21,141.98,,,,0.715,False,False
22:15:35,Baseline,Heuristic,0.1,1.01,0.325,0.012,0.0,,False,False
22:15:35,Baseline,Deep_Learning,2.13,141.71,,,,0.637,False,False
22:15:35,Baseline,Heuristic,0.1,1.01,0.326,0.012,0.0,,False,False
22:15:35,Baseline,Deep_Learning,2.24,140.57,,,,0.785,False,False
22:15:35,Baseline,Heuristic,0.1,1.27,0.327,0.012,0.0,,False,False
22:15:35,Baseline,Deep_Learning,2.14,141.05,,,,0.949,True,False
22:15:35,Baseline,Heuristic,0.15,1.01,0.327,0.011,0.0,,False,False
22:15:35,Baseline,Deep_Learning,3.37,141.5,,,,0.965,True,False
22:15:35,Baseline,Heuristic,0.1,1.01,0.328,0.011,0.0,,False,False
22:15:35,Baseline,Deep_Learning,2.18,141.29,,,,0.98,True,False
22:15:36,Baseline,Heuristic,0.1,1.01,0.328,0.011,0.0,,False,False
22:15:36,Baseline,Deep_Learning,2.14,140.15,,,,0.996,True,False
22:15:36,Baseline,Heuristic,0.1,1.01,0.328,0.011,0.0,,False,False
22:15:36,Baseline,Deep_Learning,2.16,139.91,,,,0.996,True,False
22:15:36,Baseline,Heuristic,0.1,1.01,0.328,0.011,0.0,,False,False
22:15:36,Baseline,Deep_Learning,2.2,139.68,,,,0.996,True,False
22:15:36,Baseline,Heuristic,0.1,1.01,0.328,0.011,0.0,,False,False
22:15:36,Baseline,Deep_Learning,2.21,139.96,,,,0.996,True,False
22:15:36,Baseline,Heuristic,0.1,1.01,0.329,0.011,0.0,,False,False
22:15:36,Baseline,Deep_Learning,2.15,139.52,,,,0.996,True,False
22:15:36,Baseline,Heuristic,0.11,1.01,0.328,0.011,0.0,,False,False
22:15:36,Baseline,Deep_Learning,2.47,138.45,,,,0.996,True,False
22:15:36,Baseline,Heuristic,0.11,1.01,0.328,0.01,0.0,,False,False
22:15:36,Baseline,Deep_Learning,4.02,137.3,,,,0.996,True,False
22:15:36,Baseline,Heuristic,0.1,1.01,0.327,0.01,0.0,,False,False
22:15:36,Baseline,Deep_Learning,2.17,137.28,,,,0.996,True,False
22:15:36,Baseline,Heuristic,0.1,1.01,0.327,0.01,0.0,,False,False
22:15:36,Baseline,Deep_Learning,2.19,137.02,,,,0.996,True,False
22:15:36,Baseline,Heuristic,0.1,1.01,0.327,0.01,0.0,,False,False
22:15:36,Baseline,Deep_Learning,2.22,137.56,,,,0.996,True,False
22:15:36,Baseline,Heuristic,0.1,1.01,0.327,0.009,0.0,,False,False
22:15:36,Baseline,Deep_Learning,2.22,137.81,,,,0.996,True,False
22:15:36,Baseline,Heuristic,0.1,1.01,0.326,0.009,0.0,,False,False
22:15:36,Baseline,Deep_Learning,2.17,138.7,,,,0.035,False,False
22:15:36,Baseline,Heuristic,0.1,1.01,0.324,0.009,0.0,,False,False
22:15:36,Baseline,Deep_Learning,2.31,138.45,,,,0.0,False,False
22:15:36,Baseline,Heuristic,0.1,1.27,0.321,0.009,0.0,,False,False
22:15:36,Baseline,Deep_Learning,2.23,138.2,,,,0.0,False,False
22:15:36,Baseline,Heuristic,0.1,1.01,0.319,0.009,0.0,,False,False
22:15:36,Baseline,Deep_Learning,2.18,137.3,,,,0.098,False,False
22:15:37,Baseline,Heuristic,0.1,1.01,0.315,0.009,0.0,,False,False
22:15:37,Baseline,Deep_Learning,2.26,137.76,,,,0.453,False,False
22:15:37,Baseline,Heuristic,0.1,1.01,0.313,0.009,0.0,,False,False
22:15:37,Baseline,Deep_Learning,2.24,138.2,,,,0.41,False,False
22:15:37,Baseline,Heuristic,0.09,1.01,0.312,0.009,0.0,,False,False
22:15:37,Baseline,Deep_Learning,2.18,138.2,,,,0.59,False,False
22:15:37,Baseline,Heuristic,0.1,1.01,0.311,0.008,0.0,,False,False
22:15:37,Baseline,Deep_Learning,2.14,138.61,,,,0.676,False,False
22:15:37,Baseline,Heuristic,0.1,1.01,0.311,0.008,0.0,,False,False
22:15:37,Baseline,Deep_Learning,2.31,138.61,,,,0.883,True,False
22:15:37,Baseline,Heuristic,0.1,1.01,0.311,0.008,0.0,,False,False
22:15:37,Baseline,Deep_Learning,2.28,138.38,,,,0.547,False,False
22:15:37,Baseline,Heuristic,0.1,1.01,0.311,0.008,0.0,,False,False
22:15:37,Baseline,Deep_Learning,2.28,139.05,,,,0.977,True,False
22:15:37,Baseline,Heuristic,0.1,1.01,0.312,0.008,0.0,,False,False
22:15:37,Baseline,Deep_Learning,2.26,138.61,,,,0.98,True,False
22:15:37,Baseline,Heuristic,0.1,1.01,0.312,0.008,0.0,,False,False
22:15:37,Baseline,Deep_Learning,2.21,139.05,,,,0.996,True,False
22:15:37,Baseline,Heuristic,0.1,1.01,0.313,0.008,0.0,,False,False
22:15:37,Baseline,Deep_Learning,2.31,138.82,,,,0.996,True,False
22:15:37,Baseline,Heuristic,0.1,1.01,0.314,0.009,0.0,,False,False
22:15:37,Baseline,Deep_Learning,2.17,138.59,,,,0.996,True,False
22:15:37,Baseline,Heuristic,0.1,1.01,0.314,0.009,0.0,,False,False
22:15:37,Baseline,Deep_Learning,2.16,138.2,,,,0.996,True,False
22:15:37,Baseline,Heuristic,0.1,1.01,0.315,0.009,0.0,,False,False
22:15:37,Baseline,Deep_Learning,2.14,138.01,,,,0.996,True,False
22:15:37,Baseline,Heuristic,0.1,1.01,0.317,0.01,0.0,,False,False
22:15:37,Baseline,Deep_Learning,2.19,138.17,,,,0.016,False,False
22:15:37,Baseline,Heuristic,0.1,1.01,0.318,0.011,0.0,,False,False
22:15:37,Baseline,Deep_Learning,2.25,138.59,,,,0.996,True,False
22:15:38,Baseline,Heuristic,0.1,1.01,0.318,0.011,0.0,,False,False
22:15:38,Baseline,Deep_Learning,2.21,138.38,,,,0.84,True,False
22:15:38,Baseline,Heuristic,0.1,1.01,0.314,0.01,0.0,,False,False
22:15:38,Baseline,Deep_Learning,2.27,137.56,,,,0.984,True,False
22:15:38,Baseline,Heuristic,0.11,1.01,0.31,0.01,0.0,,False,False
22:15:38,Baseline,Deep_Learning,2.4,137.56,,,,0.984,True,False
22:15:38,Baseline,Heuristic,0.1,1.01,0.308,0.01,0.0,,False,False
22:15:38,Baseline,Deep_Learning,2.35,137.79,,,,0.949,True,False
22:15:38,Baseline,Heuristic,0.1,1.01,0.307,0.009,0.0,,False,False
22:15:38,Baseline,Deep_Learning,2.23,138.87,,,,0.996,True,False
22:15:38,Baseline,Heuristic,0.1,1.01,0.306,0.009,0.0,,False,False
22:15:38,Baseline,Deep_Learning,2.22,139.94,,,,0.988,True,False
22:15:38,Baseline,Heuristic,0.1,1.01,0.305,0.009,0.0,,False,False
22:15:38,Baseline,Deep_Learning,2.21,139.71,,,,0.988,True,False
22:15:38,Baseline,Heuristic,0.1,1.01,0.305,0.008,0.0,,False,False
22:15:38,Baseline,Deep_Learning,2.16,141.02,,,,0.996,True,False
22:15:38,Baseline,Heuristic,0.1,1.01,0.306,0.008,0.0,,False,False
22:15:38,Baseline,Deep_Learning,2.2,141.68,,,,0.996,True,False
22:15:38,Baseline,Heuristic,0.1,1.01,0.307,0.008,0.0,,False,False
22:15:38,Baseline,Deep_Learning,2.2,141.47,,,,0.973,True,False
22:15:38,Baseline,Heuristic,0.1,1.01,0.308,0.008,0.0,,False,False
22:15:38,Baseline,Deep_Learning,2.15,143.27,,,,0.996,True,False
22:15:38,Baseline,Heuristic,0.1,1.01,0.309,0.008,0.0,,False,False
22:15:38,Baseline,Deep_Learning,2.16,143.05,,,,0.996,True,False
22:15:38,Baseline,Heuristic,0.1,1.01,0.311,0.008,0.0,,False,False
22:15:38,Baseline,Deep_Learning,2.19,142.62,,,,0.996,True,False
22:15:39,Baseline,Heuristic,0.1,1.01,0.312,0.008,0.0,,False,False
22:15:39,Baseline,Deep_Learning,2.36,143.05,,,,0.996,True,False
22:15:39,Baseline,Heuristic,0.1,1.01,0.313,0.008,0.0,,False,False
22:15:39,Baseline,Deep_Learning,2.33,143.23,,,,0.984,True,False
22:15:39,Baseline,Heuristic,0.1,1.01,0.313,0.008,0.0,,False,False
22:15:39,Baseline,Deep_Learning,2.32,144.62,,,,0.84,True,False
22:15:39,Baseline,Heuristic,0.1,1.01,0.313,0.007,0.0,,False,False
22:15:39,Baseline,Deep_Learning,2.24,145.09,,,,0.977,True,False
22:15:39,Baseline,Heuristic,0.1,1.01,0.313,0.007,0.0,,False,False
22:15:39,Baseline,Deep_Learning,2.23,147.16,,,,0.988,True,False
22:15:39,Baseline,Heuristic,0.1,1.01,0.313,0.007,0.0,,False,False
22:15:39,Baseline,Deep_Learning,2.4,148.16,,,,0.996,True,False
22:15:39,Baseline,Heuristic,0.12,1.01,0.313,0.007,0.0,,False,False
22:15:39,Baseline,Deep_Learning,2.4,148.16,,,,0.996,True,False
22:15:39,Baseline,Heuristic,0.1,1.01,0.313,0.007,0.0,,False,False
22:15:39,Baseline,Deep_Learning,2.33,149.57,,,,0.996,True,False
22:15:39,Baseline,Heuristic,0.1,1.01,0.313,0.007,0.0,,False,False
22:15:39,Baseline,Deep_Learning,2.23,150.29,,,,0.996,True,False
22:15:39,Baseline,Heuristic,0.1,1.01,0.313,0.007,0.0,,False,False
22:15:39,Baseline,Deep_Learning,2.17,150.78,,,,0.996,True,False
22:15:39,Baseline,Heuristic,0.1,1.01,0.313,0.007,0.0,,False,False
22:15:39,Baseline,Deep_Learning,2.18,152.03,,,,0.996,True,False
22:15:39,Baseline,Heuristic,0.1,1.01,0.313,0.007,0.0,,False,False
22:15:39,Baseline,Deep_Learning,2.17,152.03,,,,0.996,True,False
22:15:39,Baseline,Heuristic,0.1,1.01,0.314,0.007,0.0,,False,False
22:15:39,Baseline,Deep_Learning,2.55,152.26,,,,0.75,False,False
22:15:39,Baseline,Heuristic,0.1,1.01,0.315,0.007,0.0,,False,False
22:15:39,Baseline,Deep_Learning,2.25,152.49,,,,0.812,True,False
22:15:40,Baseline,Heuristic,0.12,1.01,0.317,0.006,0.0,,False,False
22:15:40,Baseline,Deep_Learning,2.14,152.79,,,,0.785,False,False
22:15:40,Baseline,Heuristic,0.1,1.01,0.317,0.006,0.0,,False,False
22:15:40,Baseline,Deep_Learning,2.12,152.06,,,,0.547,False,False
22:15:40,Baseline,Heuristic,0.12,1.27,0.318,0.006,0.0,,False,False
22:15:40,Baseline,Deep_Learning,2.24,151.8,,,,0.59,False,False
22:15:40,Baseline,Heuristic,0.1,1.01,0.319,0.006,0.0,,False,False
22:15:40,Baseline,Deep_Learning,2.11,151.04,,,,0.41,False,False
22:15:40,Baseline,Heuristic,0.1,1.01,0.32,0.006,0.0,,False,False
22:15:40,Baseline,Deep_Learning,2.17,150.81,,,,0.676,False,False
22:15:40,Baseline,Heuristic,0.12,1.01,0.321,0.006,0.0,,False,False
22:15:40,Baseline,Deep_Learning,2.14,150.55,,,,0.637,False,False
22:15:40,Baseline,Heuristic,0.1,1.01,0.321,0.006,0.0,,False,False
22:15:40,Baseline,Deep_Learning,2.16,150.58,,,,0.117,False,False
22:15:40,Baseline,Heuristic,0.1,1.01,0.321,0.006,0.0,,False,False
22:15:40,Baseline,Deep_Learning,2.14,149.61,,,,0.59,False,False
22:15:40,Baseline,Heuristic,0.1,1.01,0.321,0.006,0.0,,False,False
22:15:40,Baseline,Deep_Learning,2.22,149.35,,,,0.453,False,False
22:15:40,Baseline,Heuristic,0.1,1.01,0.321,0.006,0.0,,False,False
22:15:40,Baseline,Deep_Learning,2.17,149.12,,,,0.676,False,False
22:15:40,Baseline,Heuristic,0.1,1.01,0.32,0.006,0.0,,False,False
22:15:40,Baseline,Deep_Learning,2.16,148.12,,,,0.25,False,False
22:15:40,Baseline,Heuristic,0.1,1.01,0.319,0.006,0.0,,False,False
22:15:40,Baseline,Deep_Learning,2.14,148.12,,,,0.117,False,False
22:15:40,Baseline,Heuristic,0.1,1.01,0.317,0.006,0.0,,False,False
22:15:40,Baseline,Deep_Learning,2.09,148.38,,,,0.059,False,False
22:15:40,Baseline,Heuristic,0.1,1.01,0.316,0.006,0.0,,False,False
22:15:40,Baseline,Deep_Learning,2.23,148.38,,,,0.863,True,False
22:15:40,Baseline,Heuristic,0.1,1.01,0.314,0.006,0.0,,False,False
22:15:40,Baseline,Deep_Learning,2.47,148.86,,,,0.637,False,False
22:15:41,Baseline,Heuristic,0.1,1.01,0.312,0.006,0.0,,False,False
22:15:41,Baseline,Deep_Learning,2.15,148.86,,,,0.637,False,False
22:15:41,Baseline,Heuristic,0.1,1.01,0.312,0.006,0.0,,False,False
22:15:41,Baseline,Deep_Learning,2.15,148.89,,,,0.863,True,False
22:15:41,Baseline,Heuristic,0.1,1.01,0.309,0.006,0.0,,False,False
22:15:41,Baseline,Deep_Learning,2.17,148.89,,,,0.715,False,False
22:15:41,Baseline,Heuristic,0.1,1.01,0.308,0.006,0.0,,False,False
22:15:41,Baseline,Deep_Learning,2.16,148.89,,,,0.41,False,False
22:15:41,Baseline,Heuristic,0.1,1.01,0.307,0.006,0.0,,False,False
22:15:41,Baseline,Deep_Learning,2.31,148.67,,,,0.324,False,False
22:15:41,Baseline,Heuristic,0.11,1.01,0.306,0.006,0.0,,False,False
22:15:41,Baseline,Deep_Learning,2.41,148.47,,,,0.883,True,False
22:15:41,Baseline,Heuristic,0.1,1.01,0.306,0.006,0.0,,False,False
22:15:41,Baseline,Deep_Learning,2.22,148.47,,,,0.883,True,False
22:15:41,Baseline,Heuristic,0.1,1.01,0.305,0.006,0.0,,False,False
22:15:41,Baseline,Deep_Learning,2.17,148.47,,,,0.715,False,False
22:15:41,Baseline,Heuristic,0.1,1.01,0.304,0.006,0.0,,False,False
22:15:41,Baseline,Deep_Learning,2.15,148.73,,,,0.996,True,False
22:15:41,Baseline,Heuristic,0.1,1.01,0.303,0.006,0.0,,False,False
22:15:41,Baseline,Deep_Learning,2.32,149.21,,,,0.996,True,False
22:15:41,Baseline,Heuristic,0.1,1.01,0.302,0.005,0.0,,False,False
22:15:41,Baseline,Deep_Learning,2.15,148.98,,,,0.996,True,False
22:15:41,Baseline,Heuristic,0.1,1.01,0.302,0.005,0.0,,False,False
22:15:41,Baseline,Deep_Learning,2.21,149.47,,,,0.996,True,False
22:15:41,Baseline,Heuristic,0.1,1.01,0.302,0.005,0.0,,False,False
22:15:41,Baseline,Deep_Learning,2.19,149.95,,,,0.988,True,False
22:15:41,Baseline,Heuristic,0.1,1.01,0.301,0.005,0.0,,False,False
22:15:41,Baseline,Deep_Learning,2.21,149.7,,,,0.988,True,False
22:15:41,Baseline,Heuristic,0.1,1.01,0.301,0.005,0.0,,False,False
22:15:41,Baseline,Deep_Learning,2.15,149.44,,,,0.965,True,False
22:15:42,Baseline,Heuristic,0.1,1.01,0.301,0.005,0.0,,False,False
22:15:42,Baseline,Deep_Learning,2.16,149.44,,,,0.043,False,False
22:15:42,Baseline,Heuristic,0.1,1.01,0.301,0.005,0.0,,False,False
22:15:42,Baseline,Deep_Learning,2.17,149.44,,,,0.043,False,False
22:15:42,Baseline,Heuristic,0.1,1.01,0.3,0.005,0.0,,False,False
22:15:42,Baseline,Deep_Learning,2.25,147.96,,,,0.137,False,False
22:15:42,Baseline,Heuristic,0.1,1.27,0.299,0.005,0.0,,False,False
22:15:42,Baseline,Deep_Learning,2.25,148.47,,,,0.082,False,False
22:15:42,Baseline,Heuristic,0.1,1.01,0.298,0.005,0.0,,False,False
22:15:42,Baseline,Deep_Learning,2.15,148.67,,,,0.07,False,False
22:15:42,Baseline,Heuristic,0.1,1.01,0.299,0.005,0.0,,False,False
22:15:42,Baseline,Deep_Learning,2.2,148.93,,,,0.16,False,False
22:15:42,Baseline,Heuristic,0.1,1.01,0.3,0.005,0.0,,False,False
22:15:42,Baseline,Deep_Learning,2.22,149.15,,,,0.137,False,False
22:15:42,Baseline,Heuristic,0.1,1.01,0.302,0.005,0.0,,False,False
22:15:42,Baseline,Deep_Learning,2.18,148.89,,,,0.059,False,False
22:15:42,Baseline,Heuristic,0.1,1.01,0.303,0.005,0.0,,False,False
22:15:42,Baseline,Deep_Learning,2.2,149.15,,,,0.043,False,False
22:15:42,Baseline,Heuristic,0.1,1.01,0.305,0.005,0.0,,False,False
22:15:42,Baseline,Deep_Learning,2.18,149.15,,,,0.012,False,False
22:15:42,Baseline,Heuristic,0.1,1.01,0.306,0.005,0.0,,False,False
22:15:42,Baseline,Deep_Learning,2.21,148.89,,,,0.215,False,False
22:15:42,Baseline,Heuristic,0.1,1.01,0.308,0.006,0.0,,False,False
22:15:42,Baseline,Deep_Learning,2.25,148.89,,,,0.215,False,False
22:15:42,Baseline,Heuristic,0.11,1.01,0.309,0.006,0.0,,False,False
22:15:42,Baseline,Deep_Learning,2.23,148.93,,,,0.363,False,False
22:15:42,Baseline,Heuristic,0.11,1.01,0.31,0.006,0.0,,False,False
22:15:42,Baseline,Deep_Learning,2.29,148.67,,,,0.41,False,False
22:15:43,Baseline,Heuristic,0.1,1.01,0.311,0.006,0.0,,False,False
22:15:43,Baseline,Deep_Learning,2.24,148.44,,,,0.363,False,False
22:15:43,Baseline,Heuristic,0.11,1.01,0.311,0.006,0.0,,False,False
22:15:43,Baseline,Deep_Learning,2.17,148.7,,,,0.051,False,False
22:15:43,Baseline,Heuristic,0.1,1.01,0.312,0.006,0.0,,False,False
22:15:43,Baseline,Deep_Learning,2.21,148.93,,,,0.012,False,False
22:15:43,Baseline,Heuristic,0.1,1.01,0.313,0.006,0.0,,False,False
22:15:43,Baseline,Deep_Learning,2.15,148.41,,,,0.043,False,False
22:15:43,Baseline,Heuristic,0.1,1.01,0.313,0.006,0.0,,False,False
22:15:43,Baseline,Deep_Learning,2.15,148.41,,,,0.051,False,False
22:15:43,Baseline,Heuristic,0.1,1.01,0.314,0.006,0.0,,False,False
22:15:43,Baseline,Deep_Learning,2.23,148.16,,,,0.012,False,False
22:15:43,Baseline,Heuristic,0.1,1.01,0.315,0.006,0.0,,False,False
22:15:43,Baseline,Deep_Learning,2.22,148.41,,,,0.012,False,False
22:15:43,Baseline,Heuristic,0.09,1.01,0.315,0.006,0.0,,False,False
22:15:43,Baseline,Deep_Learning,2.18,148.19,,,,0.188,False,False
22:15:43,Baseline,Heuristic,0.1,1.01,0.316,0.006,0.0,,False,False
22:15:43,Baseline,Deep_Learning,2.54,148.19,,,,0.188,False,False
22:15:43,Baseline,Heuristic,0.12,1.01,0.317,0.006,0.0,,False,False
22:15:43,Baseline,Deep_Learning,2.31,148.41,,,,0.07,False,False
22:15:43,Baseline,Heuristic,0.1,1.01,0.317,0.005,0.0,,False,False
22:15:43,Baseline,Deep_Learning,2.25,149.15,,,,0.117,False,False
22:15:43,Baseline,Heuristic,0.11,1.01,0.317,0.005,0.0,,False,False
22:15:43,Baseline,Deep_Learning,2.2,149.12,,,,0.098,False,False
22:15:43,Baseline,Heuristic,0.1,1.01,0.318,0.005,0.0,,False,False
22:15:43,Baseline,Deep_Learning,2.15,149.15,,,,0.004,False,False
22:15:44,Baseline,Heuristic,0.1,1.01,0.318,0.005,0.0,,False,False
22:15:44,Baseline,Deep_Learning,2.13,149.18,,,,0.02,False,False
22:15:44,Baseline,Heuristic,0.11,1.01,0.318,0.005,0.0,,False,False
22:15:44,Baseline,Deep_Learning,2.16,149.18,,,,0.02,False,False
22:15:44,Baseline,Heuristic,0.1,1.01,0.318,0.005,0.0,,False,False
22:15:44,Baseline,Deep_Learning,2.14,148.93,,,,0.137,False,False
22:15:44,Baseline,Heuristic,0.1,1.01,0.318,0.005,0.0,,False,False
22:15:44,Baseline,Deep_Learning,2.2,149.18,,,,0.008,False,False
22:15:44,Baseline,Heuristic,0.11,1.01,0.318,0.005,0.0,,False,False
22:15:44,Baseline,Deep_Learning,2.29,149.93,,,,0.0,False,False
22:15:44,Baseline,Heuristic,0.11,1.01,0.318,0.005,0.0,,False,False
22:15:44,Baseline,Deep_Learning,2.26,149.93,,,,0.0,False,False
22:15:44,Baseline,Heuristic,0.11,1.01,0.319,0.005,0.0,,False,False
22:15:44,Baseline,Deep_Learning,2.35,149.67,,,,0.0,False,False
22:15:44,Baseline,Heuristic,0.11,1.27,0.319,0.005,0.0,,False,False
22:15:44,Baseline,Deep_Learning,2.43,149.41,,,,0.0,False,False
22:15:44,Baseline,Heuristic,0.1,1.01,0.319,0.005,0.0,,False,False
22:15:44,Baseline,Deep_Learning,2.13,149.44,,,,0.0,False,False
22:15:44,Baseline,Heuristic,0.1,1.01,0.32,0.005,0.0,,False,False
22:15:44,Baseline,Deep_Learning,2.23,149.7,,,,0.0,False,False
22:15:44,Baseline,Heuristic,0.1,1.01,0.32,0.005,0.0,,False,False
22:15:44,Baseline,Deep_Learning,2.15,149.7,,,,0.0,False,False
22:15:44,Baseline,Heuristic,0.13,1.01,0.32,0.005,0.0,,False,False
22:15:44,Baseline,Deep_Learning,2.44,149.44,,,,0.0,False,False
22:15:45,Baseline,Heuristic,0.1,1.01,0.32,0.005,0.0,,False,False
22:15:45,Baseline,Deep_Learning,2.16,149.44,,,,0.0,False,False
22:15:45,Baseline,Heuristic,0.1,1.01,0.32,0.005,0.0,,False,False
22:15:45,Baseline,Deep_Learning,2.17,149.95,,,,0.004,False,False
22:15:45,Baseline,Heuristic,0.1,1.01,0.32,0.005,0.0,,False,False
22:15:45,Baseline,Deep_Learning,2.21,150.18,,,,0.0,False,False
22:15:45,Baseline,Heuristic,0.1,1.01,0.319,0.005,0.0,,False,False
22:15:45,Baseline,Deep_Learning,2.12,148.93,,,,0.863,True,False
22:15:45,Baseline,Heuristic,0.1,1.01,0.318,0.005,0.0,,False,False
22:15:45,Baseline,Deep_Learning,2.15,149.18,,,,0.715,False,False
22:15:45,Baseline,Heuristic,0.1,1.01,0.318,0.005,0.0,,False,False
22:15:45,Baseline,Deep_Learning,2.15,148.93,,,,0.16,False,False
22:15:45,Baseline,Heuristic,0.11,1.01,0.317,0.005,0.0,,False,False
22:15:45,Baseline,Deep_Learning,2.16,148.93,,,,0.188,False,False
22:15:45,Baseline,Heuristic,0.1,1.01,0.316,0.005,0.0,,False,False
22:15:45,Baseline,Deep_Learning,2.23,148.93,,,,0.188,False,False
22:15:45,Baseline,Heuristic,0.1,1.01,0.315,0.006,0.0,,False,False
22:15:45,Baseline,Deep_Learning,2.18,148.93,,,,0.363,False,False
22:15:45,Baseline,Heuristic,0.19,1.27,0.315,0.006,0.0,,False,False
22:15:45,Baseline,Deep_Learning,2.95,149.15,,,,0.004,False,False
22:15:45,Baseline,Heuristic,0.1,1.01,0.314,0.006,0.0,,False,False
22:15:45,Baseline,Deep_Learning,2.18,149.41,,,,0.008,False,False
22:15:45,Baseline,Heuristic,0.11,1.01,0.314,0.006,0.0,,False,False
22:15:45,Baseline,Deep_Learning,2.3,149.18,,,,0.117,False,False
22:15:45,Baseline,Heuristic,0.11,1.01,0.313,0.006,0.0,,False,False
22:15:45,Baseline,Deep_Learning,2.23,149.41,,,,0.215,False,False
22:15:45,Baseline,Heuristic,0.1,1.01,0.313,0.007,0.0,,False,False
22:15:45,Baseline,Deep_Learning,2.29,149.15,,,,0.098,False,False
22:15:46,Baseline,Heuristic,0.1,1.01,0.312,0.007,0.0,,False,False
22:15:46,Baseline,Deep_Learning,2.12,149.41,,,,0.027,False,False
22:15:46,Baseline,Heuristic,0.1,1.01,0.312,0.007,0.0,,False,False
22:15:46,Baseline,Deep_Learning,2.19,149.93,,,,0.004,False,False
22:15:46,Baseline,Heuristic,0.1,1.01,0.311,0.007,0.0,,False,False
22:15:46,Baseline,Deep_Learning,2.19,149.93,,,,0.004,False,False
22:15:46,Baseline,Heuristic,0.12,1.01,0.311,0.007,0.0,,False,False
22:15:46,Baseline,Deep_Learning,2.17,149.93,,,,0.004,False,False
22:15:46,Baseline,Heuristic,0.1,1.01,0.311,0.007,0.0,,False,False
22:15:46,Baseline,Deep_Learning,2.26,149.93,,,,0.004,False,False
22:15:46,Baseline,Heuristic,0.1,1.01,0.31,0.007,0.0,,False,False
22:15:46,Baseline,Deep_Learning,2.13,149.7,,,,0.0,False,False
22:15:46,Baseline,Heuristic,0.1,1.01,0.31,0.007,0.0,,False,False
22:15:46,Baseline,Deep_Learning,2.13,149.72,,,,0.008,False,False
22:15:46,Baseline,Heuristic,0.1,1.01,0.309,0.007,0.0,,False,False
22:15:46,Baseline,Deep_Learning,2.16,149.98,,,,0.996,True,False
22:15:46,Baseline,Heuristic,0.11,1.01,0.309,0.007,0.0,,False,False
22:15:46,Baseline,Deep_Learning,2.26,150.47,,,,0.996,True,False
22:15:46,Baseline,Heuristic,0.1,1.01,0.308,0.007,0.0,,False,False
22:15:46,Baseline,Deep_Learning,2.18,148.93,,,,0.996,True,False
22:15:46,Baseline,Heuristic,0.1,1.01,0.308,0.007,0.0,,False,False
22:15:46,Baseline,Deep_Learning,2.14,149.18,,,,0.996,True,False
22:15:46,Baseline,Heuristic,0.1,1.27,0.309,0.006,0.0,,False,False
22:15:46,Baseline,Deep_Learning,2.15,148.96,,,,0.996,True,False
22:15:46,Baseline,Heuristic,0.1,1.01,0.309,0.006,0.0,,False,False
22:15:46,Baseline,Deep_Learning,2.23,148.7,,,,0.996,True,False
22:15:46,Baseline,Heuristic,0.1,1.01,0.309,0.006,0.0,,False,False
22:15:46,Baseline,Deep_Learning,2.19,148.96,,,,0.996,True,False
22:15:46,Baseline,Heuristic,0.1,1.01,0.309,0.006,0.0,,False,False
22:15:46,Baseline,Deep_Learning,2.19,148.7,,,,0.996,True,False
22:15:47,Baseline,Heuristic,0.1,1.01,0.31,0.006,0.0,,False,False
22:15:47,Baseline,Deep_Learning,2.22,148.7,,,,0.996,True,False
22:15:47,Baseline,Heuristic,0.1,1.01,0.311,0.006,0.0,,False,False
22:15:47,Baseline,Deep_Learning,2.13,148.7,,,,0.996,True,False
22:15:47,Baseline,Heuristic,0.1,1.01,0.311,0.006,0.0,,False,False
22:15:47,Baseline,Deep_Learning,2.27,148.7,,,,0.996,True,False
22:15:47,Baseline,Heuristic,0.1,1.01,0.312,0.006,0.0,,False,False
22:15:47,Baseline,Deep_Learning,2.73,148.44,,,,0.996,True,False
22:15:47,Baseline,Heuristic,0.16,1.01,0.311,0.006,0.0,,False,False
22:15:47,Baseline,Deep_Learning,3.5,148.47,,,,0.996,True,False
22:15:47,Baseline,Heuristic,0.11,1.01,0.311,0.005,0.0,,False,False
22:15:47,Baseline,Deep_Learning,2.24,147.51,,,,0.977,True,False
22:15:47,Baseline,Heuristic,0.1,1.01,0.31,0.005,0.0,,False,False
22:15:47,Baseline,Deep_Learning,2.22,147.04,,,,0.996,True,False
22:15:47,Baseline,Heuristic,0.1,1.01,0.309,0.005,0.0,,False,False
22:15:47,Baseline,Deep_Learning,2.28,147.23,,,,0.996,True,False
22:15:47,Baseline,Heuristic,0.1,1.01,0.308,0.005,0.0,,False,False
22:15:47,Baseline,Deep_Learning,2.24,147.23,,,,0.996,True,False
22:15:47,Baseline,Heuristic,0.1,1.01,0.307,0.005,0.0,,False,False
22:15:47,Baseline,Deep_Learning,2.2,146.98,,,,0.996,True,False
22:15:47,Baseline,Heuristic,0.1,1.01,0.307,0.005,0.0,,False,False
22:15:47,Baseline,Deep_Learning,2.28,146.75,,,,0.996,True,False
22:15:47,Baseline,Heuristic,0.1,1.27,0.307,0.005,0.0,,False,False
22:15:47,Baseline,Deep_Learning,2.17,146.75,,,,0.996,True,False
22:15:48,Baseline,Heuristic,0.1,1.01,0.307,0.005,0.0,,False,False
22:15:48,Baseline,Deep_Learning,2.34,146.75,,,,0.996,True,False
22:15:48,Baseline,Heuristic,0.1,1.01,0.307,0.005,0.0,,False,False
22:15:48,Baseline,Deep_Learning,2.18,146.75,,,,0.996,True,False
22:15:48,Baseline,Heuristic,0.11,1.01,0.307,0.005,0.0,,False,False
22:15:48,Baseline,Deep_Learning,2.38,146.79,,,,0.996,True,False
22:15:48,Baseline,Heuristic,0.1,1.01,0.307,0.005,0.0,,False,False
22:15:48,Baseline,Deep_Learning,2.2,146.79,,,,0.996,True,False
22:15:48,Baseline,Heuristic,0.1,1.01,0.307,0.005,0.0,,False,False
22:15:48,Baseline,Deep_Learning,2.2,146.56,,,,0.996,True,False
22:15:48,Baseline,Heuristic,0.11,1.01,0.307,0.005,0.0,,False,False
22:15:48,Baseline,Deep_Learning,2.34,146.79,,,,0.996,True,False
22:15:48,Baseline,Heuristic,0.11,1.01,0.307,0.005,0.0,,False,False
22:15:48,Baseline,Deep_Learning,2.22,147.01,,,,0.996,True,False
22:15:48,Baseline,Heuristic,0.11,1.01,0.307,0.005,0.0,,False,False
22:15:48,Baseline,Deep_Learning,2.24,147.01,,,,0.996,True,False
22:15:48,Baseline,Heuristic,0.11,1.01,0.307,0.005,0.0,,False,False
22:15:48,Baseline,Deep_Learning,2.33,147.01,,,,0.996,True,False
22:15:48,Baseline,Heuristic,0.11,1.01,0.307,0.005,0.0,,False,False
22:15:48,Baseline,Deep_Learning,2.3,146.79,,,,0.996,True,False
22:15:48,Baseline,Heuristic,0.11,1.01,0.308,0.005,0.0,,False,False
22:15:48,Baseline,Deep_Learning,2.39,146.79,,,,0.996,True,False
22:15:48,Baseline,Heuristic,0.11,1.01,0.308,0.005,0.0,,False,False
22:15:48,Baseline,Deep_Learning,2.45,146.53,,,,0.996,True,False
22:15:48,Baseline,Heuristic,0.11,1.01,0.308,0.005,0.0,,False,False
22:15:48,Baseline,Deep_Learning,2.41,146.79,,,,0.996,True,False
22:15:48,Baseline,Heuristic,0.11,1.01,0.308,0.005,0.0,,False,False
22:15:48,Baseline,Deep_Learning,2.44,147.01,,,,0.996,True,False
22:15:49,Baseline,Heuristic,0.12,1.01,0.309,0.005,0.0,,False,False
22:15:49,Baseline,Deep_Learning,2.58,147.01,,,,0.996,True,False
22:15:49,Baseline,Heuristic,0.11,1.01,0.309,0.005,0.0,,False,False
22:15:49,Baseline,Deep_Learning,2.28,146.75,,,,0.996,True,False
22:15:49,Baseline,Heuristic,0.11,1.01,0.309,0.005,0.0,,False,False
22:15:49,Baseline,Deep_Learning,2.34,146.75,,,,0.996,True,False
22:15:49,Baseline,Heuristic,0.1,1.01,0.31,0.005,0.0,,False,False
22:15:49,Baseline,Deep_Learning,2.25,146.75,,,,0.996,True,False
22:15:49,Baseline,Heuristic,0.1,1.01,0.31,0.005,0.0,,False,False
22:15:49,Baseline,Deep_Learning,2.2,146.75,,,,0.996,True,False
22:15:49,Baseline,Heuristic,0.11,1.01,0.31,0.005,0.0,,False,False
22:15:49,Baseline,Deep_Learning,2.24,146.75,,,,0.996,True,False
22:15:49,Baseline,Heuristic,0.11,1.01,0.311,0.005,0.0,,False,False
22:15:49,Baseline,Deep_Learning,2.3,147.23,,,,0.996,True,False
22:15:49,Baseline,Heuristic,0.11,1.01,0.311,0.005,0.0,,False,False
22:15:49,Baseline,Deep_Learning,2.5,147.01,,,,0.996,True,False
22:15:49,Baseline,Heuristic,0.11,1.01,0.311,0.005,0.0,,False,False
22:15:49,Baseline,Deep_Learning,2.39,147.04,,,,0.996,True,False
22:15:49,Baseline,Heuristic,0.1,1.01,0.311,0.005,0.0,,False,False
22:15:49,Baseline,Deep_Learning,2.37,147.29,,,,0.996,True,False
22:15:49,Baseline,Heuristic,0.1,1.01,0.311,0.005,0.0,,False,False
22:15:49,Baseline,Deep_Learning,2.4,147.04,,,,0.996,True,False
22:15:49,Baseline,Heuristic,0.13,1.01,0.312,0.005,0.0,,False,False
22:15:49,Baseline,Deep_Learning,2.34,147.04,,,,0.988,True,False
22:15:49,Baseline,Heuristic,0.1,1.01,0.312,0.005,0.0,,False,False
22:15:49,Baseline,Deep_Learning,2.17,146.56,,,,0.992,True,False
22:15:49,Baseline,Heuristic,0.1,1.01,0.312,0.005,0.0,,False,False
22:15:49,Baseline,Deep_Learning,2.19,145.89,,,,0.977,True,False
22:15:50,Baseline,Heuristic,0.1,1.01,0.311,0.005,0.0,,False,False
22:15:50,Baseline,Deep_Learning,2.16,145.45,,,,0.992,True,False
22:15:50,Baseline,Heuristic,0.11,1.27,0.31,0.005,0.0,,False,False
22:15:50,Baseline,Deep_Learning,2.25,145.45,,,,0.992,True,False
22:15:50,Baseline,Heuristic,0.1,1.01,0.309,0.005,0.0,,False,False
22:15:50,Baseline,Deep_Learning,2.23,145.47,,,,0.992,True,False
22:15:50,Baseline,Heuristic,0.11,1.01,0.307,0.005,0.0,,False,False
22:15:50,Baseline,Deep_Learning,2.31,145.47,,,,0.992,True,False
22:15:50,Baseline,Heuristic,0.11,1.01,0.305,0.005,0.0,,False,False
22:15:50,Baseline,Deep_Learning,2.53,145.23,,,,0.977,True,False
22:15:50,Baseline,Heuristic,0.1,1.01,0.303,0.005,0.0,,False,False
22:15:50,Baseline,Deep_Learning,2.37,144.98,,,,0.996,True,False
22:15:50,Baseline,Heuristic,0.1,1.01,0.302,0.005,0.0,,False,False
22:15:50,Baseline,Deep_Learning,2.17,144.54,,,,0.992,True,False
22:15:50,Baseline,Heuristic,0.11,1.01,0.3,0.005,0.0,,False,False
22:15:50,Baseline,Deep_Learning,2.27,144.76,,,,0.984,True,False
22:15:50,Baseline,Heuristic,0.1,1.01,0.298,0.005,0.0,,False,False
22:15:50,Baseline,Deep_Learning,2.24,144.98,,,,0.984,True,False
22:15:50,Baseline,Heuristic,0.1,1.01,0.297,0.005,0.0,,False,False
22:15:50,Baseline,Deep_Learning,2.22,144.98,,,,0.984,True,False
22:15:50,Baseline,Heuristic,0.11,1.01,0.296,0.005,0.0,,False,False
22:15:50,Baseline,Deep_Learning,2.21,144.98,,,,0.996,True,False
22:15:50,Baseline,Heuristic,0.1,1.01,0.295,0.005,0.0,,False,False
22:15:50,Baseline,Deep_Learning,2.2,145.2,,,,0.996,True,False
22:15:51,Baseline,Heuristic,0.1,1.01,0.294,0.005,0.0,,False,False
22:15:51,Baseline,Deep_Learning,2.15,145.2,,,,0.984,True,False
22:15:51,Baseline,Heuristic,0.1,1.01,0.293,0.005,0.0,,False,False
22:15:51,Baseline,Deep_Learning,2.23,145.42,,,,0.98,True,False
22:15:51,Baseline,Heuristic,0.1,1.01,0.292,0.005,0.0,,False,False
22:15:51,Baseline,Deep_Learning,2.25,145.42,,,,0.98,True,False
22:15:51,Baseline,Heuristic,0.1,1.01,0.291,0.005,0.0,,False,False
22:15:51,Baseline,Deep_Learning,2.2,145.42,,,,0.996,True,False
22:15:51,Baseline,Heuristic,0.11,1.01,0.29,0.005,0.0,,False,False
22:15:51,Baseline,Deep_Learning,2.23,145.42,,,,0.996,True,False
22:15:51,Baseline,Heuristic,0.11,1.27,0.29,0.005,0.0,,False,False
22:15:51,Baseline,Deep_Learning,2.24,145.65,,,,0.973,True,False
22:15:51,Baseline,Heuristic,0.1,1.01,0.29,0.005,0.0,,False,False
22:15:51,Baseline,Deep_Learning,2.15,147.2,,,,0.883,True,False
22:15:51,Baseline,Heuristic,0.1,1.01,0.291,0.005,0.0,,False,False
22:15:51,Baseline,Deep_Learning,2.74,147.86,,,,0.988,True,False
22:15:51,Baseline,Heuristic,0.1,1.01,0.293,0.005,0.0,,False,False
22:15:51,Baseline,Deep_Learning,2.18,149.31,,,,0.996,True,False
22:15:51,Baseline,Heuristic,0.28,1.01,0.295,0.005,0.0,,False,False
22:15:51,Baseline,Deep_Learning,5.44,148.41,,,,0.996,True,False
22:15:51,Baseline,Heuristic,0.1,1.01,0.296,0.005,0.0,,False,False
22:15:51,Baseline,Deep_Learning,2.15,149.15,,,,0.996,True,False
22:15:51,Baseline,Heuristic,0.11,1.01,0.298,0.005,0.0,,False,False
22:15:51,Baseline,Deep_Learning,2.17,149.35,,,,0.977,True,False
22:15:51,Baseline,Heuristic,0.11,1.01,0.299,0.005,0.0,,False,False
22:15:51,Baseline,Deep_Learning,2.17,148.89,,,,0.918,True,False
22:15:51,Baseline,Heuristic,0.1,1.01,0.3,0.005,0.0,,False,False
22:15:51,Baseline,Deep_Learning,2.28,148.89,,,,0.918,True,False
22:15:51,Baseline,Heuristic,0.1,1.01,0.301,0.005,0.0,,False,False
22:15:51,Baseline,Deep_Learning,2.19,148.41,,,,0.984,True,False
22:15:51,Baseline,Heuristic,0.1,1.01,0.301,0.005,0.0,,False,False
22:15:51,Baseline,Deep_Learning,2.21,148.41,,,,0.883,True,False
22:15:52,Baseline,Heuristic,0.1,1.01,0.302,0.005,0.0,,False,False
22:15:52,Baseline,Deep_Learning,2.15,148.41,,,,0.75,False,False
22:15:52,Baseline,Heuristic,0.1,1.01,0.302,0.005,0.0,,False,False
22:15:52,Baseline,Deep_Learning,2.22,148.16,,,,0.863,True,False
22:15:52,Baseline,Heuristic,0.1,1.01,0.303,0.005,0.0,,False,False
22:15:52,Baseline,Deep_Learning,2.13,148.16,,,,0.918,True,False
22:15:52,Baseline,Heuristic,0.12,1.01,0.304,0.005,0.0,,False,False
22:15:52,Baseline,Deep_Learning,2.17,148.16,,,,0.93,True,False
22:15:52,Baseline,Heuristic,0.1,1.01,0.304,0.004,0.0,,False,False
22:15:52,Baseline,Deep_Learning,2.16,148.64,,,,0.84,True,False
22:15:52,Baseline,Heuristic,0.1,1.01,0.304,0.004,0.0,,False,False
22:15:52,Baseline,Deep_Learning,2.13,148.64,,,,0.84,True,False
22:15:52,Baseline,Heuristic,0.1,1.01,0.305,0.004,0.0,,False,False
22:15:52,Baseline,Deep_Learning,2.16,148.64,,,,0.957,True,False
22:15:52,Baseline,Heuristic,0.1,1.01,0.305,0.004,0.0,,False,False
22:15:52,Baseline,Deep_Learning,2.18,148.64,,,,0.883,True,False
22:15:52,Baseline,Heuristic,0.1,1.01,0.305,0.004,0.0,,False,False
22:15:52,Baseline,Deep_Learning,2.19,148.64,,,,0.883,True,False
22:15:52,Baseline,Heuristic,0.11,1.01,0.305,0.004,0.0,,False,False
22:15:52,Baseline,Deep_Learning,2.3,148.64,,,,0.957,True,False
22:15:52,Baseline,Heuristic,0.1,1.01,0.305,0.004,0.0,,False,False
22:15:52,Baseline,Deep_Learning,2.16,148.64,,,,0.984,True,False
22:15:52,Baseline,Heuristic,0.11,1.01,0.305,0.004,0.0,,False,False
22:15:52,Baseline,Deep_Learning,2.29,148.41,,,,0.98,True,False
22:15:52,Baseline,Heuristic,0.1,1.01,0.306,0.004,0.0,,False,False
22:15:52,Baseline,Deep_Learning,2.18,148.64,,,,0.973,True,False
22:15:52,Baseline,Heuristic,0.1,1.01,0.306,0.004,0.0,,False,False
22:15:52,Baseline,Deep_Learning,2.15,148.41,,,,0.988,True,False
22:15:53,Baseline,Heuristic,0.1,1.01,0.306,0.004,0.0,,False,False
22:15:53,Baseline,Deep_Learning,2.16,148.89,,,,0.965,True,False
22:15:53,Baseline,Heuristic,0.1,1.01,0.307,0.004,0.0,,False,False
22:15:53,Baseline,Deep_Learning,2.15,148.64,,,,0.883,True,False
22:15:53,Baseline,Heuristic,0.11,1.01,0.307,0.004,0.0,,False,False
22:15:53,Baseline,Deep_Learning,2.15,148.38,,,,0.918,True,False
22:15:53,Baseline,Heuristic,0.1,1.01,0.307,0.004,0.0,,False,False
22:15:53,Baseline,Deep_Learning,2.19,148.64,,,,0.84,True,False
22:15:53,Baseline,Heuristic,0.1,1.01,0.307,0.004,0.0,,False,False
22:15:53,Baseline,Deep_Learning,2.2,148.16,,,,0.98,True,False
22:15:53,Baseline,Heuristic,0.1,1.01,0.307,0.004,0.0,,False,False
22:15:53,Baseline,Deep_Learning,2.21,148.16,,,,0.98,True,False
22:15:53,Baseline,Heuristic,0.11,1.01,0.305,0.004,0.0,,False,False
22:15:53,Baseline,Deep_Learning,2.36,147.68,,,,0.93,True,False
22:15:53,Baseline,Heuristic,0.1,1.01,0.302,0.004,0.0,,False,False
22:15:53,Baseline,Deep_Learning,2.14,146.87,,,,0.0,False,False
22:15:53,Baseline,Heuristic,0.1,1.01,0.299,0.004,0.0,,False,False
22:15:53,Baseline,Deep_Learning,2.19,146.87,,,,0.0,False,False
22:15:53,Baseline,Heuristic,0.1,1.01,0.296,0.004,0.0,,False,False
22:15:53,Baseline,Deep_Learning,2.17,145.31,,,,0.004,False,False
22:15:53,Baseline,Heuristic,0.1,1.01,0.294,0.004,0.0,,False,False
22:15:53,Baseline,Deep_Learning,2.23,142.62,,,,0.0,False,False
22:15:53,Baseline,Heuristic,0.1,1.01,0.293,0.004,0.0,,False,False
22:15:53,Baseline,Deep_Learning,2.21,142.19,,,,0.0,False,False
22:15:53,Baseline,Heuristic,0.11,1.01,0.292,0.004,0.0,,False,False
22:15:53,Baseline,Deep_Learning,2.26,142.43,,,,0.0,False,False
22:15:53,Baseline,Heuristic,0.1,1.01,0.292,0.005,0.0,,False,False
22:15:53,Baseline,Deep_Learning,2.22,142.02,,,,0.0,False,False
22:15:54,Baseline,Heuristic,0.1,1.01,0.291,0.005,0.0,,False,False
22:15:54,Baseline,Deep_Learning,2.3,141.37,,,,0.0,False,False
22:15:54,Baseline,Heuristic,0.1,1.01,0.291,0.005,0.0,,False,False
22:15:54,Baseline,Deep_Learning,2.25,141.59,,,,0.0,False,False
22:15:54,Baseline,Heuristic,0.12,1.01,0.29,0.005,0.0,,False,False
22:15:54,Baseline,Deep_Learning,2.23,141.61,,,,0.0,False,False
22:15:54,Baseline,Heuristic,0.11,1.01,0.291,0.005,0.0,,False,False
22:15:54,Baseline,Deep_Learning,2.22,144.65,,,,0.0,False,False
22:15:54,Baseline,Heuristic,0.1,1.01,0.292,0.005,0.0,,False,False
22:15:54,Baseline,Deep_Learning,2.27,144.9,,,,0.0,False,False
22:15:54,Baseline,Heuristic,0.1,1.01,0.293,0.005,0.0,,False,False
22:15:54,Baseline,Deep_Learning,2.23,144.46,,,,0.0,False,False
22:15:54,Baseline,Heuristic,0.11,1.01,0.294,0.005,0.0,,False,False
22:15:54,Baseline,Deep_Learning,2.39,144.68,,,,0.988,True,False
22:15:54,Baseline,Heuristic,0.11,1.27,0.296,0.005,0.0,,False,False
22:15:54,Baseline,Deep_Learning,2.36,145.12,,,,0.547,False,False
22:15:54,Baseline,Heuristic,0.1,1.01,0.297,0.005,0.0,,False,False
22:15:54,Baseline,Deep_Learning,2.33,145.84,,,,0.996,True,False
22:15:54,Baseline,Heuristic,0.1,1.01,0.298,0.005,0.0,,False,False
22:15:54,Baseline,Deep_Learning,2.2,146.56,,,,0.984,True,False
22:15:54,Baseline,Heuristic,0.11,1.01,0.299,0.005,0.0,,False,False
22:15:54,Baseline,Deep_Learning,2.39,147.04,,,,0.547,False,False
22:15:54,Baseline,Heuristic,0.11,1.01,0.299,0.005,0.0,,False,False
22:15:54,Baseline,Deep_Learning,2.28,147.29,,,,0.988,True,False
22:15:54,Baseline,Heuristic,0.11,1.01,0.3,0.005,0.0,,False,False
22:15:54,Baseline,Deep_Learning,2.34,147.96,,,,0.992,True,False
22:15:54,Baseline,Heuristic,0.1,1.01,0.3,0.005,0.0,,False,False
22:15:54,Baseline,Deep_Learning,2.16,147.93,,,,0.977,True,False
22:15:54,Baseline,Heuristic,0.1,1.01,0.301,0.006,0.0,,False,True
22:15:54,Baseline,Deep_Learning,2.22,148.67,,,,0.93,True,True
22:15:55,Baseline,Heuristic,0.1,1.01,0.302,0.006,0.0,,False,True
22:15:55,Baseline,Deep_Learning,2.19,148.67,,,,0.93,True,True
22:15:55,Baseline,Heuristic,0.11,1.01,0.302,0.006,0.0,,False,True
22:15:55,Baseline,Deep_Learning,2.32,148.41,,,,0.973,True,True
22:15:55,Baseline,Heuristic,0.1,1.01,0.303,0.006,0.0,,False,True
22:15:55,Baseline,Deep_Learning,2.12,148.89,,,,0.75,False,True
22:15:55,Baseline,Heuristic,0.12,1.01,0.303,0.006,0.0,,False,True
22:15:55,Baseline,Deep_Learning,2.17,148.64,,,,0.75,False,True
22:15:55,Baseline,Heuristic,0.11,1.01,0.304,0.006,0.0,,False,True
22:15:55,Baseline,Deep_Learning,2.19,148.64,,,,0.75,False,True
22:15:55,Baseline,Heuristic,0.13,1.01,0.305,0.006,0.0,,False,True
22:15:55,Baseline,Deep_Learning,2.24,148.41,,,,0.285,False,True
22:15:55,Baseline,Heuristic,0.11,1.01,0.306,0.006,0.0,,False,True
22:15:55,Baseline,Deep_Learning,2.15,148.19,,,,0.977,True,True
22:15:55,Baseline,Heuristic,0.13,1.01,0.307,0.006,0.0,,False,True
22:15:55,Baseline,Deep_Learning,2.23,148.19,,,,0.715,False,True
22:15:55,Baseline,Heuristic,0.1,1.01,0.308,0.006,0.0,,False,True
22:15:55,Baseline,Deep_Learning,2.13,148.19,,,,0.949,True,True
22:15:55,Baseline,Heuristic,0.12,1.01,0.309,0.006,0.0,,False,True
22:15:55,Baseline,Deep_Learning,2.23,148.19,,,,0.949,True,True
22:15:55,Baseline,Heuristic,0.11,1.01,0.309,0.006,0.0,,False,True
22:15:55,Baseline,Deep_Learning,2.3,147.96,,,,0.988,True,True
22:15:55,Baseline,Heuristic,0.1,1.01,0.31,0.006,0.0,,False,True
22:15:55,Baseline,Deep_Learning,2.14,147.71,,,,0.996,True,True
22:15:55,Baseline,Heuristic,0.11,1.01,0.311,0.005,0.0,,False,True
22:15:55,Baseline,Deep_Learning,2.32,147.96,,,,0.984,True,True
22:15:55,Baseline,Heuristic,0.1,1.01,0.312,0.005,0.0,,False,True
22:15:55,Baseline,Deep_Learning,2.15,148.19,,,,0.902,True,True
22:15:56,Baseline,Heuristic,0.1,1.01,0.312,0.005,0.0,,False,True
22:15:56,Baseline,Deep_Learning,2.37,148.19,,,,0.812,True,True
22:15:56,Baseline,Heuristic,0.1,1.01,0.313,0.005,0.0,,False,True
22:15:56,Baseline,Deep_Learning,2.52,148.19,,,,0.992,True,True
22:15:56,Baseline,Heuristic,0.1,1.01,0.313,0.005,0.0,,False,True
22:15:56,Baseline,Deep_Learning,2.14,148.19,,,,0.992,True,True
22:15:56,Baseline,Heuristic,0.1,1.01,0.313,0.005,0.0,,False,True
22:15:56,Baseline,Deep_Learning,2.17,148.19,,,,0.984,True,True
22:15:56,Baseline,Heuristic,0.11,1.01,0.314,0.005,0.0,,False,True
22:15:56,Baseline,Deep_Learning,2.27,148.44,,,,0.977,True,True
22:15:56,Baseline,Heuristic,0.11,1.01,0.314,0.005,0.0,,False,True
22:15:56,Baseline,Deep_Learning,2.22,148.44,,,,0.996,True,True
22:15:56,Baseline,Heuristic,0.11,1.01,0.315,0.005,0.0,,False,True
22:15:56,Baseline,Deep_Learning,2.24,148.19,,,,0.984,True,True
22:15:56,Baseline,Heuristic,0.11,1.01,0.315,0.005,0.0,,False,True
22:15:56,Baseline,Deep_Learning,2.26,148.44,,,,0.988,True,True
22:15:56,Baseline,Heuristic,0.11,1.01,0.316,0.005,0.0,,False,True
22:15:56,Baseline,Deep_Learning,2.32,147.96,,,,0.977,True,True
22:15:56,Baseline,Heuristic,0.11,1.01,0.316,0.005,0.0,,False,True
22:15:56,Baseline,Deep_Learning,2.31,147.96,,,,0.977,True,True
22:15:56,Baseline,Heuristic,0.1,1.01,0.316,0.005,0.0,,False,True
22:15:56,Baseline,Deep_Learning,2.24,148.22,,,,0.812,True,True
22:15:56,Baseline,Heuristic,0.1,1.01,0.317,0.005,0.0,,False,True
22:15:56,Baseline,Deep_Learning,2.13,147.96,,,,0.996,True,True
22:15:56,Baseline,Heuristic,0.1,1.01,0.317,0.005,0.0,,False,True
22:15:56,Baseline,Deep_Learning,2.21,147.74,,,,0.965,True,True
22:15:56,Baseline,Heuristic,0.1,1.01,0.317,0.005,0.0,,False,True
22:15:56,Baseline,Deep_Learning,2.16,147.74,,,,0.965,True,True
22:15:57,Baseline,Heuristic,0.1,1.01,0.316,0.005,0.0,,False,True
22:15:57,Baseline,Deep_Learning,2.58,147.96,,,,0.996,True,True
22:15:57,Baseline,Heuristic,0.11,1.01,0.316,0.005,0.0,,False,True
22:15:57,Baseline,Deep_Learning,2.2,147.74,,,,0.984,True,True
22:15:57,Baseline,Heuristic,0.11,1.01,0.316,0.005,0.0,,False,True
22:15:57,Baseline,Deep_Learning,2.19,147.74,,,,0.996,True,True
22:15:57,Baseline,Heuristic,0.1,1.01,0.315,0.004,0.0,,False,True
22:15:57,Baseline,Deep_Learning,2.16,147.96,,,,0.93,True,True
22:15:57,Baseline,Heuristic,0.1,1.01,0.315,0.004,0.0,,False,True
22:15:57,Baseline,Deep_Learning,2.14,147.96,,,,0.93,True,True
22:15:57,Baseline,Heuristic,0.1,1.01,0.315,0.004,0.0,,False,True
22:15:57,Baseline,Deep_Learning,2.19,147.96,,,,0.863,True,True
22:15:57,Baseline,Heuristic,0.11,1.01,0.315,0.004,0.0,,False,True
22:15:57,Baseline,Deep_Learning,2.17,147.96,,,,0.93,True,True
22:15:57,Baseline,Heuristic,0.1,1.01,0.315,0.004,0.0,,False,True
22:15:57,Baseline,Deep_Learning,2.26,147.96,,,,0.93,True,True
22:15:57,Baseline,Heuristic,0.1,1.01,0.314,0.004,0.0,,False,True
22:15:57,Baseline,Deep_Learning,2.18,147.74,,,,0.941,True,True
22:15:57,Baseline,Heuristic,0.11,1.01,0.312,0.004,0.0,,False,True
22:15:57,Baseline,Deep_Learning,2.31,147.26,,,,0.863,True,True
22:15:57,Baseline,Heuristic,0.1,1.01,0.309,0.004,0.0,,False,True
22:15:57,Baseline,Deep_Learning,2.16,147.77,,,,0.957,True,True
22:15:57,Baseline,Heuristic,0.1,1.01,0.307,0.004,0.0,,False,True
22:15:57,Baseline,Deep_Learning,2.54,147.29,,,,0.965,True,True
22:15:57,Baseline,Heuristic,0.1,1.01,0.303,0.004,0.0,,False,True
22:15:57,Baseline,Deep_Learning,2.36,147.54,,,,0.973,True,True
22:15:57,Baseline,Heuristic,0.1,1.01,0.3,0.004,0.0,,False,True
22:15:57,Baseline,Deep_Learning,2.17,147.48,,,,0.285,False,True
22:15:57,Baseline,Heuristic,0.1,1.01,0.298,0.004,0.0,,False,True
22:15:57,Baseline,Deep_Learning,2.17,147.74,,,,0.051,False,True
22:15:58,Baseline,Heuristic,0.1,1.01,0.296,0.004,0.0,,False,True
22:15:58,Baseline,Deep_Learning,2.43,147.51,,,,0.188,False,True
22:15:58,Baseline,Heuristic,0.1,1.01,0.294,0.004,0.0,,False,True
22:15:58,Baseline,Deep_Learning,2.15,147.74,,,,0.0,False,True
22:15:58,Baseline,Heuristic,0.1,1.01,0.293,0.004,0.0,,False,True
22:15:58,Baseline,Deep_Learning,2.18,147.74,,,,0.0,False,True
22:15:58,Baseline,Heuristic,0.1,1.01,0.293,0.004,0.0,,False,True
22:15:58,Baseline,Deep_Learning,2.21,147.74,,,,0.363,False,True
22:15:58,Baseline,Heuristic,0.11,1.01,0.293,0.004,0.0,,False,True
22:15:58,Baseline,Deep_Learning,2.41,147.51,,,,0.188,False,True
22:15:58,Baseline,Heuristic,0.1,1.01,0.294,0.004,0.0,,False,True
22:15:58,Baseline,Deep_Learning,2.12,147.48,,,,0.188,False,True
22:15:58,Baseline,Heuristic,0.1,1.01,0.295,0.004,0.0,,False,True
22:15:58,Baseline,Deep_Learning,2.21,147.48,,,,0.004,False,True
22:15:58,Baseline,Heuristic,0.11,1.01,0.296,0.004,0.0,,False,True
22:15:58,Baseline,Deep_Learning,2.26,147.48,,,,0.004,False,True
22:15:58,Baseline,Heuristic,0.1,1.01,0.298,0.005,0.0,,False,True
22:15:58,Baseline,Deep_Learning,2.2,147.48,,,,0.012,False,True
22:15:58,Baseline,Heuristic,0.11,1.01,0.298,0.005,0.0,,False,True
22:15:58,Baseline,Deep_Learning,2.2,147.48,,,,0.059,False,True
22:15:58,Baseline,Heuristic,0.11,1.01,0.299,0.005,0.0,,False,True
22:15:58,Baseline,Deep_Learning,2.31,147.23,,,,0.082,False,True
22:15:58,Baseline,Heuristic,0.1,1.01,0.301,0.005,0.0,,False,True
22:15:58,Baseline,Deep_Learning,2.23,147.23,,,,0.027,False,True
22:15:58,Baseline,Heuristic,0.15,1.01,0.302,0.005,0.0,,False,True
22:15:58,Baseline,Deep_Learning,3.36,147.23,,,,0.043,False,True
22:15:58,Baseline,Heuristic,0.1,1.01,0.303,0.005,0.0,,False,True
22:15:58,Baseline,Deep_Learning,2.19,147.23,,,,0.043,False,True
22:15:59,Baseline,Heuristic,0.1,1.01,0.303,0.005,0.0,,False,True
22:15:59,Baseline,Deep_Learning,2.14,147.23,,,,0.008,False,True
22:15:59,Baseline,Heuristic,0.15,1.01,0.304,0.005,0.0,,False,True
22:15:59,Baseline,Deep_Learning,2.14,147.23,,,,0.027,False,True
22:15:59,Baseline,Heuristic,0.11,1.01,0.305,0.005,0.0,,False,True
22:15:59,Baseline,Deep_Learning,2.29,147.23,,,,0.027,False,True
22:15:59,Baseline,Heuristic,0.11,1.01,0.306,0.005,0.0,,False,True
22:15:59,Baseline,Deep_Learning,2.2,147.45,,,,0.012,False,True
22:15:59,Baseline,Heuristic,0.1,1.01,0.308,0.005,0.0,,False,True
22:15:59,Baseline,Deep_Learning,2.19,147.51,,,,0.016,False,True
22:15:59,Baseline,Heuristic,0.11,1.01,0.309,0.005,0.0,,False,True
22:15:59,Baseline,Deep_Learning,2.19,147.26,,,,0.016,False,True
22:15:59,Baseline,Heuristic,0.11,1.01,0.31,0.005,0.0,,False,True
22:15:59,Baseline,Deep_Learning,2.25,147.77,,,,0.051,False,True
22:15:59,Baseline,Heuristic,0.11,1.01,0.311,0.005,0.0,,False,True
22:15:59,Baseline,Deep_Learning,2.32,147.51,,,,0.0,False,True
22:15:59,Baseline,Heuristic,0.11,1.01,0.313,0.005,0.0,,False,True
22:15:59,Baseline,Deep_Learning,2.28,147.51,,,,0.004,False,True
22:15:59,Baseline,Heuristic,0.11,1.01,0.314,0.005,0.0,,False,True
22:15:59,Baseline,Deep_Learning,2.23,147.51,,,,0.0,False,True
22:15:59,Baseline,Heuristic,0.11,1.01,0.315,0.005,0.0,,False,True
22:15:59,Baseline,Deep_Learning,2.33,147.51,,,,0.715,False,True
22:15:59,Baseline,Heuristic,0.11,1.01,0.315,0.005,0.0,,False,True
22:15:59,Baseline,Deep_Learning,2.3,147.26,,,,0.676,False,True
22:15:59,Baseline,Heuristic,0.11,1.01,0.316,0.005,0.0,,False,True
22:15:59,Baseline,Deep_Learning,2.29,147.01,,,,0.098,False,True
22:15:59,Baseline,Heuristic,0.11,1.01,0.317,0.005,0.0,,False,True
22:15:59,Baseline,Deep_Learning,2.17,146.56,,,,0.25,False,True
22:15:59,Baseline,Heuristic,0.11,1.01,0.317,0.005,0.0,,False,True
22:15:59,Baseline,Deep_Learning,3.24,146.56,,,,0.25,False,True
22:16:00,Baseline,Heuristic,0.1,1.01,0.317,0.005,0.0,,False,True
22:16:00,Baseline,Deep_Learning,2.16,146.34,,,,0.996,True,True
22:16:00,Baseline,Heuristic,0.1,1.01,0.317,0.005,0.0,,False,True
22:16:00,Baseline,Deep_Learning,3.51,146.34,,,,0.84,True,True
22:16:00,Baseline,Heuristic,0.11,1.01,0.317,0.005,0.0,,False,True
22:16:00,Baseline,Deep_Learning,2.25,146.59,,,,0.941,True,True
22:16:00,Baseline,Heuristic,0.1,1.01,0.317,0.005,0.0,,False,True
22:16:00,Baseline,Deep_Learning,2.2,146.59,,,,0.996,True,True
22:16:00,Baseline,Heuristic,0.11,1.01,0.317,0.005,0.0,,False,True
22:16:00,Baseline,Deep_Learning,2.16,146.34,,,,0.98,True,True
22:16:00,Baseline,Heuristic,0.13,1.01,0.316,0.005,0.0,,False,True
22:16:00,Baseline,Deep_Learning,2.32,146.34,,,,0.98,True,True
22:16:00,Baseline,Heuristic,0.11,1.01,0.316,0.005,0.0,,False,True
22:16:00,Baseline,Deep_Learning,2.23,146.62,,,,0.941,True,True
22:16:00,Baseline,Heuristic,0.1,1.01,0.316,0.005,0.0,,False,True
22:16:00,Baseline,Deep_Learning,2.19,146.64,,,,0.59,False,True
22:16:00,Baseline,Heuristic,0.11,1.01,0.315,0.005,0.0,,False,True
22:16:00,Baseline,Deep_Learning,2.26,146.89,,,,0.785,False,True
22:16:00,Baseline,Heuristic,0.1,1.01,0.315,0.005,0.0,,False,True
22:16:00,Baseline,Deep_Learning,2.25,146.14,,,,0.043,False,True
22:16:00,Baseline,Heuristic,0.11,1.01,0.314,0.005,0.0,,False,True
22:16:00,Baseline,Deep_Learning,2.25,146.14,,,,0.035,False,True
22:16:00,Baseline,Heuristic,0.11,1.01,0.314,0.004,0.0,,False,True
22:16:00,Baseline,Deep_Learning,2.36,145.4,,,,0.016,False,True
22:16:00,Baseline,Heuristic,0.1,1.01,0.313,0.004,0.0,,False,True
22:16:00,Baseline,Deep_Learning,2.22,145.62,,,,0.004,False,True
22:16:00,Baseline,Heuristic,0.1,1.01,0.313,0.004,0.0,,False,True
22:16:00,Baseline,Deep_Learning,2.2,145.62,,,,0.004,False,True
22:16:01,Baseline,Heuristic,0.1,1.01,0.313,0.004,0.0,,False,True
22:16:01,Baseline,Deep_Learning,2.27,145.59,,,,0.008,False,True
22:16:01,Baseline,Heuristic,0.11,1.01,0.314,0.004,0.0,,False,True
22:16:01,Baseline,Deep_Learning,2.19,145.78,,,,0.676,False,True
22:16:01,Baseline,Heuristic,0.1,1.01,0.314,0.004,0.0,,False,True
22:16:01,Baseline,Deep_Learning,2.15,145.78,,,,0.453,False,True
22:16:01,Baseline,Heuristic,0.11,1.01,0.315,0.004,0.0,,False,True
22:16:01,Baseline,Deep_Learning,2.19,145.74,,,,0.082,False,True
22:16:01,Baseline,Heuristic,0.1,1.01,0.315,0.004,0.0,,False,True
22:16:01,Baseline,Deep_Learning,2.2,146.21,,,,0.137,False,True
22:16:01,Baseline,Heuristic,0.1,1.01,0.316,0.004,0.0,,False,True
22:16:01,Baseline,Deep_Learning,2.21,146.21,,,,0.137,False,True
22:16:01,Baseline,Heuristic,0.11,1.01,0.316,0.004,0.0,,False,True
22:16:01,Baseline,Deep_Learning,2.22,146.21,,,,0.004,False,True
22:16:01,Baseline,Heuristic,0.11,1.01,0.316,0.004,0.0,,False,True
22:16:01,Baseline,Deep_Learning,2.38,146.25,,,,0.016,False,True
22:16:01,Baseline,Heuristic,0.1,1.01,0.316,0.004,0.0,,False,True
22:16:01,Baseline,Deep_Learning,2.18,146.75,,,,0.016,False,True
22:16:01,Baseline,Heuristic,0.1,1.01,0.315,0.005,0.0,,False,True
22:16:01,Baseline,Deep_Learning,2.29,147.01,,,,0.137,False,True
22:16:01,Baseline,Heuristic,0.1,1.01,0.313,0.005,0.0,,False,True
22:16:01,Baseline,Deep_Learning,2.17,146.5,,,,0.016,False,True
22:16:01,Baseline,Heuristic,0.11,1.01,0.311,0.005,0.0,,False,True
22:16:01,Baseline,Deep_Learning,2.47,146.5,,,,0.051,False,True
22:16:01,Baseline,Heuristic,0.11,1.01,0.307,0.005,0.0,,False,True
22:16:01,Baseline,Deep_Learning,2.25,146.75,,,,0.07,False,True
22:16:01,Baseline,Heuristic,0.1,1.01,0.304,0.005,0.0,,False,True
22:16:01,Baseline,Deep_Learning,2.15,147.45,,,,0.918,True,True
22:16:01,Baseline,Heuristic,0.11,1.01,0.3,0.005,0.0,,False,True
22:16:01,Baseline,Deep_Learning,2.27,147.45,,,,0.918,True,True
22:16:02,Baseline,Heuristic,0.1,1.01,0.296,0.004,0.0,,False,True
22:16:02,Baseline,Deep_Learning,2.18,147.04,,,,0.918,True,True
22:16:02,Baseline,Heuristic,0.1,1.01,0.292,0.004,0.0,,False,True
22:16:02,Baseline,Deep_Learning,2.4,146.81,,,,0.93,True,True
22:16:02,Baseline,Heuristic,0.1,1.01,0.287,0.004,0.0,,False,True
22:16:02,Baseline,Deep_Learning,2.19,147.04,,,,0.984,True,True
22:16:02,Baseline,Heuristic,0.1,1.01,0.281,0.004,0.0,,False,True
22:16:02,Baseline,Deep_Learning,2.18,146.56,,,,0.996,True,True
22:16:02,Baseline,Heuristic,0.1,1.01,0.276,0.004,0.0,,False,True
22:16:02,Baseline,Deep_Learning,2.22,146.79,,,,0.996,True,True
22:16:02,Baseline,Heuristic,0.11,1.01,0.266,0.004,0.0,,False,True
22:16:02,Baseline,Deep_Learning,2.25,146.56,,,,0.996,True,True
22:16:02,Baseline,Heuristic,0.11,1.01,0.263,0.004,0.0,,False,True
22:16:02,Baseline,Deep_Learning,2.24,146.79,,,,0.98,True,True
22:16:02,Baseline,Heuristic,0.11,1.01,0.256,0.004,0.0,,False,True
22:16:02,Baseline,Deep_Learning,2.24,147.04,,,,0.965,True,True
22:16:02,Baseline,Heuristic,0.1,1.01,0.249,0.004,0.0,,False,True
22:16:02,Baseline,Deep_Learning,2.27,146.59,,,,0.996,True,True
22:16:02,Baseline,Heuristic,0.1,1.01,0.243,0.004,0.0,,False,True
22:16:02,Baseline,Deep_Learning,2.26,146.81,,,,0.965,True,True
22:16:02,Baseline,Heuristic,0.15,1.01,0.233,0.004,0.0,,False,True
22:16:02,Baseline,Deep_Learning,2.57,146.59,,,,0.918,True,True
22:16:02,Baseline,Heuristic,0.1,1.01,0.227,0.004,0.0,,False,True
22:16:02,Baseline,Deep_Learning,2.18,146.34,,,,0.75,False,True
22:16:02,Baseline,Heuristic,0.1,1.01,0.224,0.003,0.0,,False,True
22:16:02,Baseline,Deep_Learning,2.14,146.56,,,,0.676,False,True
22:16:02,Baseline,Heuristic,0.1,1.01,0.219,0.003,0.0,,False,True
22:16:02,Baseline,Deep_Learning,2.24,146.34,,,,0.84,True,True
22:16:03,Baseline,Heuristic,0.1,1.01,0.214,0.003,0.0,,False,True
22:16:03,Baseline,Deep_Learning,2.16,146.56,,,,0.863,True,True
22:16:03,Baseline,Heuristic,0.11,1.01,0.209,0.003,0.0,,False,True
22:16:03,Baseline,Deep_Learning,2.25,146.34,,,,0.812,True,True
22:16:03,Baseline,Heuristic,0.1,1.01,0.204,0.003,0.0,,False,True
22:16:03,Baseline,Deep_Learning,2.33,146.34,,,,0.812,True,True
22:16:03,Baseline,Heuristic,0.1,1.01,0.198,0.003,0.001,,False,True
22:16:03,Baseline,Deep_Learning,2.23,146.34,,,,0.715,False,True
22:16:03,Baseline,Heuristic,0.1,1.01,0.194,0.003,0.003,,False,True
22:16:03,Baseline,Deep_Learning,2.2,146.34,,,,0.84,True,True
22:16:03,Baseline,Heuristic,0.1,1.01,0.191,0.003,0.006,,False,True
22:16:03,Baseline,Deep_Learning,2.21,146.56,,,,0.785,False,True
22:16:03,Baseline,Heuristic,0.1,1.01,0.186,0.003,0.009,,False,True
22:16:03,Baseline,Deep_Learning,2.19,146.56,,,,0.5,False,True
22:16:03,Baseline,Heuristic,0.11,1.01,0.182,0.003,0.011,,False,True
22:16:03,Baseline,Deep_Learning,2.27,146.59,,,,0.324,False,True
22:16:03,Baseline,Heuristic,0.11,1.01,0.179,0.003,0.013,,False,True
22:16:03,Baseline,Deep_Learning,2.26,146.34,,,,0.883,True,True
22:16:03,Baseline,Heuristic,0.1,1.01,0.176,0.003,0.016,,False,True
22:16:03,Baseline,Deep_Learning,2.24,146.34,,,,0.5,False,True
22:16:03,Baseline,Heuristic,0.1,1.01,0.171,0.003,0.019,,False,True
22:16:03,Baseline,Deep_Learning,2.22,146.56,,,,0.941,True,True
22:16:03,Baseline,Heuristic,0.1,1.01,0.168,0.003,0.021,,False,True
22:16:03,Baseline,Deep_Learning,2.2,146.56,,,,0.941,True,True
22:16:03,Baseline,Heuristic,0.1,1.01,0.163,0.003,0.024,,False,True
22:16:03,Baseline,Deep_Learning,2.26,146.34,,,,0.41,False,True
22:16:04,Baseline,Heuristic,0.1,1.01,0.161,0.003,0.027,,False,True
22:16:04,Baseline,Deep_Learning,2.18,146.59,,,,0.59,False,True
22:16:04,Baseline,Heuristic,0.1,1.01,0.158,0.003,0.029,,False,True
22:16:04,Baseline,Deep_Learning,2.23,146.56,,,,0.453,False,True
22:16:04,Baseline,Heuristic,0.1,1.01,0.154,0.003,0.032,,False,True
22:16:04,Baseline,Deep_Learning,2.21,146.34,,,,0.93,True,True
22:16:04,Baseline,Heuristic,0.11,1.01,0.152,0.003,0.034,,False,True
22:16:04,Baseline,Deep_Learning,2.28,146.34,,,,0.93,True,True
22:16:04,Baseline,Heuristic,0.11,1.01,0.15,0.003,0.037,,False,True
22:16:04,Baseline,Deep_Learning,2.21,146.34,,,,0.547,False,True
22:16:04,Baseline,Heuristic,0.11,1.01,0.147,0.003,0.04,,False,True
22:16:04,Baseline,Deep_Learning,2.25,146.34,,,,0.918,True,True
22:16:04,Baseline,Heuristic,0.13,1.01,0.145,0.003,0.042,,False,True
22:16:04,Baseline,Deep_Learning,2.35,146.34,,,,0.715,False,True
22:16:04,Baseline,Heuristic,0.11,1.01,0.143,0.003,0.044,,False,True
22:16:04,Baseline,Deep_Learning,2.3,146.31,,,,0.785,False,True
22:16:04,Baseline,Heuristic,0.11,1.01,0.142,0.003,0.047,,False,True
22:16:04,Baseline,Deep_Learning,2.32,146.56,,,,0.918,True,True
22:16:04,Baseline,Heuristic,0.11,1.01,0.14,0.003,0.049,,False,True
22:16:04,Baseline,Deep_Learning,2.22,146.79,,,,0.75,False,True
22:16:04,Baseline,Heuristic,0.1,1.01,0.138,0.003,0.051,,False,True
22:16:04,Baseline,Deep_Learning,2.24,146.79,,,,0.59,False,True
22:16:04,Baseline,Heuristic,0.11,1.01,0.137,0.003,0.053,,False,True
22:16:04,Baseline,Deep_Learning,2.41,146.79,,,,0.973,True,True
22:16:04,Baseline,Heuristic,0.1,1.01,0.136,0.003,0.056,,False,True
22:16:04,Baseline,Deep_Learning,2.16,146.56,,,,0.117,False,True
22:16:04,Baseline,Heuristic,0.12,1.01,0.134,0.003,0.058,,False,True
22:16:04,Baseline,Deep_Learning,2.24,146.56,,,,0.117,False,True
22:16:05,Baseline,Heuristic,0.1,1.01,0.133,0.003,0.06,,False,True
22:16:05,Baseline,Deep_Learning,2.18,146.56,,,,0.676,False,True
22:16:05,Baseline,Heuristic,0.16,1.01,0.131,0.003,0.062,,False,True
22:16:05,Baseline,Deep_Learning,3.11,147.06,,,,0.676,False,True
22:16:05,Baseline,Heuristic,0.1,1.01,0.13,0.003,0.066,,False,True
22:16:05,Baseline,Deep_Learning,2.16,146.59,,,,0.41,False,True
22:16:05,Baseline,Heuristic,0.1,1.01,0.129,0.003,0.067,,False,True
22:16:05,Baseline,Deep_Learning,2.15,146.59,,,,0.324,False,True
22:16:05,Baseline,Heuristic,0.11,1.01,0.128,0.003,0.069,,False,True
22:16:05,Baseline,Deep_Learning,2.24,146.56,,,,0.965,True,True
22:16:05,Baseline,Heuristic,0.11,1.01,0.128,0.003,0.072,,False,True
22:16:05,Baseline,Deep_Learning,2.25,146.34,,,,0.75,False,True
22:16:05,Baseline,Heuristic,0.11,1.01,0.127,0.003,0.076,,False,True
22:16:05,Baseline,Deep_Learning,2.28,146.34,,,,0.75,False,True
22:16:05,Baseline,Heuristic,0.1,1.01,0.126,0.003,0.079,,False,True
22:16:05,Baseline,Deep_Learning,2.18,146.34,,,,0.637,False,True
22:16:05,Baseline,Heuristic,0.11,1.01,0.126,0.003,0.081,,False,True
22:16:05,Baseline,Deep_Learning,2.22,146.12,,,,0.637,False,True
22:16:05,Baseline,Heuristic,0.11,1.01,0.125,0.003,0.082,,False,True
22:16:05,Baseline,Deep_Learning,2.23,146.12,,,,0.59,False,True
22:16:05,Baseline,Heuristic,0.1,1.01,0.124,0.003,0.084,,False,True
22:16:05,Baseline,Deep_Learning,2.16,146.37,,,,0.41,False,True
22:16:05,Baseline,Heuristic,0.1,1.01,0.123,0.003,0.087,,False,True
22:16:05,Baseline,Deep_Learning,2.14,146.34,,,,0.285,False,True
22:16:05,Baseline,Heuristic,0.1,1.01,0.122,0.003,0.089,,False,True
22:16:05,Baseline,Deep_Learning,2.16,146.34,,,,0.285,False,True
22:16:05,Baseline,Heuristic,0.1,1.01,0.122,0.003,0.091,,False,True
22:16:05,Baseline,Deep_Learning,2.14,146.12,,,,0.363,False,True
22:16:06,Baseline,Heuristic,0.11,1.01,0.121,0.003,0.093,,False,True
22:16:06,Baseline,Deep_Learning,2.17,146.37,,,,0.324,False,True
22:16:06,Baseline,Heuristic,0.1,1.01,0.12,0.004,0.096,,False,True
22:16:06,Baseline,Deep_Learning,2.15,146.37,,,,0.25,False,True
22:16:06,Baseline,Heuristic,0.11,1.01,0.119,0.004,0.098,,False,True
22:16:06,Baseline,Deep_Learning,2.21,146.37,,,,0.25,False,True
22:16:06,Baseline,Heuristic,0.11,1.01,0.117,0.004,0.101,,False,True
22:16:06,Baseline,Deep_Learning,2.21,146.59,,,,0.547,False,True
22:16:06,Baseline,Heuristic,0.14,1.01,0.116,0.004,0.103,,False,True
22:16:06,Baseline,Deep_Learning,2.37,146.12,,,,0.785,False,True
22:16:06,Baseline,Heuristic,0.14,1.01,0.116,0.004,0.106,,False,True
22:16:06,Baseline,Deep_Learning,2.62,146.37,,,,0.715,False,True
22:16:06,Baseline,Heuristic,0.1,1.01,0.115,0.003,0.108,,False,True
22:16:06,Baseline,Deep_Learning,2.16,146.59,,,,0.59,False,True
22:16:06,Baseline,Heuristic,0.11,1.01,0.114,0.003,0.11,,False,True
22:16:06,Baseline,Deep_Learning,2.21,146.56,,,,0.637,False,True
22:16:06,Baseline,Heuristic,0.11,1.01,0.114,0.003,0.113,,False,True
22:16:06,Baseline,Deep_Learning,2.17,146.34,,,,0.918,True,True
22:16:06,Baseline,Heuristic,0.1,1.01,0.113,0.003,0.117,,False,True
22:16:06,Baseline,Deep_Learning,2.2,146.79,,,,0.637,False,True
22:16:06,Baseline,Heuristic,0.1,1.01,0.113,0.003,0.119,,False,True
22:16:06,Baseline,Deep_Learning,2.17,146.79,,,,0.637,False,True
22:16:06,Baseline,Heuristic,0.1,1.01,0.114,0.003,0.121,,False,True
22:16:06,Baseline,Deep_Learning,2.19,147.01,,,,0.051,False,True
22:16:06,Baseline,Heuristic,0.1,1.01,0.115,0.003,0.122,,False,True
22:16:06,Baseline,Deep_Learning,2.23,146.53,,,,0.863,True,True
22:16:06,Baseline,Heuristic,0.11,1.01,0.118,0.003,0.124,,False,True
22:16:06,Baseline,Deep_Learning,2.25,146.53,,,,0.863,True,True
22:16:07,Baseline,Heuristic,0.1,1.01,0.122,0.003,0.127,,False,True
22:16:07,Baseline,Deep_Learning,2.19,146.53,,,,0.41,False,True
22:16:07,Baseline,Heuristic,0.1,1.01,0.127,0.003,0.129,,False,True
22:16:07,Baseline,Deep_Learning,2.21,146.79,,,,0.098,False,True
22:16:07,Baseline,Heuristic,0.1,1.01,0.132,0.003,0.131,,False,True
22:16:07,Baseline,Deep_Learning,2.18,146.79,,,,0.715,False,True
22:16:07,Baseline,Heuristic,0.1,1.01,0.138,0.003,0.133,,False,True
22:16:07,Baseline,Deep_Learning,2.21,147.04,,,,0.324,False,True
22:16:07,Baseline,Heuristic,0.12,1.01,0.143,0.003,0.136,,False,True
22:16:07,Baseline,Deep_Learning,2.16,146.56,,,,0.285,False,True
22:16:07,Baseline,Heuristic,0.1,1.01,0.152,0.004,0.139,,False,True
22:16:07,Baseline,Deep_Learning,2.16,146.56,,,,0.285,False,True
22:16:07,Baseline,Heuristic,0.1,1.01,0.157,0.004,0.141,,False,True
22:16:07,Baseline,Deep_Learning,2.24,146.56,,,,0.547,False,True
22:16:07,Baseline,Heuristic,0.1,1.01,0.162,0.004,0.143,,False,True
22:16:07,Baseline,Deep_Learning,2.18,146.56,,,,0.215,False,True
22:16:07,Baseline,Heuristic,0.11,1.01,0.167,0.004,0.146,,False,True
22:16:07,Baseline,Deep_Learning,2.2,146.56,,,,0.215,False,True
22:16:07,Baseline,Heuristic,0.11,1.01,0.17,0.004,0.148,,False,True
22:16:07,Baseline,Deep_Learning,2.23,146.59,,,,0.453,False,True
22:16:07,Baseline,Heuristic,0.1,1.01,0.171,0.004,0.149,,False,True
22:16:07,Baseline,Deep_Learning,2.2,146.12,,,,0.863,True,True
22:16:07,Baseline,Heuristic,0.1,1.01,0.171,0.004,0.152,,True,True
22:16:07,Baseline,Deep_Learning,2.23,146.12,,,,0.863,True,True
22:16:07,Baseline,Heuristic,0.1,1.01,0.17,0.004,0.154,,True,True
22:16:07,Baseline,Deep_Learning,2.17,146.37,,,,0.5,False,True
22:16:07,Baseline,Heuristic,0.11,1.01,0.169,0.004,0.157,,True,True
22:16:07,Baseline,Deep_Learning,2.17,146.59,,,,0.004,False,True
22:16:07,Baseline,Heuristic,0.1,1.01,0.167,0.004,0.159,,True,True
22:16:07,Baseline,Deep_Learning,2.15,146.81,,,,0.008,False,True
22:16:08,Baseline,Heuristic,0.11,1.01,0.166,0.004,0.161,,True,True
22:16:08,Baseline,Deep_Learning,2.24,146.56,,,,0.363,False,True
22:16:08,Baseline,Heuristic,0.1,1.01,0.165,0.004,0.162,,True,True
22:16:08,Baseline,Deep_Learning,2.18,146.12,,,,0.16,False,True
22:16:08,Baseline,Heuristic,0.11,1.01,0.161,0.004,0.166,,True,True
22:16:08,Baseline,Deep_Learning,2.3,145.89,,,,0.016,False,True
22:16:08,Baseline,Heuristic,0.11,1.01,0.159,0.004,0.168,,True,True
22:16:08,Baseline,Deep_Learning,2.19,146.14,,,,0.082,False,True
22:16:08,Baseline,Heuristic,0.11,1.01,0.156,0.004,0.17,,True,True
22:16:08,Baseline,Deep_Learning,2.22,146.37,,,,0.285,False,True
22:16:08,Baseline,Heuristic,0.1,1.01,0.154,0.003,0.172,,True,True
22:16:08,Baseline,Deep_Learning,2.21,146.37,,,,0.285,False,True
22:16:08,Baseline,Heuristic,0.1,1.01,0.15,0.003,0.176,,True,True
22:16:08,Baseline,Deep_Learning,2.2,146.37,,,,0.051,False,True
22:16:08,Baseline,Heuristic,0.1,1.01,0.149,0.003,0.177,,True,True
22:16:08,Baseline,Deep_Learning,2.27,146.12,,,,0.285,False,True
22:16:08,Baseline,Heuristic,0.11,1.01,0.147,0.003,0.179,,True,True
22:16:08,Baseline,Deep_Learning,2.3,146.12,,,,0.285,False,True
22:16:08,Baseline,Heuristic,0.1,1.01,0.145,0.003,0.181,,True,True
22:16:08,Baseline,Deep_Learning,2.18,146.59,,,,0.0,False,True
22:16:08,Baseline,Heuristic,0.1,1.01,0.143,0.003,0.183,,True,True
22:16:08,Baseline,Deep_Learning,2.13,146.37,,,,0.07,False,True
22:16:08,Baseline,Heuristic,0.19,1.01,0.141,0.003,0.186,,True,True
22:16:08,Baseline,Deep_Learning,2.15,146.37,,,,0.07,False,True
22:16:08,Baseline,Heuristic,0.11,1.01,0.139,0.003,0.188,,True,True
22:16:08,Baseline,Deep_Learning,2.27,146.12,,,,0.016,False,True
22:16:08,Baseline,Heuristic,0.11,1.01,0.137,0.003,0.19,,True,True
22:16:08,Baseline,Deep_Learning,2.33,145.89,,,,0.215,False,True
22:16:09,Baseline,Heuristic,0.11,1.01,0.133,0.003,0.193,,True,True
22:16:09,Baseline,Deep_Learning,2.2,146.14,,,,0.051,False,True
22:16:09,Baseline,Heuristic,0.11,1.01,0.131,0.003,0.196,,True,True
22:16:09,Baseline,Deep_Learning,2.47,146.14,,,,0.051,False,True
22:16:09,Baseline,Heuristic,0.11,1.01,0.128,0.003,0.198,,True,True
22:16:09,Baseline,Deep_Learning,2.23,146.59,,,,0.012,False,True
22:16:09,Baseline,Heuristic,0.1,1.01,0.125,0.003,0.201,,True,True
22:16:09,Baseline,Deep_Learning,2.16,146.59,,,,0.023,False,True
22:16:09,Baseline,Heuristic,0.11,1.01,0.123,0.003,0.203,,True,True
22:16:09,Baseline,Deep_Learning,2.29,146.79,,,,0.098,False,True
22:16:09,Baseline,Heuristic,0.11,1.01,0.122,0.003,0.206,,True,True
22:16:09,Baseline,Deep_Learning,2.19,147.01,,,,0.082,False,True
22:16:09,Baseline,Heuristic,0.1,1.01,0.121,0.003,0.208,,True,True
22:16:09,Baseline,Deep_Learning,2.24,147.45,,,,0.25,False,True
22:16:09,Baseline,Heuristic,0.11,1.01,0.121,0.003,0.21,,True,True
22:16:09,Baseline,Deep_Learning,2.34,147.71,,,,0.59,False,True
22:16:09,Baseline,Heuristic,0.13,1.01,0.122,0.003,0.212,,True,True
22:16:09,Baseline,Deep_Learning,2.39,147.71,,,,0.324,False,True
22:16:09,Baseline,Heuristic,0.11,1.01,0.124,0.003,0.214,,True,True
22:16:09,Baseline,Deep_Learning,2.33,147.68,,,,0.137,False,True
22:16:09,Baseline,Heuristic,0.1,1.01,0.127,0.003,0.217,,True,True
22:16:09,Baseline,Deep_Learning,2.22,147.93,,,,0.16,False,True
22:16:09,Baseline,Heuristic,0.1,1.01,0.131,0.003,0.219,,True,True
22:16:09,Baseline,Deep_Learning,2.18,147.93,,,,0.16,False,True
22:16:09,Baseline,Heuristic,0.11,1.01,0.135,0.003,0.221,,True,True
22:16:09,Baseline,Deep_Learning,2.21,148.41,,,,0.941,True,True
22:16:09,Baseline,Heuristic,0.11,1.01,0.14,0.005,0.223,,True,True
22:16:09,Baseline,Deep_Learning,2.14,149.27,,,,0.84,True,True
22:16:09,Baseline,Heuristic,0.1,1.01,0.145,0.01,0.226,,True,True
22:16:09,Baseline,Deep_Learning,2.16,149.94,,,,0.363,False,True
22:16:10,Baseline,Heuristic,0.1,1.01,0.148,0.014,0.227,,True,True
22:16:10,Baseline,Deep_Learning,2.18,150.84,,,,0.0,False,True
22:16:10,Baseline,Heuristic,0.11,1.01,0.153,0.023,0.229,,True,True
22:16:10,Baseline,Deep_Learning,2.21,151.11,,,,0.0,False,True
22:16:10,Baseline,Heuristic,0.2,1.01,0.157,0.037,0.231,,True,True
22:16:10,Baseline,Deep_Learning,2.39,152.78,,,,0.0,False,True
22:16:10,Baseline,Heuristic,0.11,1.01,0.161,0.052,0.233,,True,True
22:16:10,Baseline,Deep_Learning,2.16,153.96,,,,0.0,False,True
22:16:10,Baseline,Heuristic,0.1,1.01,0.166,0.081,0.237,,True,True
22:16:10,Baseline,Deep_Learning,2.22,154.92,,,,0.0,False,True
22:16:10,Baseline,Heuristic,0.11,1.01,0.169,0.103,0.239,,True,True
22:16:10,Baseline,Deep_Learning,2.24,154.92,,,,0.0,False,True
22:16:10,Baseline,Heuristic,0.11,1.01,0.17,0.113,0.24,,True,True
22:16:10,Baseline,Deep_Learning,2.22,155.43,,,,0.0,False,True
22:16:10,Baseline,Heuristic,0.11,1.01,0.173,0.133,0.242,,True,True
22:16:10,Baseline,Deep_Learning,2.23,154.97,,,,0.0,False,True
22:16:10,Baseline,Heuristic,0.11,1.01,0.175,0.153,0.244,,True,True
22:16:10,Baseline,Deep_Learning,2.33,155.2,,,,0.004,False,True
22:16:10,Baseline,Heuristic,0.1,1.01,0.176,0.172,0.247,,True,True
22:16:10,Baseline,Deep_Learning,2.12,155.2,,,,0.117,False,True
22:16:10,Baseline,Heuristic,0.11,1.01,0.177,0.189,0.249,,True,True
22:16:10,Baseline,Deep_Learning,2.18,155.48,,,,0.082,False,True
22:16:10,Baseline,Heuristic,0.1,1.01,0.178,0.205,0.251,,True,True
22:16:10,Baseline,Deep_Learning,2.2,155.71,,,,0.996,True,True
22:16:10,Baseline,Heuristic,0.11,1.01,0.178,0.22,0.253,,True,True
22:16:10,Baseline,Deep_Learning,2.29,155.71,,,,0.996,True,True
22:16:10,Baseline,Heuristic,0.13,1.01,0.178,0.233,0.256,,True,True
22:16:10,Baseline,Deep_Learning,2.26,155.48,,,,0.996,True,True
22:16:10,Baseline,Heuristic,0.11,1.01,0.177,0.245,0.258,,True,True
22:16:10,Baseline,Deep_Learning,2.29,155.2,,,,0.996,True,True
22:16:11,Baseline,Heuristic,0.11,1.01,0.176,0.257,0.26,,True,True
22:16:11,Baseline,Deep_Learning,2.19,155.43,,,,0.996,True,True
22:16:11,Baseline,Heuristic,0.11,1.01,0.174,0.268,0.262,,True,True
22:16:11,Baseline,Deep_Learning,2.17,155.43,,,,0.996,True,True
22:16:11,Baseline,Heuristic,0.1,1.01,0.172,0.278,0.264,,True,True
22:16:11,Baseline,Deep_Learning,2.18,155.43,,,,0.812,True,True
22:16:11,Baseline,Heuristic,0.11,1.01,0.17,0.288,0.267,,True,True
22:16:11,Baseline,Deep_Learning,2.26,155.95,,,,0.07,False,True
22:16:11,Baseline,Heuristic,0.11,1.01,0.168,0.299,0.269,,True,True
22:16:11,Baseline,Deep_Learning,2.16,156.18,,,,0.324,False,True
22:16:11,Baseline,Heuristic,0.1,1.01,0.166,0.31,0.271,,True,True
22:16:11,Baseline,Deep_Learning,2.21,156.18,,,,0.0,False,True
22:16:11,Baseline,Heuristic,0.1,1.01,0.164,0.322,0.273,,True,True
22:16:11,Baseline,Deep_Learning,2.13,156.69,,,,0.0,False,True
22:16:11,Baseline,Heuristic,0.11,1.01,0.163,0.336,0.276,,True,True
22:16:11,Baseline,Deep_Learning,2.25,156.69,,,,0.0,False,True
22:16:11,Baseline,Heuristic,0.11,1.01,0.162,0.353,0.278,,True,True
22:16:11,Baseline,Deep_Learning,2.18,156.69,,,,0.0,False,True
22:16:11,Baseline,Heuristic,0.11,1.01,0.162,0.372,0.28,,True,True
22:16:11,Baseline,Deep_Learning,2.18,156.46,,,,0.0,False,True
22:16:11,Baseline,Heuristic,0.11,1.01,0.162,0.393,0.282,,True,True
22:16:11,Baseline,Deep_Learning,2.29,156.69,,,,0.0,False,True
22:16:11,Baseline,Heuristic,0.1,1.01,0.161,0.426,0.286,,True,True
22:16:11,Baseline,Deep_Learning,2.16,156.69,,,,0.0,False,True
22:16:11,Baseline,Heuristic,0.1,1.01,0.16,0.447,0.288,,True,True
22:16:11,Baseline,Deep_Learning,2.2,156.64,,,,0.0,False,True
22:16:11,Baseline,Heuristic,0.1,1.01,0.159,0.467,0.29,,True,True
22:16:11,Baseline,Deep_Learning,2.19,156.41,,,,0.0,False,True
22:16:11,Baseline,Heuristic,0.1,1.01,0.158,0.488,0.292,,True,True
22:16:11,Baseline,Deep_Learning,2.14,156.69,,,,0.0,False,True
22:16:12,Baseline,Heuristic,0.11,1.01,0.157,0.498,0.293,,True,True
22:16:12,Baseline,Deep_Learning,2.19,156.69,,,,0.0,False,True
22:16:12,Baseline,Heuristic,0.12,1.01,0.156,0.517,0.296,,True,True
22:16:12,Baseline,Deep_Learning,2.14,156.41,,,,0.0,False,True
22:16:12,Baseline,Heuristic,0.11,1.01,0.154,0.536,0.298,,True,True
22:16:12,Baseline,Deep_Learning,2.19,156.41,,,,0.0,False,True
22:16:12,Baseline,Heuristic,0.11,1.01,0.152,0.553,0.3,,True,True
22:16:12,Baseline,Deep_Learning,2.19,156.64,,,,0.0,False,True
22:16:12,Baseline,Heuristic,0.1,1.01,0.15,0.57,0.302,,True,True
22:16:12,Baseline,Deep_Learning,2.17,156.87,,,,0.0,False,True
22:16:12,Baseline,Heuristic,0.12,1.01,0.149,0.587,0.304,,True,True
22:16:12,Baseline,Deep_Learning,2.16,156.87,,,,0.0,False,True
22:16:12,Baseline,Heuristic,0.11,1.01,0.147,0.602,0.307,,True,True
22:16:12,Baseline,Deep_Learning,2.14,156.87,,,,0.0,False,True
22:16:12,Baseline,Heuristic,0.11,1.01,0.146,0.618,0.309,,True,True
22:16:12,Baseline,Deep_Learning,2.18,156.64,,,,0.0,False,True
22:16:12,Baseline,Heuristic,0.11,1.01,0.145,0.625,0.31,,True,True
22:16:12,Baseline,Deep_Learning,2.3,156.64,,,,0.0,False,True
22:16:12,Baseline,Heuristic,0.1,1.01,0.143,0.647,0.313,,True,True
22:16:12,Baseline,Deep_Learning,2.17,156.69,,,,0.0,False,True
22:16:12,Baseline,Heuristic,0.11,1.01,0.142,0.661,0.316,,True,True
22:16:12,Baseline,Deep_Learning,2.19,156.69,,,,0.0,False,True
22:16:12,Baseline,Heuristic,0.1,1.01,0.141,0.667,0.317,,True,True
22:16:12,Baseline,Deep_Learning,4.43,156.92,,,,0.0,False,True
22:16:12,Baseline,Heuristic,0.11,1.01,0.14,0.679,0.319,,True,True
22:16:12,Baseline,Deep_Learning,2.24,157.15,,,,0.0,False,True
22:16:12,Baseline,Heuristic,0.11,1.01,0.139,0.69,0.321,,True,True
22:16:12,Baseline,Deep_Learning,2.19,157.15,,,,0.0,False,True
22:16:12,Baseline,Heuristic,0.11,1.01,0.138,0.7,0.323,,True,True
22:16:12,Baseline,Deep_Learning,2.19,157.73,,,,0.0,False,True
22:16:12,Baseline,Heuristic,0.14,1.01,0.136,0.707,0.326,,True,True
22:16:12,Baseline,Deep_Learning,2.42,157.73,,,,0.0,False,True
22:16:13,Baseline,Heuristic,0.11,1.01,0.134,0.717,0.329,,True,True
22:16:13,Baseline,Deep_Learning,2.4,157.49,,,,0.0,False,True
22:16:13,Baseline,Heuristic,0.11,1.01,0.133,0.72,0.33,,True,True
22:16:13,Baseline,Deep_Learning,2.27,157.73,,,,0.0,False,True
22:16:13,Baseline,Heuristic,0.1,1.01,0.131,0.725,0.332,,True,True
22:16:13,Baseline,Deep_Learning,2.2,157.73,,,,0.0,False,True
22:16:13,Baseline,Heuristic,0.11,1.01,0.13,0.73,0.334,,True,True
22:16:13,Baseline,Deep_Learning,2.14,157.73,,,,0.0,False,True
22:16:13,Baseline,Heuristic,0.11,1.01,0.128,0.734,0.337,,True,True
22:16:13,Baseline,Deep_Learning,2.28,157.73,,,,0.0,False,True
22:16:13,Baseline,Heuristic,0.1,1.01,0.127,0.736,0.339,,True,True
22:16:13,Baseline,Deep_Learning,2.18,157.26,,,,0.0,False,True
22:16:13,Baseline,Heuristic,0.1,1.01,0.125,0.736,0.341,,True,True
22:16:13,Baseline,Deep_Learning,2.19,157.49,,,,0.0,False,True
22:16:13,Baseline,Heuristic,0.11,1.01,0.124,0.736,0.343,,True,True
22:16:13,Baseline,Deep_Learning,2.22,157.49,,,,0.0,False,True
22:16:13,Baseline,Heuristic,0.11,1.01,0.122,0.734,0.347,,True,True
22:16:13,Baseline,Deep_Learning,2.15,157.54,,,,0.0,False,True
22:16:13,Baseline,Heuristic,0.1,1.01,0.121,0.732,0.349,,True,True
22:16:13,Baseline,Deep_Learning,2.17,157.26,,,,0.0,False,True
22:16:13,Baseline,Heuristic,0.1,1.01,0.12,0.73,0.351,,True,True
22:16:13,Baseline,Deep_Learning,2.25,157.26,,,,0.0,False,True
22:16:13,Baseline,Heuristic,0.11,1.01,0.12,0.727,0.353,,True,True
22:16:13,Baseline,Deep_Learning,2.17,157.03,,,,0.0,False,True
22:16:13,Baseline,Heuristic,0.1,1.01,0.119,0.723,0.357,,True,True
22:16:13,Baseline,Deep_Learning,2.17,157.54,,,,0.0,False,True
22:16:14,Baseline,Heuristic,0.11,1.01,0.119,0.719,0.359,,True,True
22:16:14,Baseline,Deep_Learning,4.18,157.83,,,,0.0,False,True
22:16:14,Baseline,Heuristic,0.11,1.01,0.118,0.715,0.361,,True,True
22:16:14,Baseline,Deep_Learning,2.24,157.59,,,,0.0,False,True
22:16:14,Baseline,Heuristic,0.11,1.01,0.117,0.711,0.363,,True,True
22:16:14,Baseline,Deep_Learning,2.24,158.06,,,,0.004,False,True
22:16:14,Baseline,Heuristic,0.11,1.01,0.117,0.703,0.367,,True,True
22:16:14,Baseline,Deep_Learning,2.25,158.06,,,,0.0,False,True
22:16:14,Baseline,Heuristic,0.11,1.01,0.116,0.698,0.369,,True,True
22:16:14,Baseline,Deep_Learning,2.29,158.06,,,,0.0,False,True
22:16:14,Baseline,Heuristic,0.1,1.01,0.116,0.693,0.371,,True,True
22:16:14,Baseline,Deep_Learning,2.15,158.06,,,,0.0,False,True
22:16:14,Baseline,Heuristic,0.11,1.01,0.115,0.688,0.373,,True,True
22:16:14,Baseline,Deep_Learning,2.27,158.06,,,,0.0,False,True
22:16:14,Baseline,Heuristic,0.1,1.01,0.115,0.683,0.376,,True,True
22:16:14,Baseline,Deep_Learning,2.14,157.83,,,,0.0,False,True
22:16:14,Baseline,Heuristic,0.1,1.01,0.114,0.678,0.378,,True,True
22:16:14,Baseline,Deep_Learning,2.18,157.83,,,,0.0,False,True
22:16:14,Baseline,Heuristic,0.11,1.01,0.113,0.672,0.38,,True,True
22:16:14,Baseline,Deep_Learning,2.16,157.83,,,,0.59,False,True
22:16:14,Baseline,Heuristic,0.11,1.01,0.113,0.667,0.382,,True,True
22:16:14,Baseline,Deep_Learning,2.32,158.11,,,,0.215,False,True
22:16:14,Baseline,Heuristic,0.11,1.01,0.112,0.662,0.384,,True,True
22:16:14,Baseline,Deep_Learning,2.32,158.06,,,,0.984,True,True
22:16:14,Baseline,Heuristic,0.11,1.01,0.111,0.656,0.387,,True,True
22:16:14,Baseline,Deep_Learning,2.29,157.78,,,,0.996,True,True
22:16:14,Baseline,Heuristic,0.11,1.01,0.11,0.651,0.389,,True,True
22:16:14,Baseline,Deep_Learning,2.28,157.78,,,,0.996,True,True
22:16:14,Baseline,Heuristic,0.11,1.01,0.11,0.645,0.391,,True,True
22:16:14,Baseline,Deep_Learning,2.13,157.78,,,,0.996,True,True
22:16:15,Baseline,Heuristic,0.1,1.01,0.11,0.64,0.393,,True,True
22:16:15,Baseline,Deep_Learning,2.16,157.83,,,,0.996,True,True
22:16:15,Baseline,Heuristic,0.11,1.01,0.11,0.632,0.397,,True,True
22:16:15,Baseline,Deep_Learning,2.29,157.07,,,,0.965,True,True
22:16:15,Baseline,Heuristic,0.11,1.01,0.111,0.627,0.399,,True,True
22:16:15,Baseline,Deep_Learning,2.15,156.79,,,,0.949,True,True
22:16:15,Baseline,Heuristic,0.1,1.01,0.111,0.62,0.401,,True,True
22:16:15,Baseline,Deep_Learning,2.2,155.16,,,,0.863,True,True
22:16:15,Baseline,Heuristic,0.11,1.01,0.111,0.612,0.403,,True,True
22:16:15,Baseline,Deep_Learning,2.21,153.99,,,,0.84,True,True
22:16:15,Baseline,Heuristic,0.12,1.01,0.112,0.597,0.407,,True,True
22:16:15,Baseline,Deep_Learning,2.32,153.49,,,,0.949,True,True
22:16:15,Baseline,Heuristic,0.11,1.01,0.112,0.579,0.41,,True,True
22:16:15,Baseline,Deep_Learning,2.18,152.52,,,,0.996,True,True
22:16:15,Baseline,Heuristic,0.1,1.01,0.111,0.559,0.413,,True,True
22:16:15,Baseline,Deep_Learning,2.2,151.8,,,,0.98,True,True
22:16:15,Baseline,Heuristic,0.11,1.01,0.111,0.535,0.417,,True,True
22:16:15,Baseline,Deep_Learning,2.24,151.57,,,,0.977,True,True
22:16:15,Baseline,Heuristic,0.1,1.01,0.11,0.508,0.42,,True,True
22:16:15,Baseline,Deep_Learning,2.17,152.09,,,,0.547,False,True
22:16:15,Baseline,Heuristic,0.1,1.01,0.11,0.49,0.422,,True,True
22:16:15,Baseline,Deep_Learning,2.43,152.09,,,,0.547,False,True
22:16:15,Baseline,Heuristic,0.15,1.01,0.111,0.463,0.426,,True,True
22:16:15,Baseline,Deep_Learning,2.22,152.33,,,,0.715,False,True
22:16:16,Baseline,Heuristic,0.1,1.01,0.113,0.445,0.428,,True,True
22:16:16,Baseline,Deep_Learning,2.16,152.33,,,,0.863,True,True
22:16:16,Baseline,Heuristic,0.11,1.01,0.117,0.428,0.43,,True,True
22:16:16,Baseline,Deep_Learning,2.22,152.33,,,,0.25,False,True
22:16:16,Baseline,Heuristic,0.11,1.01,0.124,0.404,0.433,,True,True
22:16:16,Baseline,Deep_Learning,2.97,152.56,,,,0.004,False,True
22:16:16,Baseline,Heuristic,0.11,1.01,0.13,0.388,0.436,,True,True
22:16:16,Baseline,Deep_Learning,2.15,152.79,,,,0.051,False,True
22:16:16,Baseline,Heuristic,0.11,1.01,0.136,0.373,0.438,,True,True
22:16:16,Baseline,Deep_Learning,2.2,152.52,,,,0.035,False,True
22:16:16,Baseline,Heuristic,0.11,1.01,0.141,0.358,0.44,,True,True
22:16:16,Baseline,Deep_Learning,2.27,152.26,,,,0.023,False,True
22:16:16,Baseline,Heuristic,0.1,1.01,0.15,0.338,0.443,,True,True
22:16:16,Baseline,Deep_Learning,2.14,152.26,,,,0.0,False,True
22:16:16,Baseline,Heuristic,0.1,1.01,0.156,0.324,0.446,,True,True
22:16:16,Baseline,Deep_Learning,2.18,152.26,,,,0.0,False,True
22:16:16,Baseline,Heuristic,0.1,1.01,0.159,0.318,0.447,,True,True
22:16:16,Baseline,Deep_Learning,2.25,152.52,,,,0.059,False,True
22:16:16,Baseline,Heuristic,0.1,1.01,0.164,0.306,0.449,,True,True
22:16:16,Baseline,Deep_Learning,2.19,152.52,,,,0.059,False,True
22:16:16,Baseline,Heuristic,0.1,1.01,0.167,0.3,0.45,,True,True
22:16:16,Baseline,Deep_Learning,2.13,152.03,,,,0.16,False,True
22:16:16,Baseline,Heuristic,0.11,1.01,0.17,0.288,0.452,,True,True
22:16:16,Baseline,Deep_Learning,2.17,152.29,,,,0.098,False,True
22:16:16,Baseline,Heuristic,0.1,1.01,0.174,0.271,0.456,,True,True
22:16:16,Baseline,Deep_Learning,2.22,152.33,,,,0.188,False,True
22:16:16,Baseline,Heuristic,0.11,1.01,0.176,0.261,0.458,,True,True
22:16:16,Baseline,Deep_Learning,2.23,152.33,,,,0.012,False,True
22:16:17,Baseline,Heuristic,0.1,1.01,0.178,0.251,0.46,,True,True
22:16:17,Baseline,Deep_Learning,2.13,152.59,,,,0.016,False,True
22:16:17,Baseline,Heuristic,0.12,1.01,0.181,0.241,0.462,,True,True
22:16:17,Baseline,Deep_Learning,2.3,152.33,,,,0.012,False,True
22:16:17,Baseline,Heuristic,0.1,1.01,0.184,0.231,0.464,,True,True
22:16:17,Baseline,Deep_Learning,2.18,152.56,,,,0.043,False,True
22:16:17,Baseline,Heuristic,0.1,1.01,0.187,0.222,0.467,,True,True
22:16:17,Baseline,Deep_Learning,2.2,152.29,,,,0.5,False,True
22:16:17,Baseline,Heuristic,0.11,1.01,0.19,0.214,0.469,,True,True
22:16:17,Baseline,Deep_Learning,2.12,152.29,,,,0.59,False,True
22:16:17,Baseline,Heuristic,0.1,1.01,0.193,0.205,0.471,,True,True
22:16:17,Baseline,Deep_Learning,2.24,152.29,,,,0.25,False,True
22:16:17,Baseline,Heuristic,0.1,1.01,0.197,0.197,0.473,,True,True
22:16:17,Baseline,Deep_Learning,2.23,152.03,,,,0.785,False,True
22:16:17,Baseline,Heuristic,0.1,1.01,0.202,0.186,0.475,,True,True
22:16:17,Baseline,Deep_Learning,2.15,152.03,,,,0.637,False,True
22:16:17,Baseline,Heuristic,0.1,1.01,0.208,0.175,0.475,,True,False
22:16:17,Baseline,Deep_Learning,2.43,152.03,,,,0.082,False,False
22:16:17,Baseline,Heuristic,0.1,1.01,0.211,0.168,0.475,,True,False
22:16:17,Baseline,Deep_Learning,2.23,152.03,,,,0.215,False,False
22:16:17,Baseline,Heuristic,0.11,1.01,0.213,0.165,0.475,,True,False
22:16:17,Baseline,Deep_Learning,2.32,151.8,,,,0.285,False,False
22:16:17,Baseline,Heuristic,0.11,1.01,0.217,0.159,0.475,,True,False
22:16:17,Baseline,Deep_Learning,2.19,151.8,,,,0.285,False,False
22:16:17,Baseline,Heuristic,0.11,1.01,0.22,0.152,0.475,,True,False
22:16:17,Baseline,Deep_Learning,2.26,151.53,,,,0.188,False,False
22:16:17,Baseline,Heuristic,0.1,1.01,0.224,0.147,0.475,,True,False
22:16:17,Baseline,Deep_Learning,2.23,151.53,,,,0.453,False,False
22:16:18,Baseline,Heuristic,0.1,1.01,0.227,0.141,0.475,,True,False
22:16:18,Baseline,Deep_Learning,2.18,151.27,,,,0.59,False,False
22:16:18,Baseline,Heuristic,0.11,1.01,0.232,0.133,0.475,,True,False
22:16:18,Baseline,Deep_Learning,2.19,151.27,,,,0.324,False,False
22:16:18,Baseline,Heuristic,0.1,1.01,0.233,0.13,0.475,,True,False
22:16:18,Baseline,Deep_Learning,2.21,151.27,,,,0.082,False,False
22:16:18,Baseline,Heuristic,0.1,1.01,0.236,0.125,0.475,,True,False
22:16:18,Baseline,Deep_Learning,2.36,151.53,,,,0.082,False,False
22:16:18,Baseline,Heuristic,0.11,1.01,0.24,0.118,0.475,,True,False
22:16:18,Baseline,Deep_Learning,2.16,151.27,,,,0.5,False,False
22:16:18,Baseline,Heuristic,0.11,1.01,0.243,0.113,0.475,,True,False
22:16:18,Baseline,Deep_Learning,2.19,151.27,,,,0.25,False,False
22:16:18,Baseline,Heuristic,0.1,1.01,0.246,0.109,0.475,,True,False
22:16:18,Baseline,Deep_Learning,2.16,151.53,,,,0.363,False,False
22:16:18,Baseline,Heuristic,0.1,1.01,0.248,0.105,0.475,,True,False
22:16:18,Baseline,Deep_Learning,2.14,151.53,,,,0.363,False,False
22:16:18,Baseline,Heuristic,0.12,1.01,0.251,0.101,0.475,,True,False
22:16:18,Baseline,Deep_Learning,2.31,151.3,,,,0.051,False,False
22:16:18,Baseline,Heuristic,0.1,1.01,0.254,0.097,0.475,,True,False
22:16:18,Baseline,Deep_Learning,2.17,151.53,,,,0.637,False,False
22:16:18,Baseline,Heuristic,0.11,1.01,0.257,0.091,0.475,,True,False
22:16:18,Baseline,Deep_Learning,2.25,151.3,,,,0.324,False,False
22:16:18,Baseline,Heuristic,0.1,1.01,0.259,0.088,0.475,,True,False
22:16:18,Baseline,Deep_Learning,2.2,151.3,,,,0.324,False,False
22:16:18,Baseline,Heuristic,0.1,1.01,0.261,0.084,0.475,,True,False
22:16:18,Baseline,Deep_Learning,2.22,151.3,,,,0.883,True,False
22:16:18,Baseline,Heuristic,0.1,1.01,0.263,0.081,0.475,,True,False
22:16:18,Baseline,Deep_Learning,2.28,151.3,,,,0.016,False,False
22:16:19,Baseline,Heuristic,0.1,1.01,0.266,0.077,0.475,,True,False
22:16:19,Baseline,Deep_Learning,2.17,151.27,,,,0.051,False,False
22:16:19,Baseline,Heuristic,0.1,1.01,0.267,0.074,0.475,,True,False
22:16:19,Baseline,Deep_Learning,2.25,151.27,,,,0.051,False,False
22:16:19,Baseline,Heuristic,0.11,1.01,0.269,0.071,0.475,,True,False
22:16:19,Baseline,Deep_Learning,2.19,151.27,,,,0.949,True,False
22:16:19,Baseline,Heuristic,0.1,1.01,0.271,0.068,0.475,,True,False
22:16:19,Baseline,Deep_Learning,2.18,151.04,,,,0.918,True,False
22:16:19,Baseline,Heuristic,0.1,1.01,0.273,0.064,0.475,,True,False
22:16:19,Baseline,Deep_Learning,2.16,151.04,,,,0.363,False,False
22:16:19,Baseline,Heuristic,0.1,1.01,0.275,0.062,0.475,,True,False
22:16:19,Baseline,Deep_Learning,2.25,151.04,,,,0.363,False,False
22:16:19,Baseline,Heuristic,0.13,1.01,0.276,0.06,0.475,,True,False
22:16:19,Baseline,Deep_Learning,2.33,151.04,,,,0.324,False,False
22:16:19,Baseline,Heuristic,0.11,1.01,0.278,0.057,0.475,,True,False
22:16:19,Baseline,Deep_Learning,2.32,151.04,,,,0.02,False,False
22:16:19,Baseline,Heuristic,0.11,1.01,0.28,0.054,0.475,,True,False
22:16:19,Baseline,Deep_Learning,2.24,151.3,,,,0.785,False,False
22:16:19,Baseline,Heuristic,0.11,1.01,0.281,0.052,0.475,,True,False
22:16:19,Baseline,Deep_Learning,2.3,151.8,,,,0.785,False,False
22:16:19,Baseline,Heuristic,0.1,1.01,0.282,0.05,0.475,,True,False
22:16:19,Baseline,Deep_Learning,2.28,151.53,,,,0.75,False,False
22:16:19,Baseline,Heuristic,0.11,1.01,0.283,0.048,0.475,,True,False
22:16:19,Baseline,Deep_Learning,2.23,151.3,,,,0.082,False,False
22:16:19,Baseline,Heuristic,0.1,1.01,0.281,0.046,0.475,,True,False
22:16:19,Baseline,Deep_Learning,2.23,151.34,,,,0.016,False,False
22:16:20,Baseline,Heuristic,0.1,1.01,0.276,0.043,0.475,,True,False
22:16:20,Baseline,Deep_Learning,2.22,151.3,,,,0.035,False,False
22:16:20,Baseline,Heuristic,0.11,1.01,0.273,0.041,0.475,,True,False
22:16:20,Baseline,Deep_Learning,2.15,151.3,,,,0.117,False,False
22:16:20,Baseline,Heuristic,0.1,1.01,0.272,0.041,0.475,,True,False
22:16:20,Baseline,Deep_Learning,2.26,151.07,,,,0.949,True,False
22:16:20,Baseline,Heuristic,0.1,1.01,0.271,0.039,0.475,,True,False
22:16:20,Baseline,Deep_Learning,2.37,150.81,,,,0.941,True,False
22:16:20,Baseline,Heuristic,0.1,1.01,0.27,0.038,0.475,,True,False
22:16:20,Baseline,Deep_Learning,2.14,150.81,,,,0.918,True,False
22:16:20,Baseline,Heuristic,0.1,1.01,0.271,0.036,0.475,,True,False
22:16:20,Baseline,Deep_Learning,2.18,150.81,,,,0.84,True,False
22:16:20,Baseline,Heuristic,0.1,1.01,0.272,0.035,0.475,,True,False
22:16:20,Baseline,Deep_Learning,2.14,151.3,,,,0.812,True,False
22:16:20,Baseline,Heuristic,0.11,1.01,0.273,0.033,0.475,,True,False
22:16:20,Baseline,Deep_Learning,2.17,151.04,,,,0.453,False,False
22:16:20,Baseline,Heuristic,0.11,1.01,0.274,0.032,0.475,,True,False
22:16:20,Baseline,Deep_Learning,2.19,150.78,,,,0.957,True,False
22:16:20,Baseline,Heuristic,0.1,1.01,0.276,0.031,0.475,,True,False
22:16:20,Baseline,Deep_Learning,2.17,151.04,,,,0.93,True,False
22:16:20,Baseline,Heuristic,0.11,1.01,0.277,0.03,0.475,,True,False
22:16:20,Baseline,Deep_Learning,2.16,151.04,,,,0.59,False,False
22:16:20,Baseline,Heuristic,0.1,1.01,0.279,0.029,0.475,,True,False
22:16:20,Baseline,Deep_Learning,2.21,150.81,,,,0.84,True,False
22:16:20,Baseline,Heuristic,0.11,1.01,0.281,0.027,0.475,,True,False
22:16:20,Baseline,Deep_Learning,2.37,151.07,,,,0.84,True,False
22:16:20,Baseline,Heuristic,0.1,1.01,0.282,0.026,0.475,,True,False
22:16:20,Baseline,Deep_Learning,2.2,151.3,,,,0.965,True,False
22:16:20,Baseline,Heuristic,0.1,1.01,0.283,0.026,0.475,,True,False
22:16:20,Baseline,Deep_Learning,2.19,151.04,,,,0.812,True,False
22:16:20,Baseline,Heuristic,0.1,1.01,0.285,0.025,0.475,,True,False
22:16:20,Baseline,Deep_Learning,2.15,151.04,,,,0.812,True,False
22:16:21,Baseline,Heuristic,0.11,1.01,0.286,0.024,0.475,,True,False
22:16:21,Baseline,Deep_Learning,2.18,151.04,,,,0.715,False,False
22:16:21,Baseline,Heuristic,0.1,1.01,0.287,0.023,0.475,,True,False
22:16:21,Baseline,Deep_Learning,2.64,151.04,,,,0.84,True,False
22:16:21,Baseline,Heuristic,0.16,1.01,0.289,0.022,0.475,,True,False
22:16:21,Baseline,Deep_Learning,2.61,151.04,,,,0.84,True,False
22:16:21,Baseline,Heuristic,0.1,1.01,0.291,0.021,0.475,,True,False
22:16:21,Baseline,Deep_Learning,2.19,150.81,,,,0.785,False,False
22:16:21,Baseline,Heuristic,0.11,1.01,0.292,0.021,0.475,,True,False
22:16:21,Baseline,Deep_Learning,2.24,151.04,,,,0.75,False,False
22:16:21,Baseline,Heuristic,0.1,1.01,0.293,0.02,0.475,,True,False
22:16:21,Baseline,Deep_Learning,2.24,151.04,,,,0.637,False,False
22:16:21,Baseline,Heuristic,0.11,1.01,0.294,0.019,0.475,,True,False
22:16:21,Baseline,Deep_Learning,2.37,151.04,,,,0.637,False,False
22:16:21,Baseline,Heuristic,0.11,1.01,0.295,0.019,0.475,,True,False
22:16:21,Baseline,Deep_Learning,2.25,151.04,,,,0.863,True,False
22:16:21,Baseline,Heuristic,0.11,1.01,0.296,0.018,0.475,,True,False
22:16:21,Baseline,Deep_Learning,2.43,151.04,,,,0.863,True,False
22:16:21,Baseline,Heuristic,0.11,1.01,0.297,0.018,0.475,,True,False
22:16:21,Baseline,Deep_Learning,2.17,151.04,,,,0.98,True,False
22:16:21,Baseline,Heuristic,0.11,1.01,0.298,0.017,0.475,,True,False
22:16:21,Baseline,Deep_Learning,2.24,150.81,,,,0.215,False,False
22:16:21,Baseline,Heuristic,0.11,1.01,0.3,0.016,0.475,,True,False
22:16:21,Baseline,Deep_Learning,2.16,150.81,,,,0.59,False,False
22:16:21,Baseline,Heuristic,0.1,1.01,0.301,0.016,0.475,,True,False
22:16:21,Baseline,Deep_Learning,2.18,151.04,,,,0.676,False,False
22:16:21,Baseline,Heuristic,0.11,1.01,0.302,0.015,0.475,,True,False
22:16:21,Baseline,Deep_Learning,2.21,150.81,,,,0.918,True,False
22:16:22,Baseline,Heuristic,0.1,1.01,0.303,0.015,0.475,,True,False
22:16:22,Baseline,Deep_Learning,2.15,150.81,,,,0.918,True,False
22:16:22,Baseline,Heuristic,0.1,1.01,0.305,0.014,0.475,,True,False
22:16:22,Baseline,Deep_Learning,2.32,150.81,,,,0.863,True,False
22:16:22,Baseline,Heuristic,0.15,1.01,0.306,0.014,0.475,,True,False
22:16:22,Baseline,Deep_Learning,2.48,150.81,,,,0.863,True,False
22:16:22,Baseline,Heuristic,0.11,1.01,0.307,0.013,0.475,,True,False
22:16:22,Baseline,Deep_Learning,2.21,150.81,,,,0.453,False,False
22:16:22,Baseline,Heuristic,0.11,1.01,0.307,0.013,0.475,,True,False
22:16:22,Baseline,Deep_Learning,2.36,150.84,,,,0.215,False,False
22:16:22,Baseline,Heuristic,0.11,1.01,0.309,0.012,0.475,,True,False
22:16:22,Baseline,Deep_Learning,2.19,150.81,,,,0.715,False,False
22:16:22,Baseline,Heuristic,0.1,1.01,0.31,0.012,0.475,,True,False
22:16:22,Baseline,Deep_Learning,2.19,150.55,,,,0.812,True,False
22:16:22,Baseline,Heuristic,0.1,1.01,0.31,0.012,0.475,,True,False
22:16:22,Baseline,Deep_Learning,2.21,150.55,,,,0.863,True,False
22:16:22,Baseline,Heuristic,0.1,1.01,0.311,0.011,0.475,,True,False
22:16:22,Baseline,Deep_Learning,2.18,150.55,,,,0.84,True,False
22:16:22,Baseline,Heuristic,0.12,1.01,0.312,0.011,0.475,,True,False
22:16:22,Baseline,Deep_Learning,2.2,150.78,,,,0.363,False,False
22:16:22,Baseline,Heuristic,0.11,1.01,0.313,0.01,0.475,,True,False
22:16:22,Baseline,Deep_Learning,2.16,150.78,,,,0.957,True,False
22:16:22,Baseline,Heuristic,0.1,1.01,0.314,0.01,0.475,,True,False
22:16:22,Baseline,Deep_Learning,2.24,150.55,,,,0.973,True,False
22:16:23,Baseline,Heuristic,0.11,1.01,0.314,0.01,0.475,,True,False
22:16:23,Baseline,Deep_Learning,2.18,150.81,,,,0.902,True,False
22:16:23,Baseline,Heuristic,0.1,1.01,0.315,0.01,0.475,,True,False
22:16:23,Baseline,Deep_Learning,2.18,150.81,,,,0.902,True,False
22:16:23,Baseline,Heuristic,0.11,1.01,0.315,0.009,0.475,,True,False
22:16:23,Baseline,Deep_Learning,2.26,150.81,,,,0.93,True,False
22:16:23,Baseline,Heuristic,0.11,1.01,0.316,0.009,0.475,,True,False
22:16:23,Baseline,Deep_Learning,2.21,150.81,,,,0.5,False,False
22:16:23,Baseline,Heuristic,0.11,1.01,0.316,0.009,0.475,,True,False
22:16:23,Baseline,Deep_Learning,2.3,150.55,,,,0.715,False,False
22:16:23,Baseline,Heuristic,0.1,1.01,0.316,0.009,0.475,,True,False
22:16:23,Baseline,Deep_Learning,2.26,150.32,,,,0.453,False,False
22:16:23,Baseline,Heuristic,0.11,1.01,0.316,0.008,0.475,,True,False
22:16:23,Baseline,Deep_Learning,2.31,150.32,,,,0.453,False,False
22:16:23,Baseline,Heuristic,0.1,1.01,0.316,0.008,0.475,,True,False
22:16:23,Baseline,Deep_Learning,2.19,150.32,,,,0.785,False,False
22:16:23,Baseline,Heuristic,0.1,1.01,0.316,0.008,0.475,,True,False
22:16:23,Baseline,Deep_Learning,2.22,150.32,,,,0.676,False,False
22:16:23,Baseline,Heuristic,0.1,1.01,0.316,0.008,0.475,,True,False
22:16:23,Baseline,Deep_Learning,2.18,150.32,,,,0.5,False,False
22:16:23,Baseline,Heuristic,0.11,1.01,0.316,0.008,0.475,,True,False
22:16:23,Baseline,Deep_Learning,2.38,150.32,,,,0.5,False,False
22:16:23,Baseline,Heuristic,0.11,1.01,0.316,0.008,0.475,,True,False
22:16:23,Baseline,Deep_Learning,2.31,150.32,,,,0.715,False,False
22:16:23,Baseline,Heuristic,0.11,1.01,0.315,0.007,0.475,,True,False
22:16:23,Baseline,Deep_Learning,2.23,150.06,,,,0.812,True,False
22:16:23,Baseline,Heuristic,0.11,1.01,0.315,0.007,0.475,,True,False
22:16:23,Baseline,Deep_Learning,2.23,150.55,,,,0.41,False,False
22:16:24,Baseline,Heuristic,0.1,1.01,0.315,0.007,0.475,,True,False
22:16:24,Baseline,Deep_Learning,2.26,150.32,,,,0.715,False,False
22:16:24,Baseline,Heuristic,0.11,1.01,0.315,0.007,0.475,,True,False
22:16:24,Baseline,Deep_Learning,2.3,150.32,,,,0.25,False,False
22:16:24,Baseline,Heuristic,0.1,1.01,0.316,0.007,0.475,,True,False
22:16:24,Baseline,Deep_Learning,2.2,150.32,,,,0.59,False,False
22:16:24,Baseline,Heuristic,0.11,1.01,0.316,0.007,0.475,,True,False
22:16:24,Baseline,Deep_Learning,2.31,150.32,,,,0.59,False,False
22:16:24,Baseline,Heuristic,0.11,1.01,0.315,0.007,0.475,,True,False
22:16:24,Baseline,Deep_Learning,2.35,150.35,,,,0.637,False,False
22:16:24,Baseline,Heuristic,0.11,1.01,0.313,0.006,0.475,,True,False
22:16:24,Baseline,Deep_Learning,2.35,150.12,,,,0.715,False,False
22:16:24,Baseline,Heuristic,0.11,1.01,0.309,0.006,0.475,,True,False
22:16:24,Baseline,Deep_Learning,2.23,150.12,,,,0.715,False,False
22:16:24,Baseline,Heuristic,0.11,1.01,0.305,0.006,0.475,,True,False
22:16:24,Baseline,Deep_Learning,2.42,149.64,,,,0.098,False,False
22:16:24,Baseline,Heuristic,0.11,1.01,0.301,0.006,0.475,,True,False
22:16:24,Baseline,Deep_Learning,2.41,148.93,,,,0.324,False,False
22:16:24,Baseline,Heuristic,0.11,1.01,0.296,0.006,0.475,,True,False
22:16:24,Baseline,Deep_Learning,2.21,147.26,,,,0.035,False,False
22:16:24,Baseline,Heuristic,0.11,1.01,0.294,0.006,0.475,,True,False
22:16:24,Baseline,Deep_Learning,2.17,145.56,,,,0.059,False,False
22:16:24,Baseline,Heuristic,0.11,1.01,0.294,0.006,0.475,,True,False
22:16:24,Baseline,Deep_Learning,2.35,145.09,,,,0.363,False,False
22:16:24,Baseline,Heuristic,0.11,1.01,0.293,0.006,0.475,,True,False
22:16:24,Baseline,Deep_Learning,2.19,144.84,,,,0.453,False,False
22:16:25,Baseline,Heuristic,0.11,1.01,0.293,0.006,0.475,,True,False
22:16:25,Baseline,Deep_Learning,2.19,144.37,,,,0.0,False,False
22:16:25,Baseline,Heuristic,0.11,1.01,0.294,0.006,0.475,,True,False
22:16:25,Baseline,Deep_Learning,2.32,144.34,,,,0.0,False,False
22:16:25,Baseline,Heuristic,0.1,1.01,0.295,0.006,0.475,,True,False
22:16:25,Baseline,Deep_Learning,2.15,143.34,,,,0.004,False,False
22:16:25,Baseline,Heuristic,0.11,1.01,0.297,0.006,0.475,,True,False
22:16:25,Baseline,Deep_Learning,2.24,142.46,,,,0.008,False,False
22:16:25,Baseline,Heuristic,0.1,1.01,0.298,0.006,0.475,,True,False
22:16:25,Baseline,Deep_Learning,2.22,139.91,,,,0.051,False,False
22:16:25,Baseline,Heuristic,0.1,1.01,0.299,0.006,0.475,,True,False
22:16:25,Baseline,Deep_Learning,2.18,138.66,,,,0.0,False,False
22:16:25,Baseline,Heuristic,0.11,1.01,0.3,0.005,0.475,,True,False
22:16:25,Baseline,Deep_Learning,2.18,137.62,,,,0.0,False,False
22:16:25,Baseline,Heuristic,0.11,1.01,0.302,0.005,0.475,,True,False
22:16:25,Baseline,Deep_Learning,2.34,137.21,,,,0.0,False,False
22:16:25,Baseline,Heuristic,0.1,1.01,0.303,0.005,0.475,,True,False
22:16:25,Baseline,Deep_Learning,2.23,137.0,,,,0.004,False,False
22:16:25,Baseline,Heuristic,0.1,1.01,0.304,0.006,0.475,,True,False
22:16:25,Baseline,Deep_Learning,2.23,138.93,,,,0.0,False,False
22:16:25,Baseline,Heuristic,0.1,1.01,0.306,0.006,0.475,,True,False
22:16:25,Baseline,Deep_Learning,2.32,140.41,,,,0.984,True,False
22:16:25,Baseline,Heuristic,0.1,1.01,0.307,0.006,0.475,,True,False
22:16:25,Baseline,Deep_Learning,2.17,140.18,,,,0.98,True,False
22:16:25,Baseline,Heuristic,0.11,1.01,0.308,0.005,0.475,,True,False
22:16:25,Baseline,Deep_Learning,2.26,140.65,,,,0.996,True,False
22:16:25,Baseline,Heuristic,0.1,1.01,0.309,0.005,0.475,,True,False
22:16:25,Baseline,Deep_Learning,2.21,142.43,,,,0.715,False,False
22:16:26,Baseline,Heuristic,0.1,1.01,0.307,0.005,0.475,,True,False
22:16:26,Baseline,Deep_Learning,3.27,145.92,,,,0.93,True,False
22:16:26,Baseline,Heuristic,0.1,1.01,0.305,0.005,0.475,,True,False
22:16:26,Baseline,Deep_Learning,2.17,147.74,,,,0.41,False,False
22:16:26,Baseline,Heuristic,0.11,1.01,0.303,0.005,0.475,,True,False
22:16:26,Baseline,Deep_Learning,2.36,148.02,,,,0.5,False,False
22:16:26,Baseline,Heuristic,0.1,1.01,0.302,0.005,0.475,,True,False
22:16:26,Baseline,Deep_Learning,2.4,149.87,,,,0.363,False,False
22:16:26,Baseline,Heuristic,0.1,1.01,0.301,0.005,0.475,,True,False
22:16:26,Baseline,Deep_Learning,2.26,150.61,,,,0.5,False,False
22:16:26,Baseline,Heuristic,0.1,1.01,0.301,0.004,0.475,,True,False
22:16:26,Baseline,Deep_Learning,2.18,150.09,,,,0.676,False,False
22:16:26,Baseline,Heuristic,0.1,1.01,0.301,0.004,0.475,,True,False
22:16:26,Baseline,Deep_Learning,2.23,151.07,,,,0.137,False,False
22:16:26,Baseline,Heuristic,0.1,1.01,0.301,0.004,0.475,,True,False
22:16:26,Baseline,Deep_Learning,2.21,150.84,,,,0.027,False,False
22:16:26,Baseline,Heuristic,0.11,1.01,0.302,0.004,0.475,,True,False
22:16:26,Baseline,Deep_Learning,2.25,150.84,,,,0.02,False,False
22:16:26,Baseline,Heuristic,0.11,1.01,0.302,0.004,0.475,,True,False
22:16:26,Baseline,Deep_Learning,2.38,151.11,,,,0.016,False,False
22:16:26,Baseline,Heuristic,0.16,1.01,0.304,0.004,0.475,,True,False
22:16:26,Baseline,Deep_Learning,3.23,149.87,,,,0.363,False,False
22:16:26,Baseline,Heuristic,0.11,1.01,0.305,0.004,0.475,,True,False
22:16:26,Baseline,Deep_Learning,2.26,149.87,,,,0.285,False,False
22:16:26,Baseline,Heuristic,0.11,1.01,0.306,0.004,0.475,,True,False
22:16:26,Baseline,Deep_Learning,2.27,149.87,,,,0.051,False,False
22:16:27,Baseline,Heuristic,0.1,1.01,0.307,0.004,0.475,,True,False
22:16:27,Baseline,Deep_Learning,2.15,149.38,,,,0.059,False,False
22:16:27,Baseline,Heuristic,0.11,1.01,0.308,0.004,0.475,,True,False
22:16:27,Baseline,Deep_Learning,2.22,149.64,,,,0.035,False,False
22:16:27,Baseline,Heuristic,0.11,1.01,0.309,0.004,0.475,,True,False
22:16:27,Baseline,Deep_Learning,2.2,149.64,,,,0.137,False,False
22:16:27,Baseline,Heuristic,0.11,1.01,0.31,0.004,0.475,,True,False
22:16:27,Baseline,Deep_Learning,2.17,149.64,,,,0.137,False,False
22:16:27,Baseline,Heuristic,0.11,1.01,0.311,0.004,0.475,,True,False
22:16:27,Baseline,Deep_Learning,2.2,149.41,,,,0.324,False,False
22:16:27,Baseline,Heuristic,0.1,1.01,0.312,0.004,0.475,,True,False
22:16:27,Baseline,Deep_Learning,2.27,149.41,,,,0.137,False,False
22:16:27,Baseline,Heuristic,0.11,1.01,0.313,0.004,0.475,,True,False
22:16:27,Baseline,Deep_Learning,2.24,149.41,,,,0.137,False,False
22:16:27,Baseline,Heuristic,0.11,1.01,0.314,0.004,0.475,,True,False
22:16:27,Baseline,Deep_Learning,2.16,149.18,,,,0.07,False,False
22:16:27,Baseline,Heuristic,0.11,1.01,0.314,0.004,0.475,,True,False
22:16:27,Baseline,Deep_Learning,2.19,149.41,,,,0.16,False,False
22:16:27,Baseline,Heuristic,0.11,1.01,0.314,0.004,0.475,,True,False
22:16:27,Baseline,Deep_Learning,2.4,149.9,,,,0.035,False,False
22:16:27,Baseline,Heuristic,0.11,1.01,0.314,0.004,0.475,,True,False
22:16:27,Baseline,Deep_Learning,2.15,149.41,,,,0.16,False,False
22:16:27,Baseline,Heuristic,0.1,1.01,0.315,0.004,0.475,,True,False
22:16:27,Baseline,Deep_Learning,2.16,149.18,,,,0.07,False,False
22:16:27,Baseline,Heuristic,0.1,1.01,0.314,0.003,0.475,,True,False
22:16:27,Baseline,Deep_Learning,2.16,149.7,,,,0.098,False,False
22:16:28,Baseline,Heuristic,0.12,1.01,0.313,0.003,0.475,,True,False
22:16:28,Baseline,Deep_Learning,2.29,150.21,,,,0.004,False,False
22:16:28,Baseline,Heuristic,0.12,1.01,0.312,0.004,0.475,,True,False
22:16:28,Baseline,Deep_Learning,2.21,149.95,,,,0.016,False,False
22:16:28,Baseline,Heuristic,0.11,1.01,0.311,0.004,0.475,,True,False
22:16:28,Baseline,Deep_Learning,2.22,149.7,,,,0.016,False,False
22:16:28,Baseline,Heuristic,0.1,1.01,0.311,0.004,0.475,,True,False
22:16:28,Baseline,Deep_Learning,2.15,150.67,,,,0.035,False,False
22:16:28,Baseline,Heuristic,0.1,1.01,0.31,0.004,0.475,,True,False
22:16:28,Baseline,Deep_Learning,2.12,150.41,,,,0.035,False,False
22:16:28,Baseline,Heuristic,0.1,1.01,0.309,0.004,0.475,,True,False
22:16:28,Baseline,Deep_Learning,2.15,150.64,,,,0.012,False,False
22:16:28,Baseline,Heuristic,0.11,1.01,0.309,0.004,0.475,,True,False
22:16:28,Baseline,Deep_Learning,2.14,150.67,,,,0.027,False,False
22:16:28,Baseline,Heuristic,0.1,1.01,0.309,0.004,0.475,,True,False
22:16:28,Baseline,Deep_Learning,2.14,150.98,,,,0.004,False,False
22:16:28,Baseline,Heuristic,0.1,1.01,0.308,0.004,0.475,,True,False
22:16:28,Baseline,Deep_Learning,2.18,150.75,,,,0.012,False,False
22:16:28,Baseline,Heuristic,0.11,1.01,0.307,0.004,0.475,,True,False
22:16:28,Baseline,Deep_Learning,2.25,150.75,,,,0.98,True,False
22:16:28,Baseline,Heuristic,0.1,1.01,0.306,0.004,0.475,,True,False
22:16:28,Baseline,Deep_Learning,2.23,150.0,,,,0.996,True,False
22:16:28,Baseline,Heuristic,0.1,1.01,0.304,0.004,0.475,,True,False
22:16:28,Baseline,Deep_Learning,2.22,149.75,,,,0.996,True,False
22:16:28,Baseline,Heuristic,0.1,1.01,0.302,0.004,0.475,,True,False
22:16:28,Baseline,Deep_Learning,2.34,149.26,,,,0.637,False,False
22:16:28,Baseline,Heuristic,0.11,1.01,0.301,0.004,0.475,,True,False
22:16:28,Baseline,Deep_Learning,2.3,149.49,,,,0.25,False,False
22:16:29,Baseline,Heuristic,0.11,1.01,0.3,0.004,0.475,,True,False
22:16:29,Baseline,Deep_Learning,2.37,149.44,,,,0.5,False,False
22:16:29,Baseline,Heuristic,0.11,1.01,0.299,0.004,0.475,,True,False
22:16:29,Baseline,Deep_Learning,2.27,149.41,,,,0.137,False,False
22:16:29,Baseline,Heuristic,0.11,1.01,0.299,0.004,0.475,,True,False
22:16:29,Baseline,Deep_Learning,2.26,149.9,,,,0.117,False,False
22:16:29,Baseline,Heuristic,0.1,1.01,0.299,0.004,0.475,,True,False
22:16:29,Baseline,Deep_Learning,2.23,150.12,,,,0.004,False,False
22:16:29,Baseline,Heuristic,0.12,1.01,0.299,0.004,0.475,,True,False
22:16:29,Baseline,Deep_Learning,2.2,151.04,,,,0.016,False,False
22:16:29,Baseline,Heuristic,0.1,1.01,0.3,0.004,0.475,,True,False
22:16:29,Baseline,Deep_Learning,2.65,151.27,,,,0.023,False,False
22:16:29,Baseline,Heuristic,0.1,1.01,0.3,0.004,0.475,,True,False
22:16:29,Baseline,Deep_Learning,2.25,150.81,,,,0.07,False,False
22:16:29,Baseline,Heuristic,0.1,1.01,0.3,0.004,0.475,,True,False
22:16:29,Baseline,Deep_Learning,2.16,151.27,,,,0.863,True,False
22:16:29,Baseline,Heuristic,0.1,1.01,0.301,0.004,0.475,,True,False
22:16:29,Baseline,Deep_Learning,2.16,151.8,,,,0.902,True,False
22:16:29,Baseline,Heuristic,0.11,1.01,0.301,0.004,0.475,,True,False
22:16:29,Baseline,Deep_Learning,2.32,150.78,,,,0.977,True,False
22:16:29,Baseline,Heuristic,0.13,1.01,0.301,0.004,0.475,,True,False
22:16:29,Baseline,Deep_Learning,2.22,151.3,,,,0.965,True,False
22:16:29,Baseline,Heuristic,0.11,1.01,0.301,0.004,0.475,,True,False
22:16:29,Baseline,Deep_Learning,2.27,151.34,,,,0.996,True,False
22:16:29,Baseline,Heuristic,0.1,1.01,0.301,0.004,0.475,,True,False
22:16:29,Baseline,Deep_Learning,2.16,151.34,,,,0.996,True,False
22:16:29,Baseline,Heuristic,0.11,1.01,0.302,0.004,0.475,,True,False
22:16:29,Baseline,Deep_Learning,2.3,150.81,,,,0.996,True,False
22:16:29,Baseline,Heuristic,0.1,1.01,0.302,0.003,0.475,,True,False
22:16:29,Baseline,Deep_Learning,2.19,150.84,,,,0.992,True,False
22:16:30,Baseline,Heuristic,0.11,1.01,0.302,0.003,0.475,,True,False
22:16:30,Baseline,Deep_Learning,2.31,150.58,,,,0.996,True,False
22:16:30,Baseline,Heuristic,0.11,1.01,0.302,0.003,0.475,,True,False
22:16:30,Baseline,Deep_Learning,2.16,150.58,,,,0.996,True,False
22:16:30,Baseline,Heuristic,0.11,1.01,0.303,0.004,0.475,,True,False
22:16:30,Baseline,Deep_Learning,2.17,150.84,,,,0.996,True,False
22:16:30,Baseline,Heuristic,0.11,1.01,0.303,0.004,0.475,,True,False
22:16:30,Baseline,Deep_Learning,2.19,150.35,,,,0.984,True,False
22:16:30,Baseline,Heuristic,0.12,1.01,0.304,0.003,0.475,,True,False
22:16:30,Baseline,Deep_Learning,2.23,149.87,,,,0.996,True,False
22:16:30,Baseline,Heuristic,0.11,1.01,0.304,0.003,0.475,,True,False
22:16:30,Baseline,Deep_Learning,2.21,150.35,,,,0.996,True,False
22:16:30,Baseline,Heuristic,0.1,1.01,0.303,0.003,0.475,,True,False
22:16:30,Baseline,Deep_Learning,2.16,150.18,,,,0.996,True,False
22:16:30,Baseline,Heuristic,0.11,1.01,0.303,0.003,0.475,,True,False
22:16:30,Baseline,Deep_Learning,2.18,149.93,,,,0.996,True,False
22:16:30,Baseline,Heuristic,0.1,1.01,0.302,0.003,0.475,,True,False
22:16:30,Baseline,Deep_Learning,2.17,149.9,,,,0.84,True,False
22:16:30,Baseline,Heuristic,0.1,1.01,0.302,0.003,0.475,,True,False
22:16:30,Baseline,Deep_Learning,4.72,149.93,,,,0.812,True,False
22:16:30,Baseline,Heuristic,0.1,1.01,0.302,0.003,0.475,,True,False
22:16:30,Baseline,Deep_Learning,2.22,149.41,,,,0.25,False,False
22:16:30,Baseline,Heuristic,0.11,1.01,0.302,0.003,0.475,,True,False
22:16:30,Baseline,Deep_Learning,2.26,148.7,,,,0.957,True,False
22:16:30,Baseline,Heuristic,0.11,1.01,0.303,0.003,0.475,,True,False
22:16:30,Baseline,Deep_Learning,3.77,148.44,,,,0.902,True,False
22:16:30,Baseline,Heuristic,0.11,1.01,0.304,0.003,0.475,,True,False
22:16:30,Baseline,Deep_Learning,3.08,147.57,,,,0.996,True,False
22:16:31,Baseline,Heuristic,0.11,1.01,0.305,0.003,0.475,,True,False
22:16:31,Baseline,Deep_Learning,2.28,147.34,,,,0.996,True,False
22:16:31,Baseline,Heuristic,0.1,1.01,0.305,0.003,0.475,,True,False
22:16:31,Baseline,Deep_Learning,2.16,148.09,,,,0.996,True,False
22:16:31,Baseline,Heuristic,0.11,1.01,0.305,0.004,0.475,,True,False
22:16:31,Baseline,Deep_Learning,2.25,147.84,,,,0.996,True,False
22:16:31,Baseline,Heuristic,0.11,1.01,0.306,0.004,0.475,,True,False
22:16:31,Baseline,Deep_Learning,2.33,147.84,,,,0.996,True,False
22:16:31,Baseline,Heuristic,0.11,1.01,0.306,0.004,0.475,,True,False
22:16:31,Baseline,Deep_Learning,2.25,148.32,,,,0.996,True,False
22:16:31,Baseline,Heuristic,0.1,1.01,0.306,0.004,0.475,,True,False
22:16:31,Baseline,Deep_Learning,2.14,147.59,,,,0.883,True,False
22:16:31,Baseline,Heuristic,0.11,1.01,0.307,0.004,0.475,,True,False
22:16:31,Baseline,Deep_Learning,2.19,147.79,,,,0.547,False,False
22:16:31,Baseline,Heuristic,0.11,1.01,0.307,0.004,0.475,,True,False
22:16:31,Baseline,Deep_Learning,2.34,148.53,,,,0.637,False,False
22:16:31,Baseline,Heuristic,0.11,1.01,0.308,0.004,0.475,,True,False
22:16:31,Baseline,Deep_Learning,2.23,148.73,,,,0.188,False,False
22:16:31,Baseline,Heuristic,0.11,1.01,0.309,0.004,0.475,,True,False
22:16:31,Baseline,Deep_Learning,2.25,148.47,,,,0.547,False,False
22:16:31,Baseline,Heuristic,0.1,1.01,0.309,0.004,0.475,,True,False
22:16:31,Baseline,Deep_Learning,2.22,148.73,,,,0.59,False,False
22:16:31,Baseline,Heuristic,0.1,1.01,0.31,0.004,0.475,,True,False
22:16:31,Baseline,Deep_Learning,2.17,148.27,,,,0.812,True,False
22:16:31,Baseline,Heuristic,0.11,1.01,0.311,0.004,0.475,,True,False
22:16:31,Baseline,Deep_Learning,2.35,149.44,,,,0.02,False,False
22:16:32,Baseline,Heuristic,0.11,1.01,0.313,0.004,0.475,,True,False
22:16:32,Baseline,Deep_Learning,2.22,149.41,,,,0.117,False,False
22:16:32,Baseline,Heuristic,0.11,1.01,0.313,0.004,0.475,,True,False
22:16:32,Baseline,Deep_Learning,2.29,148.96,,,,0.41,False,False
22:16:32,Baseline,Heuristic,0.1,1.01,0.314,0.004,0.475,,True,False
22:16:32,Baseline,Deep_Learning,2.17,148.7,,,,0.785,False,False
22:16:32,Baseline,Heuristic,0.15,1.01,0.315,0.004,0.475,,True,False
22:16:32,Baseline,Deep_Learning,2.69,148.96,,,,0.863,True,False
22:16:32,Baseline,Heuristic,0.11,1.01,0.315,0.004,0.475,,True,False
22:16:32,Baseline,Deep_Learning,2.18,149.15,,,,0.812,True,False
22:16:32,Baseline,Heuristic,0.11,1.01,0.316,0.004,0.475,,True,False
22:16:32,Baseline,Deep_Learning,2.19,149.15,,,,0.902,True,False
22:16:32,Baseline,Heuristic,0.1,1.01,0.317,0.004,0.475,,True,False
22:16:32,Baseline,Deep_Learning,2.16,149.15,,,,0.902,True,False
22:16:32,Baseline,Heuristic,0.11,1.01,0.317,0.004,0.475,,True,False
22:16:32,Baseline,Deep_Learning,2.15,149.15,,,,0.918,True,False
22:16:32,Baseline,Heuristic,0.1,1.01,0.318,0.004,0.475,,True,False
22:16:32,Baseline,Deep_Learning,2.19,149.15,,,,0.992,True,False
22:16:32,Baseline,Heuristic,0.11,1.01,0.319,0.004,0.475,,True,False
22:16:32,Baseline,Deep_Learning,2.19,149.15,,,,0.918,True,False
22:16:32,Baseline,Heuristic,0.11,1.01,0.32,0.004,0.475,,True,False
22:16:32,Baseline,Deep_Learning,2.22,149.15,,,,0.918,True,False
22:16:32,Baseline,Heuristic,0.1,1.01,0.32,0.004,0.475,,True,False
22:16:32,Baseline,Deep_Learning,2.23,149.15,,,,0.992,True,False
22:16:32,Baseline,Heuristic,0.11,1.01,0.321,0.004,0.475,,True,False
22:16:32,Baseline,Deep_Learning,2.19,148.93,,,,0.984,True,False
22:16:32,Baseline,Heuristic,0.1,1.01,0.322,0.004,0.475,,True,False
22:16:32,Baseline,Deep_Learning,2.18,148.93,,,,0.984,True,False
22:16:33,Baseline,Heuristic,0.1,1.01,0.322,0.004,0.475,,True,False
22:16:33,Baseline,Deep_Learning,2.57,149.41,,,,0.547,False,False
22:16:33,Baseline,Heuristic,0.11,1.01,0.323,0.004,0.475,,True,False
22:16:33,Baseline,Deep_Learning,2.2,149.41,,,,0.883,True,False
22:16:33,Baseline,Heuristic,0.11,1.01,0.323,0.004,0.475,,True,False
22:16:33,Baseline,Deep_Learning,2.21,149.41,,,,0.75,False,False
22:16:33,Baseline,Heuristic,0.1,1.01,0.324,0.004,0.475,,True,False
22:16:33,Baseline,Deep_Learning,2.17,149.41,,,,0.75,False,False
22:16:33,Baseline,Heuristic,0.11,1.01,0.324,0.004,0.475,,True,False
22:16:33,Baseline,Deep_Learning,2.2,149.18,,,,0.785,False,False
22:16:33,Baseline,Heuristic,0.11,1.01,0.325,0.004,0.475,,True,False
22:16:33,Baseline,Deep_Learning,2.26,149.18,,,,0.75,False,False
22:16:33,Baseline,Heuristic,0.12,1.01,0.325,0.004,0.475,,True,False
22:16:33,Baseline,Deep_Learning,2.17,149.18,,,,0.75,False,False
22:16:33,Baseline,Heuristic,0.11,1.01,0.325,0.004,0.475,,True,False
22:16:33,Baseline,Deep_Learning,2.2,148.93,,,,0.977,True,False
22:16:33,Baseline,Heuristic,0.1,1.01,0.325,0.004,0.474,,True,False
22:16:33,Baseline,Deep_Learning,2.13,148.93,,,,0.957,True,False
22:16:33,Baseline,Heuristic,0.12,1.01,0.326,0.004,0.472,,True,False
22:16:33,Baseline,Deep_Learning,2.47,148.93,,,,0.957,True,False
22:16:33,Baseline,Heuristic,0.1,1.01,0.326,0.004,0.469,,True,False
22:16:33,Baseline,Deep_Learning,2.22,149.18,,,,0.918,True,False
22:16:33,Baseline,Heuristic,0.1,1.01,0.326,0.004,0.467,,True,False
22:16:33,Baseline,Deep_Learning,2.21,149.18,,,,0.902,True,False
22:16:33,Baseline,Heuristic,0.11,1.01,0.326,0.004,0.464,,True,False
22:16:33,Baseline,Deep_Learning,2.25,149.44,,,,0.812,True,False
22:16:33,Baseline,Heuristic,0.11,1.01,0.327,0.004,0.461,,True,False
22:16:33,Baseline,Deep_Learning,2.18,149.44,,,,0.98,True,False
22:16:34,Baseline,Heuristic,0.12,1.01,0.327,0.004,0.457,,True,False
22:16:34,Baseline,Deep_Learning,2.31,149.18,,,,0.984,True,False
22:16:34,Baseline,Heuristic,0.11,1.01,0.327,0.004,0.454,,True,False
22:16:34,Baseline,Deep_Learning,2.19,148.93,,,,0.918,True,False
22:16:34,Baseline,Heuristic,0.1,1.01,0.327,0.004,0.452,,True,False
22:16:34,Baseline,Deep_Learning,2.14,148.89,,,,0.863,True,False
22:16:34,Baseline,Heuristic,0.11,1.01,0.327,0.004,0.449,,True,False
22:16:34,Baseline,Deep_Learning,2.32,148.44,,,,0.918,True,False
22:16:34,Baseline,Heuristic,0.1,1.01,0.327,0.004,0.447,,True,False
22:16:34,Baseline,Deep_Learning,2.16,148.67,,,,0.547,False,False
22:16:34,Baseline,Heuristic,0.1,1.01,0.327,0.004,0.445,,True,False
22:16:34,Baseline,Deep_Learning,2.28,148.93,,,,0.363,False,False
22:16:34,Baseline,Heuristic,0.11,1.01,0.327,0.004,0.443,,True,False
22:16:34,Baseline,Deep_Learning,2.32,148.93,,,,0.715,False,False
22:16:34,Baseline,Heuristic,0.11,1.01,0.327,0.004,0.441,,True,False
22:16:34,Baseline,Deep_Learning,2.33,148.7,,,,0.547,False,False
22:16:34,Baseline,Heuristic,0.1,1.01,0.327,0.004,0.437,,True,False
22:16:34,Baseline,Deep_Learning,2.23,148.7,,,,0.676,False,False
22:16:34,Baseline,Heuristic,0.11,1.01,0.327,0.004,0.435,,True,False
22:16:34,Baseline,Deep_Learning,2.22,148.7,,,,0.676,False,False
22:16:34,Baseline,Heuristic,0.11,1.01,0.327,0.004,0.433,,True,False
22:16:34,Baseline,Deep_Learning,2.19,148.7,,,,0.902,True,False
22:16:34,Baseline,Heuristic,0.11,1.01,0.327,0.004,0.431,,True,False
22:16:34,Baseline,Deep_Learning,2.3,148.93,,,,0.785,False,False
22:16:34,Baseline,Heuristic,0.11,1.01,0.327,0.004,0.427,,True,False
22:16:34,Baseline,Deep_Learning,2.19,148.93,,,,0.676,False,False
22:16:35,Baseline,Heuristic,0.11,1.01,0.327,0.004,0.425,,True,False
22:16:35,Baseline,Deep_Learning,2.18,148.93,,,,0.676,False,False
22:16:35,Baseline,Heuristic,0.11,1.01,0.327,0.004,0.423,,True,False
22:16:35,Baseline,Deep_Learning,2.19,148.93,,,,0.988,True,False
22:16:35,Baseline,Heuristic,0.1,1.01,0.327,0.004,0.421,,True,False
22:16:35,Baseline,Deep_Learning,2.19,148.93,,,,0.84,True,False
22:16:35,Baseline,Heuristic,0.11,1.01,0.327,0.004,0.417,,True,False
22:16:35,Baseline,Deep_Learning,2.17,148.93,,,,0.785,False,False
22:16:35,Baseline,Heuristic,0.1,1.01,0.326,0.004,0.414,,True,False
22:16:35,Baseline,Deep_Learning,2.26,148.93,,,,0.863,True,False
22:16:35,Baseline,Heuristic,0.1,1.01,0.326,0.004,0.411,,True,False
22:16:35,Baseline,Deep_Learning,2.16,148.93,,,,0.883,True,False
22:16:35,Baseline,Heuristic,0.11,1.01,0.326,0.004,0.408,,True,False
22:16:35,Baseline,Deep_Learning,2.23,148.93,,,,0.883,True,False
22:16:35,Baseline,Heuristic,0.11,1.01,0.326,0.004,0.406,,True,False
22:16:35,Baseline,Deep_Learning,2.37,148.93,,,,0.918,True,False
22:16:35,Baseline,Heuristic,0.1,1.01,0.326,0.004,0.404,,True,False
22:16:35,Baseline,Deep_Learning,2.16,148.93,,,,0.59,False,False
22:16:35,Baseline,Heuristic,0.11,1.01,0.325,0.004,0.401,,True,False
22:16:35,Baseline,Deep_Learning,2.21,149.15,,,,0.918,True,False
22:16:35,Baseline,Heuristic,0.11,1.01,0.325,0.004,0.398,,True,False
22:16:35,Baseline,Deep_Learning,2.18,149.15,,,,0.918,True,False
22:16:35,Baseline,Heuristic,0.1,1.01,0.325,0.004,0.396,,True,False
22:16:35,Baseline,Deep_Learning,2.19,148.67,,,,0.902,True,False
22:16:35,Baseline,Heuristic,0.11,1.01,0.324,0.004,0.394,,True,False
22:16:35,Baseline,Deep_Learning,2.16,148.93,,,,0.883,True,False
22:16:36,Baseline,Heuristic,0.1,1.01,0.321,0.004,0.391,,True,False
22:16:36,Baseline,Deep_Learning,2.15,148.67,,,,0.676,False,False
22:16:36,Baseline,Heuristic,0.11,1.01,0.318,0.004,0.388,,True,False
22:16:36,Baseline,Deep_Learning,2.2,148.67,,,,0.957,True,False
22:16:36,Baseline,Heuristic,0.11,1.01,0.315,0.004,0.386,,True,False
22:16:36,Baseline,Deep_Learning,2.25,148.67,,,,0.75,False,False
22:16:36,Baseline,Heuristic,0.11,1.01,0.313,0.004,0.384,,True,False
22:16:36,Baseline,Deep_Learning,2.28,148.67,,,,0.902,True,False
22:16:36,Baseline,Heuristic,0.15,1.01,0.312,0.003,0.382,,True,False
22:16:36,Baseline,Deep_Learning,2.71,148.67,,,,0.902,True,False
22:16:36,Baseline,Heuristic,0.11,1.01,0.311,0.003,0.379,,True,False
22:16:36,Baseline,Deep_Learning,2.38,148.93,,,,0.984,True,False
22:16:36,Baseline,Heuristic,0.11,1.01,0.311,0.003,0.377,,True,False
22:16:36,Baseline,Deep_Learning,2.26,148.7,,,,0.812,True,False
22:16:36,Baseline,Heuristic,0.1,1.01,0.311,0.003,0.375,,True,False
22:16:36,Baseline,Deep_Learning,2.24,148.7,,,,0.812,True,False
22:16:36,Baseline,Heuristic,0.1,1.01,0.311,0.003,0.374,,True,False
22:16:36,Baseline,Deep_Learning,2.16,148.7,,,,0.75,False,False
22:16:36,Baseline,Heuristic,0.1,1.01,0.312,0.003,0.372,,True,False
22:16:36,Baseline,Deep_Learning,2.18,148.93,,,,0.676,False,False
22:16:36,Baseline,Heuristic,0.11,1.01,0.312,0.003,0.369,,True,False
22:16:36,Baseline,Deep_Learning,2.2,146.98,,,,0.973,True,False
22:16:36,Baseline,Heuristic,0.11,1.01,0.313,0.003,0.367,,True,False
22:16:36,Baseline,Deep_Learning,2.16,145.15,,,,0.996,True,False
22:16:36,Baseline,Heuristic,0.12,1.01,0.314,0.004,0.365,,True,False
22:16:36,Baseline,Deep_Learning,2.4,144.46,,,,0.996,True,False
22:16:36,Baseline,Heuristic,0.11,1.01,0.314,0.004,0.363,,True,False
22:16:36,Baseline,Deep_Learning,2.24,141.23,,,,0.949,True,False
22:16:36,Baseline,Heuristic,0.1,1.01,0.313,0.004,0.361,,True,False
22:16:36,Baseline,Deep_Learning,2.22,141.23,,,,0.996,True,False
22:16:37,Baseline,Heuristic,0.1,1.01,0.308,0.004,0.357,,True,False
22:16:37,Baseline,Deep_Learning,2.25,141.26,,,,0.996,True,False
22:16:37,Baseline,Heuristic,0.1,1.01,0.305,0.004,0.355,,True,False
22:16:37,Baseline,Deep_Learning,2.17,141.26,,,,0.996,True,False
22:16:37,Baseline,Heuristic,0.11,1.01,0.301,0.004,0.353,,True,False
22:16:37,Baseline,Deep_Learning,2.22,140.62,,,,0.996,True,False
22:16:37,Baseline,Heuristic,0.11,1.01,0.299,0.004,0.351,,True,False
22:16:37,Baseline,Deep_Learning,2.16,139.75,,,,0.996,True,False
22:16:37,Baseline,Heuristic,0.11,1.01,0.297,0.005,0.348,,True,False
22:16:37,Baseline,Deep_Learning,2.33,139.54,,,,0.996,True,False
22:16:37,Baseline,Heuristic,0.12,1.01,0.296,0.005,0.346,,True,False
22:16:37,Baseline,Deep_Learning,2.16,139.12,,,,0.996,True,False
22:16:37,Baseline,Heuristic,0.1,1.01,0.295,0.005,0.344,,True,False
22:16:37,Baseline,Deep_Learning,2.18,138.93,,,,0.996,True,False
22:16:37,Baseline,Heuristic,0.1,1.01,0.294,0.005,0.342,,True,False
22:16:37,Baseline,Deep_Learning,2.18,138.72,,,,0.996,True,False
22:16:37,Baseline,Heuristic,0.1,1.01,0.294,0.006,0.339,,True,False
22:16:37,Baseline,Deep_Learning,2.23,138.28,,,,0.996,True,False
22:16:37,Baseline,Heuristic,0.11,1.01,0.294,0.006,0.337,,True,False
22:16:37,Baseline,Deep_Learning,2.21,138.91,,,,0.996,True,False
22:16:37,Baseline,Heuristic,0.11,1.01,0.295,0.007,0.334,,True,False
22:16:37,Baseline,Deep_Learning,2.18,139.33,,,,0.996,True,False
22:16:37,Baseline,Heuristic,0.11,1.01,0.296,0.007,0.332,,True,False
22:16:37,Baseline,Deep_Learning,2.25,139.1,,,,0.996,True,False
22:16:37,Baseline,Heuristic,0.11,1.01,0.295,0.008,0.329,,True,False
22:16:37,Baseline,Deep_Learning,2.2,139.29,,,,0.996,True,False
22:16:37,Baseline,Heuristic,0.11,1.01,0.291,0.009,0.326,,True,False
22:16:37,Baseline,Deep_Learning,2.24,139.29,,,,0.996,True,False
22:16:38,Baseline,Heuristic,0.11,1.01,0.286,0.01,0.324,,True,False
22:16:38,Baseline,Deep_Learning,2.23,139.29,,,,0.98,True,False
22:16:38,Baseline,Heuristic,0.1,1.01,0.282,0.011,0.322,,True,False
22:16:38,Baseline,Deep_Learning,2.12,139.29,,,,0.98,True,False
22:16:38,Baseline,Heuristic,0.2,1.01,0.278,0.012,0.319,,True,False
22:16:38,Baseline,Deep_Learning,3.64,139.73,,,,0.973,True,False
22:16:38,Baseline,Heuristic,0.1,1.01,0.274,0.013,0.317,,True,False
22:16:38,Baseline,Deep_Learning,2.17,142.65,,,,0.973,True,False
22:16:38,Baseline,Heuristic,0.1,1.01,0.272,0.013,0.315,,True,False
22:16:38,Baseline,Deep_Learning,2.21,143.32,,,,0.996,True,False
22:16:38,Baseline,Heuristic,0.1,1.01,0.27,0.013,0.313,,True,False
22:16:38,Baseline,Deep_Learning,2.11,147.48,,,,0.988,True,False
22:16:38,Baseline,Heuristic,0.11,1.01,0.268,0.013,0.311,,True,False
22:16:38,Baseline,Deep_Learning,2.16,151.8,,,,0.996,True,False
22:16:38,Baseline,Heuristic,0.11,1.01,0.267,0.013,0.308,,True,False
22:16:38,Baseline,Deep_Learning,2.17,152.06,,,,0.996,True,False
22:16:38,Baseline,Heuristic,0.11,1.01,0.267,0.013,0.306,,True,False
22:16:38,Baseline,Deep_Learning,2.1,155.82,,,,0.996,True,False
22:16:38,Baseline,Heuristic,0.11,1.01,0.266,0.013,0.304,,True,False
22:16:38,Baseline,Deep_Learning,2.17,159.41,,,,0.996,True,False
22:16:38,Baseline,Heuristic,0.11,1.01,0.266,0.013,0.302,,True,False
22:16:38,Baseline,Deep_Learning,2.17,159.69,,,,0.996,True,False
22:16:38,Baseline,Heuristic,0.11,1.01,0.266,0.013,0.299,,True,False
22:16:38,Baseline,Deep_Learning,2.14,162.09,,,,0.996,True,False
22:16:38,Baseline,Heuristic,0.11,1.01,0.266,0.013,0.297,,True,False
22:16:38,Baseline,Deep_Learning,2.23,162.88,,,,0.996,True,False
22:16:38,Baseline,Heuristic,0.11,1.01,0.266,0.013,0.295,,True,False
22:16:38,Baseline,Deep_Learning,2.16,163.41,,,,0.996,True,False
22:16:38,Baseline,Heuristic,0.11,1.01,0.267,0.012,0.293,,True,False
22:16:38,Baseline,Deep_Learning,2.19,163.41,,,,0.996,True,False
22:16:39,Baseline,Heuristic,0.11,1.01,0.267,0.012,0.291,,True,False
22:16:39,Baseline,Deep_Learning,2.13,162.84,,,,0.996,True,False
22:16:39,Baseline,Heuristic,0.11,1.01,0.267,0.012,0.288,,True,False
22:16:39,Baseline,Deep_Learning,2.15,162.84,,,,0.996,True,False
22:16:39,Baseline,Heuristic,0.11,1.01,0.267,0.012,0.287,,True,False
22:16:39,Baseline,Deep_Learning,2.56,162.09,,,,0.996,True,False
22:16:39,Baseline,Heuristic,0.11,1.01,0.267,0.012,0.285,,True,False
22:16:39,Baseline,Deep_Learning,2.33,161.84,,,,0.996,True,False
22:16:39,Baseline,Heuristic,0.1,1.01,0.267,0.011,0.283,,True,False
22:16:39,Baseline,Deep_Learning,2.1,161.27,,,,0.996,True,False
22:16:39,Baseline,Heuristic,0.1,1.01,0.267,0.011,0.281,,True,False
22:16:39,Baseline,Deep_Learning,2.2,160.53,,,,0.996,True,False
22:16:39,Baseline,Heuristic,0.11,1.01,0.267,0.011,0.278,,True,False
22:16:39,Baseline,Deep_Learning,2.29,160.0,,,,0.996,True,False
22:16:39,Baseline,Heuristic,0.11,1.01,0.266,0.011,0.276,,True,False
22:16:39,Baseline,Deep_Learning,2.29,159.48,,,,0.988,True,False
22:16:39,Baseline,Heuristic,0.1,1.01,0.266,0.011,0.274,,True,False
22:16:39,Baseline,Deep_Learning,2.21,158.43,,,,0.996,True,False
22:16:39,Baseline,Heuristic,0.11,1.01,0.265,0.011,0.272,,True,False
22:16:39,Baseline,Deep_Learning,2.25,158.43,,,,0.996,True,False
22:16:39,Baseline,Heuristic,0.13,1.01,0.265,0.011,0.269,,True,False
22:16:39,Baseline,Deep_Learning,2.14,157.88,,,,0.996,True,False
22:16:39,Baseline,Heuristic,0.11,1.01,0.265,0.011,0.267,,True,False
22:16:39,Baseline,Deep_Learning,2.19,157.64,,,,0.996,True,False
22:16:39,Baseline,Heuristic,0.1,1.01,0.264,0.011,0.265,,True,False
22:16:39,Baseline,Deep_Learning,2.17,157.12,,,,0.996,True,False
22:16:39,Baseline,Heuristic,0.1,1.01,0.264,0.011,0.263,,True,False
22:16:39,Baseline,Deep_Learning,2.1,157.12,,,,0.992,True,False
22:16:39,Baseline,Heuristic,0.1,1.01,0.264,0.011,0.261,,True,False
22:16:39,Baseline,Deep_Learning,2.08,157.12,,,,0.996,True,False
22:16:40,Baseline,Heuristic,0.1,1.01,0.263,0.01,0.257,,True,False
22:16:40,Baseline,Deep_Learning,2.11,156.88,,,,0.996,True,False
22:16:40,Baseline,Heuristic,0.1,1.01,0.263,0.01,0.255,,True,False
22:16:40,Baseline,Deep_Learning,2.33,156.64,,,,0.984,True,False
22:16:40,Baseline,Heuristic,0.11,1.01,0.263,0.01,0.253,,True,False
22:16:40,Baseline,Deep_Learning,2.09,156.64,,,,0.984,True,False
22:16:40,Baseline,Heuristic,0.11,1.01,0.263,0.01,0.251,,True,False
22:16:40,Baseline,Deep_Learning,2.17,156.64,,,,0.996,True,False
22:16:40,Baseline,Heuristic,0.11,1.01,0.263,0.01,0.247,,True,False
22:16:40,Baseline,Deep_Learning,2.19,156.37,,,,0.996,True,False
22:16:40,Baseline,Heuristic,0.13,1.01,0.263,0.01,0.245,,True,False
22:16:40,Baseline,Deep_Learning,2.17,156.37,,,,0.996,True,False
22:16:40,Baseline,Heuristic,0.1,1.01,0.263,0.01,0.243,,True,False
22:16:40,Baseline,Deep_Learning,2.12,156.37,,,,0.996,True,False
22:16:40,Baseline,Heuristic,0.1,1.01,0.263,0.01,0.241,,True,False
22:16:40,Baseline,Deep_Learning,2.11,156.37,,,,0.996,True,False
22:16:40,Baseline,Heuristic,0.11,1.01,0.263,0.01,0.238,,True,False
22:16:40,Baseline,Deep_Learning,2.32,156.37,,,,0.996,True,False
22:16:40,Baseline,Heuristic,0.11,1.01,0.263,0.01,0.236,,True,False
22:16:40,Baseline,Deep_Learning,2.37,156.64,,,,0.996,True,False
22:16:40,Baseline,Heuristic,0.11,1.01,0.263,0.009,0.234,,True,False
22:16:40,Baseline,Deep_Learning,2.14,156.64,,,,0.996,True,False
22:16:40,Baseline,Heuristic,0.11,1.01,0.263,0.009,0.231,,True,False
22:16:40,Baseline,Deep_Learning,2.08,156.37,,,,0.996,True,False
22:16:40,Baseline,Heuristic,0.1,1.01,0.263,0.009,0.228,,True,False
22:16:40,Baseline,Deep_Learning,2.32,156.64,,,,0.996,True,False
22:16:41,Baseline,Heuristic,0.11,1.01,0.263,0.009,0.225,,True,False
22:16:41,Baseline,Deep_Learning,2.14,156.37,,,,0.996,True,False
22:16:41,Baseline,Heuristic,0.1,1.01,0.263,0.009,0.224,,True,False
22:16:41,Baseline,Deep_Learning,2.1,156.61,,,,0.996,True,False
22:16:41,Baseline,Heuristic,0.1,1.01,0.263,0.008,0.221,,True,False
22:16:41,Baseline,Deep_Learning,2.1,156.37,,,,0.996,True,False
22:16:41,Baseline,Heuristic,0.11,1.01,0.263,0.008,0.218,,True,False
22:16:41,Baseline,Deep_Learning,2.14,156.37,,,,0.996,True,False
22:16:41,Baseline,Heuristic,0.1,1.01,0.263,0.008,0.217,,True,False
22:16:41,Baseline,Deep_Learning,2.09,156.37,,,,0.996,True,False
22:16:41,Baseline,Heuristic,0.1,1.01,0.263,0.008,0.215,,True,False
22:16:41,Baseline,Deep_Learning,2.14,156.61,,,,0.996,True,False
22:16:41,Baseline,Heuristic,0.11,1.01,0.263,0.008,0.213,,True,False
22:16:41,Baseline,Deep_Learning,2.11,156.37,,,,0.996,True,False
22:16:41,Baseline,Heuristic,0.1,1.01,0.263,0.008,0.211,,True,False
22:16:41,Baseline,Deep_Learning,2.09,156.37,,,,0.996,True,False
22:16:41,Baseline,Heuristic,0.11,1.01,0.263,0.008,0.208,,True,False
22:16:41,Baseline,Deep_Learning,2.23,156.37,,,,0.996,True,False
22:16:41,Baseline,Heuristic,0.1,1.01,0.263,0.007,0.206,,True,False
22:16:41,Baseline,Deep_Learning,2.16,156.37,,,,0.996,True,False
22:16:41,Baseline,Heuristic,0.1,1.01,0.263,0.007,0.204,,True,False
22:16:41,Baseline,Deep_Learning,2.16,156.37,,,,0.996,True,False
22:16:41,Baseline,Heuristic,0.11,1.01,0.263,0.007,0.202,,True,False
22:16:41,Baseline,Deep_Learning,2.65,156.37,,,,0.996,True,False
22:16:41,Baseline,Heuristic,0.11,1.01,0.264,0.007,0.198,,True,False
22:16:41,Baseline,Deep_Learning,2.24,156.37,,,,0.996,True,False
22:16:41,Baseline,Heuristic,0.1,1.01,0.264,0.007,0.197,,True,False
22:16:41,Baseline,Deep_Learning,2.19,156.37,,,,0.996,True,False
22:16:41,Baseline,Heuristic,0.11,1.01,0.264,0.007,0.194,,True,False
22:16:41,Baseline,Deep_Learning,2.26,156.37,,,,0.996,True,False
22:16:42,Baseline,Heuristic,0.11,1.01,0.264,0.007,0.192,,True,False
22:16:42,Baseline,Deep_Learning,2.1,156.37,,,,0.996,True,False
22:16:42,Baseline,Heuristic,0.11,1.01,0.264,0.007,0.189,,True,False
22:16:42,Baseline,Deep_Learning,2.16,156.12,,,,0.996,True,False
22:16:42,Baseline,Heuristic,0.12,1.01,0.264,0.007,0.187,,True,False
22:16:42,Baseline,Deep_Learning,2.13,156.12,,,,0.996,True,False
22:16:42,Baseline,Heuristic,0.1,1.01,0.264,0.007,0.185,,True,False
22:16:42,Baseline,Deep_Learning,2.09,156.12,,,,0.996,True,False
22:16:42,Baseline,Heuristic,0.11,1.01,0.264,0.007,0.184,,True,False
22:16:42,Baseline,Deep_Learning,2.51,156.12,,,,0.996,True,False
22:16:42,Baseline,Heuristic,0.1,1.01,0.264,0.007,0.182,,True,False
22:16:42,Baseline,Deep_Learning,2.15,156.12,,,,0.996,True,False
22:16:42,Baseline,Heuristic,0.1,1.01,0.264,0.007,0.179,,True,False
22:16:42,Baseline,Deep_Learning,2.08,156.37,,,,0.996,True,False
22:16:42,Baseline,Heuristic,0.11,1.01,0.264,0.007,0.177,,True,False
22:16:42,Baseline,Deep_Learning,2.1,156.37,,,,0.996,True,False
22:16:42,Baseline,Heuristic,0.15,1.01,0.264,0.007,0.175,,True,False
22:16:42,Baseline,Deep_Learning,2.65,156.37,,,,0.996,True,False
22:16:42,Baseline,Heuristic,0.1,1.01,0.263,0.007,0.172,,True,False
22:16:42,Baseline,Deep_Learning,2.14,156.37,,,,0.996,True,False
22:16:42,Baseline,Heuristic,0.1,1.01,0.263,0.007,0.171,,True,False
22:16:42,Baseline,Deep_Learning,2.13,156.37,,,,0.996,True,False
22:16:42,Baseline,Heuristic,0.15,1.01,0.263,0.007,0.168,,True,False
22:16:42,Baseline,Deep_Learning,2.36,156.64,,,,0.996,True,False
22:16:42,Baseline,Heuristic,0.1,1.01,0.263,0.007,0.166,,True,False
22:16:42,Baseline,Deep_Learning,2.13,156.12,,,,0.996,True,False
22:16:42,Baseline,Heuristic,0.11,1.01,0.263,0.007,0.164,,True,False
22:16:42,Baseline,Deep_Learning,2.16,156.12,,,,0.996,True,False
22:16:42,Baseline,Heuristic,0.11,1.01,0.263,0.008,0.162,,True,False
22:16:42,Baseline,Deep_Learning,2.21,156.37,,,,0.996,True,False
22:16:43,Baseline,Heuristic,0.1,1.01,0.263,0.008,0.159,,True,False
22:16:43,Baseline,Deep_Learning,2.2,155.85,,,,0.996,True,False
22:16:43,Baseline,Heuristic,0.11,1.01,0.264,0.008,0.157,,True,False
22:16:43,Baseline,Deep_Learning,2.47,155.85,,,,0.996,True,False
22:16:43,Baseline,Heuristic,0.11,1.01,0.264,0.008,0.155,,True,False
22:16:43,Baseline,Deep_Learning,2.14,155.85,,,,0.996,True,False
22:16:43,Baseline,Heuristic,0.11,1.01,0.264,0.008,0.153,,True,False
22:16:43,Baseline,Deep_Learning,2.12,155.61,,,,0.996,True,False
22:16:43,Baseline,Heuristic,0.11,1.01,0.264,0.008,0.151,,True,False
22:16:43,Baseline,Deep_Learning,2.11,155.61,,,,0.996,True,False
22:16:43,Baseline,Heuristic,0.11,1.01,0.264,0.008,0.148,,False,False
22:16:43,Baseline,Deep_Learning,2.11,155.38,,,,0.996,True,False
22:16:43,Baseline,Heuristic,0.11,1.01,0.264,0.008,0.146,,False,False
22:16:43,Baseline,Deep_Learning,2.15,155.38,,,,0.996,True,False
22:16:43,Baseline,Heuristic,0.11,1.01,0.264,0.008,0.144,,False,False
22:16:43,Baseline,Deep_Learning,2.24,155.38,,,,0.996,True,False
22:16:43,Baseline,Heuristic,0.11,1.01,0.264,0.008,0.142,,False,False
22:16:43,Baseline,Deep_Learning,2.23,155.38,,,,0.996,True,False
22:16:43,Baseline,Heuristic,0.1,1.01,0.264,0.008,0.139,,False,False
22:16:43,Baseline,Deep_Learning,2.11,155.38,,,,0.996,True,False
22:16:43,Baseline,Heuristic,0.1,1.01,0.264,0.008,0.137,,False,False
22:16:43,Baseline,Deep_Learning,2.09,155.38,,,,0.996,True,False
22:16:43,Baseline,Heuristic,0.11,1.01,0.264,0.008,0.135,,False,False
22:16:43,Baseline,Deep_Learning,2.24,155.11,,,,0.996,True,False
22:16:43,Baseline,Heuristic,0.1,1.01,0.264,0.008,0.133,,False,False
22:16:43,Baseline,Deep_Learning,2.14,155.38,,,,0.996,True,False
22:16:43,Baseline,Heuristic,0.14,1.01,0.264,0.008,0.131,,False,False
22:16:43,Baseline,Deep_Learning,2.48,155.38,,,,0.996,True,False
22:16:44,Baseline,Heuristic,0.11,1.01,0.264,0.008,0.128,,False,False
22:16:44,Baseline,Deep_Learning,2.18,155.61,,,,0.996,True,False
22:16:44,Baseline,Heuristic,0.11,1.01,0.264,0.008,0.127,,False,False
22:16:44,Baseline,Deep_Learning,2.14,155.61,,,,0.996,True,False
22:16:44,Baseline,Heuristic,0.1,1.01,0.264,0.008,0.124,,False,False
22:16:44,Baseline,Deep_Learning,2.13,155.61,,,,0.996,True,False
22:16:44,Baseline,Heuristic,0.11,1.01,0.264,0.008,0.122,,False,False
22:16:44,Baseline,Deep_Learning,2.13,155.61,,,,0.996,True,False
22:16:44,Baseline,Heuristic,0.11,1.01,0.264,0.008,0.118,,False,False
22:16:44,Baseline,Deep_Learning,2.16,155.61,,,,0.996,True,False
22:16:44,Baseline,Heuristic,0.11,1.01,0.264,0.008,0.116,,False,False
22:16:44,Baseline,Deep_Learning,2.33,155.61,,,,0.996,True,False
22:16:44,Baseline,Heuristic,0.11,1.01,0.264,0.008,0.114,,False,False
22:16:44,Baseline,Deep_Learning,2.25,155.61,,,,0.996,True,False
22:16:44,Baseline,Heuristic,0.11,1.01,0.264,0.008,0.112,,False,False
22:16:44,Baseline,Deep_Learning,2.23,155.61,,,,0.996,True,False
22:16:44,Baseline,Heuristic,0.11,1.01,0.264,0.008,0.109,,False,False
22:16:44,Baseline,Deep_Learning,2.21,155.61,,,,0.996,True,False
22:16:44,Baseline,Heuristic,0.11,1.01,0.264,0.008,0.107,,False,False
22:16:44,Baseline,Deep_Learning,2.29,155.61,,,,0.996,True,False
22:16:44,Baseline,Heuristic,0.11,1.01,0.264,0.008,0.105,,False,False
22:16:44,Baseline,Deep_Learning,2.11,155.61,,,,0.996,True,False
22:16:44,Baseline,Heuristic,0.1,1.01,0.264,0.008,0.102,,False,False
22:16:44,Baseline,Deep_Learning,2.18,155.38,,,,0.996,True,False
22:16:44,Baseline,Heuristic,0.11,1.01,0.264,0.008,0.101,,False,False
22:16:44,Baseline,Deep_Learning,2.24,155.38,,,,0.996,True,False
22:16:44,Baseline,Heuristic,0.1,1.01,0.263,0.008,0.098,,False,False
22:16:44,Baseline,Deep_Learning,2.12,155.38,,,,0.996,True,False
22:16:45,Baseline,Heuristic,0.11,1.01,0.263,0.008,0.097,,False,False
22:16:45,Baseline,Deep_Learning,2.34,155.38,,,,0.996,True,False
22:16:45,Baseline,Heuristic,0.1,1.01,0.263,0.009,0.094,,False,False
22:16:45,Baseline,Deep_Learning,2.25,155.38,,,,0.996,True,False
22:16:45,Baseline,Heuristic,0.1,1.01,0.263,0.009,0.092,,False,False
22:16:45,Baseline,Deep_Learning,2.09,155.38,,,,0.996,True,False
22:16:45,Baseline,Heuristic,0.1,1.01,0.263,0.009,0.088,,False,False
22:16:45,Baseline,Deep_Learning,2.09,155.11,,,,0.996,True,False
22:16:45,Baseline,Heuristic,0.1,1.01,0.263,0.009,0.087,,False,False
22:16:45,Baseline,Deep_Learning,2.15,155.11,,,,0.996,True,False
22:16:45,Baseline,Heuristic,0.1,1.01,0.258,0.009,0.084,,False,False
22:16:45,Baseline,Deep_Learning,2.13,154.84,,,,0.996,True,False
22:16:45,Baseline,Heuristic,0.1,1.01,0.254,0.01,0.082,,False,False
22:16:45,Baseline,Deep_Learning,2.09,153.59,,,,0.996,True,False
22:16:45,Baseline,Heuristic,0.1,1.01,0.25,0.01,0.079,,False,False
22:16:45,Baseline,Deep_Learning,2.17,152.06,,,,0.996,True,False
22:16:45,Baseline,Heuristic,0.14,1.01,0.247,0.01,0.077,,False,False
22:16:45,Baseline,Deep_Learning,2.26,151.34,,,,0.996,True,False
22:16:45,Baseline,Heuristic,0.1,1.01,0.245,0.01,0.075,,False,False
22:16:45,Baseline,Deep_Learning,2.14,149.87,,,,0.996,True,False
22:16:45,Baseline,Heuristic,0.11,1.01,0.245,0.01,0.074,,False,False
22:16:45,Baseline,Deep_Learning,2.17,147.77,,,,0.996,True,False
22:16:45,Baseline,Heuristic,0.11,1.01,0.244,0.01,0.071,,False,False
22:16:45,Baseline,Deep_Learning,2.34,147.57,,,,0.996,True,False
22:16:45,Baseline,Heuristic,0.1,1.01,0.243,0.01,0.067,,False,False
22:16:45,Baseline,Deep_Learning,2.17,147.74,,,,0.996,True,False
22:16:45,Baseline,Heuristic,0.11,1.01,0.243,0.01,0.066,,False,False
22:16:45,Baseline,Deep_Learning,2.33,145.89,,,,0.996,True,False
22:16:45,Baseline,Heuristic,0.11,1.01,0.244,0.01,0.063,,False,False
22:16:45,Baseline,Deep_Learning,2.18,144.96,,,,0.996,True,False
22:16:46,Baseline,Heuristic,0.1,1.01,0.244,0.01,0.061,,False,False
22:16:46,Baseline,Deep_Learning,2.25,144.27,,,,0.996,True,False
22:16:46,Baseline,Heuristic,0.1,1.01,0.245,0.01,0.058,,False,False
22:16:46,Baseline,Deep_Learning,2.2,144.49,,,,0.996,True,False
22:16:46,Baseline,Heuristic,0.1,1.01,0.245,0.01,0.056,,False,False
22:16:46,Baseline,Deep_Learning,2.2,144.46,,,,0.996,True,False
22:16:46,Baseline,Heuristic,0.15,1.01,0.245,0.01,0.054,,False,False
22:16:46,Baseline,Deep_Learning,2.82,144.25,,,,0.996,True,False
22:16:46,Baseline,Heuristic,0.11,1.01,0.243,0.011,0.052,,False,False
22:16:46,Baseline,Deep_Learning,2.22,143.29,,,,0.977,True,False
22:16:46,Baseline,Heuristic,0.1,1.01,0.24,0.011,0.049,,False,False
22:16:46,Baseline,Deep_Learning,2.17,143.94,,,,0.996,True,False
22:16:46,Baseline,Heuristic,0.1,1.01,0.238,0.011,0.047,,False,False
22:16:46,Baseline,Deep_Learning,2.2,145.49,,,,0.996,True,False
22:16:46,Baseline,Heuristic,0.1,1.01,0.238,0.01,0.044,,False,False
22:16:46,Baseline,Deep_Learning,2.15,145.96,,,,0.996,True,False
22:16:46,Baseline,Heuristic,0.1,1.01,0.239,0.01,0.041,,False,False
22:16:46,Baseline,Deep_Learning,2.36,147.9,,,,0.996,True,False
22:16:46,Baseline,Heuristic,0.11,1.01,0.24,0.01,0.038,,False,False
22:16:46,Baseline,Deep_Learning,2.27,150.78,,,,0.996,True,False
22:16:46,Baseline,Heuristic,0.11,1.01,0.242,0.01,0.036,,False,False
22:16:46,Baseline,Deep_Learning,2.23,152.91,,,,0.996,True,False
22:16:46,Baseline,Heuristic,0.1,1.01,0.243,0.01,0.034,,False,False
22:16:46,Baseline,Deep_Learning,2.16,155.43,,,,0.996,True,False
22:16:46,Baseline,Heuristic,0.11,1.01,0.242,0.01,0.032,,False,False
22:16:46,Baseline,Deep_Learning,2.17,154.69,,,,0.996,True,False
22:16:46,Baseline,Heuristic,0.11,1.01,0.239,0.01,0.029,,False,False
22:16:46,Baseline,Deep_Learning,2.18,155.71,,,,0.996,True,False
22:16:47,Baseline,Heuristic,0.11,1.01,0.236,0.009,0.026,,False,False
22:16:47,Baseline,Deep_Learning,2.24,157.12,,,,0.996,True,False
22:16:47,Baseline,Heuristic,0.11,1.01,0.238,0.009,0.023,,False,False
22:16:47,Baseline,Deep_Learning,2.22,157.45,,,,0.996,True,False
22:16:47,Baseline,Heuristic,0.11,1.01,0.24,0.009,0.021,,False,False
22:16:47,Baseline,Deep_Learning,2.39,158.25,,,,0.996,True,False
22:16:47,Baseline,Heuristic,0.11,1.01,0.243,0.009,0.018,,False,False
22:16:47,Baseline,Deep_Learning,2.49,158.49,,,,0.996,True,False
22:16:47,Baseline,Heuristic,0.1,1.01,0.247,0.009,0.016,,False,False
22:16:47,Baseline,Deep_Learning,2.2,158.29,,,,0.996,True,False
22:16:47,Baseline,Heuristic,0.1,1.01,0.251,0.009,0.013,,False,False
22:16:47,Baseline,Deep_Learning,2.15,159.09,,,,0.996,True,False
22:16:47,Baseline,Heuristic,0.11,1.01,0.254,0.009,0.011,,False,False
22:16:47,Baseline,Deep_Learning,3.01,158.57,,,,0.996,True,False
22:16:47,Baseline,Heuristic,0.11,1.01,0.257,0.009,0.008,,False,False
22:16:47,Baseline,Deep_Learning,2.23,158.05,,,,0.996,True,False
22:16:47,Baseline,Heuristic,0.1,1.01,0.26,0.009,0.006,,False,False
22:16:47,Baseline,Deep_Learning,2.17,157.84,,,,0.996,True,False
22:16:47,Baseline,Heuristic,0.1,1.01,0.263,0.009,0.004,,False,False
22:16:47,Baseline,Deep_Learning,2.25,157.29,,,,0.996,True,False
22:16:47,Baseline,Heuristic,0.11,1.01,0.267,0.009,0.001,,False,False
22:16:47,Baseline,Deep_Learning,2.2,157.29,,,,0.996,True,False
22:16:47,Baseline,Heuristic,0.1,1.01,0.27,0.009,0.0,,False,False
22:16:47,Baseline,Deep_Learning,2.13,157.6,,,,0.996,True,False
22:16:47,Baseline,Heuristic,0.11,1.01,0.272,0.009,0.0,,False,False
22:16:47,Baseline,Deep_Learning,2.23,157.64,,,,0.996,True,False
22:16:48,Baseline,Heuristic,0.11,1.01,0.273,0.009,0.0,,False,False
22:16:48,Baseline,Deep_Learning,2.33,157.64,,,,0.996,True,False
22:16:48,Baseline,Heuristic,0.1,1.01,0.272,0.009,0.0,,False,False
22:16:48,Baseline,Deep_Learning,2.17,157.36,,,,0.996,True,False
22:16:48,Baseline,Heuristic,0.11,1.01,0.271,0.009,0.0,,False,False
22:16:48,Baseline,Deep_Learning,2.21,157.33,,,,0.996,True,False
22:16:48,Baseline,Heuristic,0.11,1.01,0.27,0.009,0.0,,False,False
22:16:48,Baseline,Deep_Learning,2.36,157.6,,,,0.996,True,False
22:16:48,Baseline,Heuristic,0.11,1.01,0.27,0.009,0.0,,False,False
22:16:48,Baseline,Deep_Learning,2.19,158.12,,,,0.996,True,False
22:16:48,Baseline,Heuristic,0.11,1.01,0.27,0.009,0.0,,False,False
22:16:48,Baseline,Deep_Learning,2.26,157.81,,,,0.996,True,False
22:16:48,Baseline,Heuristic,0.1,1.01,0.272,0.009,0.0,,False,False
22:16:48,Baseline,Deep_Learning,2.14,157.81,,,,0.996,True,False
22:16:48,Baseline,Heuristic,0.1,1.01,0.273,0.009,0.0,,False,False
22:16:48,Baseline,Deep_Learning,2.22,157.81,,,,0.996,True,False
22:16:48,Baseline,Heuristic,0.1,1.01,0.275,0.009,0.0,,False,False
22:16:48,Baseline,Deep_Learning,2.12,158.05,,,,0.996,True,False
22:16:48,Baseline,Heuristic,0.1,1.01,0.277,0.009,0.0,,False,False
22:16:48,Baseline,Deep_Learning,2.23,158.05,,,,0.996,True,False
22:16:48,Baseline,Heuristic,0.11,1.01,0.279,0.008,0.0,,False,False
22:16:48,Baseline,Deep_Learning,2.18,157.77,,,,0.996,True,False
22:16:48,Baseline,Heuristic,0.14,1.01,0.281,0.008,0.0,,False,False
22:16:48,Baseline,Deep_Learning,2.22,157.49,,,,0.996,True,False
22:16:48,Baseline,Heuristic,0.11,1.01,0.284,0.008,0.0,,False,False
22:16:48,Baseline,Deep_Learning,2.31,157.77,,,,0.996,True,False
22:16:48,Baseline,Heuristic,0.11,1.01,0.286,0.008,0.0,,False,False
22:16:48,Baseline,Deep_Learning,2.19,157.77,,,,0.996,True,False
22:16:48,Baseline,Heuristic,0.1,1.01,0.287,0.008,0.0,,False,False
22:16:48,Baseline,Deep_Learning,2.13,157.49,,,,0.996,True,False
22:16:49,Baseline,Heuristic,0.1,1.01,0.289,0.008,0.0,,False,False
22:16:49,Baseline,Deep_Learning,2.14,157.49,,,,0.996,True,False
22:16:49,Baseline,Heuristic,0.1,1.01,0.291,0.008,0.0,,False,False
22:16:49,Baseline,Deep_Learning,2.14,157.49,,,,0.996,True,False
22:16:49,Baseline,Heuristic,0.11,1.01,0.293,0.008,0.0,,False,False
22:16:49,Baseline,Deep_Learning,2.1,157.49,,,,0.996,True,False
22:16:49,Baseline,Heuristic,0.1,1.01,0.295,0.008,0.0,,False,False
22:16:49,Baseline,Deep_Learning,2.19,157.49,,,,0.996,True,False
22:16:49,Baseline,Heuristic,0.11,1.01,0.295,0.008,0.0,,False,False
22:16:49,Baseline,Deep_Learning,2.13,157.49,,,,0.996,True,False
22:16:49,Baseline,Heuristic,0.1,1.01,0.297,0.008,0.0,,False,False
22:16:49,Baseline,Deep_Learning,2.25,157.77,,,,0.996,True,False
22:16:49,Baseline,Heuristic,0.11,1.01,0.299,0.008,0.0,,False,False
22:16:49,Baseline,Deep_Learning,2.33,157.29,,,,0.996,True,False
22:16:49,Baseline,Heuristic,0.11,1.01,0.3,0.008,0.0,,False,False
22:16:49,Baseline,Deep_Learning,2.4,157.29,,,,0.996,True,False
22:16:49,Baseline,Heuristic,0.11,1.01,0.302,0.008,0.0,,False,False
22:16:49,Baseline,Deep_Learning,2.33,157.01,,,,0.996,True,False
22:16:49,Baseline,Heuristic,0.13,1.01,0.304,0.008,0.0,,False,False
22:16:49,Baseline,Deep_Learning,2.23,157.01,,,,0.996,True,False
22:16:49,Baseline,Heuristic,0.11,1.01,0.305,0.008,0.0,,False,False
22:16:49,Baseline,Deep_Learning,2.27,157.01,,,,0.996,True,False
22:16:49,Baseline,Heuristic,0.1,1.01,0.306,0.007,0.0,,False,False
22:16:49,Baseline,Deep_Learning,2.18,157.29,,,,0.996,True,False
22:16:49,Baseline,Heuristic,0.1,1.01,0.307,0.007,0.0,,False,False
22:16:49,Baseline,Deep_Learning,2.51,157.29,,,,0.996,True,False
22:16:49,Baseline,Heuristic,0.1,1.01,0.309,0.007,0.0,,False,False
22:16:49,Baseline,Deep_Learning,2.18,156.77,,,,0.996,True,False
22:16:50,Baseline,Heuristic,0.1,1.01,0.309,0.007,0.0,,False,False
22:16:50,Baseline,Deep_Learning,2.16,156.77,,,,0.996,True,False
22:16:50,Baseline,Heuristic,0.1,1.01,0.31,0.007,0.0,,False,False
22:16:50,Baseline,Deep_Learning,2.22,157.05,,,,0.996,True,False
22:16:50,Baseline,Heuristic,0.21,1.01,0.311,0.007,0.0,,False,False
22:16:50,Baseline,Deep_Learning,2.87,157.05,,,,0.996,True,False
22:16:50,Baseline,Heuristic,0.1,1.01,0.312,0.007,0.0,,False,False
22:16:50,Baseline,Deep_Learning,2.13,157.29,,,,0.996,True,False
22:16:50,Baseline,Heuristic,0.11,1.01,0.312,0.007,0.0,,False,False
22:16:50,Baseline,Deep_Learning,2.24,157.29,,,,0.996,True,False
22:16:50,Baseline,Heuristic,0.1,1.01,0.313,0.007,0.0,,False,False
22:16:50,Baseline,Deep_Learning,2.18,157.29,,,,0.996,True,False
22:16:50,Baseline,Heuristic,0.1,1.01,0.313,0.007,0.0,,False,False
22:16:50,Baseline,Deep_Learning,2.14,157.01,,,,0.996,True,False
22:16:50,Baseline,Heuristic,0.1,1.01,0.313,0.007,0.0,,False,False
22:16:50,Baseline,Deep_Learning,2.16,156.3,,,,0.996,True,False
22:16:50,Baseline,Heuristic,0.1,1.01,0.309,0.007,0.0,,False,False
22:16:50,Baseline,Deep_Learning,2.15,156.85,,,,0.996,True,False
22:16:50,Baseline,Heuristic,0.11,1.01,0.305,0.007,0.0,,False,False
22:16:50,Baseline,Deep_Learning,2.13,156.85,,,,0.996,True,False
22:16:50,Baseline,Heuristic,0.11,1.01,0.301,0.007,0.0,,False,False
22:16:50,Baseline,Deep_Learning,2.33,156.3,,,,0.996,True,False
22:16:50,Baseline,Heuristic,0.11,1.01,0.298,0.006,0.0,,False,False
22:16:50,Baseline,Deep_Learning,2.21,156.77,,,,0.996,True,False
22:16:50,Baseline,Heuristic,0.11,1.01,0.296,0.006,0.0,,False,False
22:16:50,Baseline,Deep_Learning,2.3,156.77,,,,0.996,True,False
22:16:50,Baseline,Heuristic,0.1,1.01,0.295,0.006,0.0,,False,False
22:16:50,Baseline,Deep_Learning,2.14,157.01,,,,0.996,True,False
22:16:50,Baseline,Heuristic,0.1,1.01,0.295,0.006,0.0,,False,False
22:16:50,Baseline,Deep_Learning,2.18,156.73,,,,0.996,True,False
22:16:51,Baseline,Heuristic,0.23,1.01,0.295,0.006,0.0,,False,False
22:16:51,Baseline,Deep_Learning,5.05,156.73,,,,0.996,True,False
22:16:51,Baseline,Heuristic,0.11,1.01,0.296,0.006,0.0,,False,False
22:16:51,Baseline,Deep_Learning,2.2,156.73,,,,0.996,True,False
22:16:51,Baseline,Heuristic,0.11,1.01,0.297,0.006,0.0,,False,False
22:16:51,Baseline,Deep_Learning,2.25,157.01,,,,0.996,True,False
22:16:51,Baseline,Heuristic,0.1,1.01,0.298,0.006,0.0,,False,False
22:16:51,Baseline,Deep_Learning,2.17,157.01,,,,0.996,True,False
22:16:51,Baseline,Heuristic,0.11,1.01,0.299,0.006,0.0,,False,False
22:16:51,Baseline,Deep_Learning,2.21,156.73,,,,0.996,True,False
22:16:51,Baseline,Heuristic,0.1,1.01,0.3,0.006,0.0,,False,False
22:16:51,Baseline,Deep_Learning,2.16,156.73,,,,0.996,True,False
22:16:51,Baseline,Heuristic,0.11,1.01,0.301,0.006,0.0,,False,False
22:16:51,Baseline,Deep_Learning,2.2,157.01,,,,0.996,True,False
22:16:51,Baseline,Heuristic,0.1,1.01,0.302,0.006,0.0,,False,False
22:16:51,Baseline,Deep_Learning,2.2,157.01,,,,0.996,True,False
22:16:51,Baseline,Heuristic,0.12,1.01,0.303,0.006,0.0,,False,False
22:16:51,Baseline,Deep_Learning,2.36,157.01,,,,0.996,True,False
22:16:51,Baseline,Heuristic,0.1,1.01,0.303,0.006,0.0,,False,False
22:16:51,Baseline,Deep_Learning,2.22,157.01,,,,0.996,True,False
22:16:51,Baseline,Heuristic,0.1,1.01,0.305,0.006,0.0,,False,False
22:16:51,Baseline,Deep_Learning,2.18,157.01,,,,0.996,True,False
22:16:51,Baseline,Heuristic,0.1,1.01,0.306,0.006,0.0,,False,False
22:16:51,Baseline,Deep_Learning,2.38,156.77,,,,0.996,True,False
22:16:51,Baseline,Heuristic,0.1,1.01,0.306,0.006,0.0,,False,False
22:16:51,Baseline,Deep_Learning,2.14,156.77,,,,0.996,True,False
22:16:51,Baseline,Heuristic,0.11,1.01,0.307,0.006,0.0,,False,False
22:16:51,Baseline,Deep_Learning,2.27,156.54,,,,0.996,True,False
22:16:51,Baseline,Heuristic,0.1,1.01,0.308,0.006,0.0,,False,False
22:16:51,Baseline,Deep_Learning,2.17,156.54,,,,0.996,True,False
22:16:52,Baseline,Heuristic,0.11,1.01,0.308,0.006,0.0,,False,False
22:16:52,Baseline,Deep_Learning,2.22,156.26,,,,0.996,True,False
22:16:52,Baseline,Heuristic,0.1,1.01,0.309,0.006,0.0,,False,False
22:16:52,Baseline,Deep_Learning,2.26,156.54,,,,0.996,True,False
22:16:52,Baseline,Heuristic,0.11,1.01,0.309,0.006,0.0,,False,False
22:16:52,Baseline,Deep_Learning,2.21,157.09,,,,0.996,True,False
22:16:52,Baseline,Heuristic,0.1,1.01,0.306,0.006,0.0,,False,False
22:16:52,Baseline,Deep_Learning,2.22,157.09,,,,0.996,True,False
22:16:52,Baseline,Heuristic,0.1,1.01,0.304,0.006,0.0,,False,False
22:16:52,Baseline,Deep_Learning,2.15,157.09,,,,0.996,True,False
22:16:52,Baseline,Heuristic,0.1,1.01,0.3,0.006,0.0,,False,False
22:16:52,Baseline,Deep_Learning,2.23,156.81,,,,0.996,True,False
22:16:52,Baseline,Heuristic,0.1,1.01,0.296,0.006,0.0,,False,False
22:16:52,Baseline,Deep_Learning,2.32,157.29,,,,0.996,True,False
22:16:52,Baseline,Heuristic,0.1,1.01,0.294,0.006,0.0,,False,False
22:16:52,Baseline,Deep_Learning,2.19,157.29,,,,0.996,True,False
22:16:52,Baseline,Heuristic,0.1,1.01,0.292,0.006,0.0,,False,False
22:16:52,Baseline,Deep_Learning,2.16,157.53,,,,0.996,True,False
22:16:52,Baseline,Heuristic,0.1,1.01,0.292,0.006,0.0,,False,False
22:16:52,Baseline,Deep_Learning,2.17,157.01,,,,0.996,True,False
22:16:52,Baseline,Heuristic,0.11,1.01,0.292,0.006,0.0,,False,False
22:16:52,Baseline,Deep_Learning,2.15,157.77,,,,0.996,True,False
22:16:52,Baseline,Heuristic,0.11,1.01,0.293,0.006,0.0,,False,False
22:16:52,Baseline,Deep_Learning,2.24,157.77,,,,0.996,True,False
22:16:52,Baseline,Heuristic,0.1,1.01,0.294,0.006,0.0,,False,False
22:16:52,Baseline,Deep_Learning,2.15,157.53,,,,0.996,True,False
22:16:52,Baseline,Heuristic,0.11,1.01,0.295,0.006,0.0,,False,False
22:16:52,Baseline,Deep_Learning,2.3,157.53,,,,0.996,True,False
22:16:52,Baseline,Heuristic,0.11,1.01,0.296,0.006,0.0,,False,False
22:16:52,Baseline,Deep_Learning,2.18,157.01,,,,0.996,True,False
22:16:53,Baseline,Heuristic,0.11,1.01,0.297,0.006,0.0,,False,False
22:16:53,Baseline,Deep_Learning,2.24,157.29,,,,0.996,True,False
22:16:53,Baseline,Heuristic,0.11,1.01,0.298,0.006,0.0,,False,False
22:16:53,Baseline,Deep_Learning,2.26,157.01,,,,0.996,True,False
22:16:53,Baseline,Heuristic,0.1,1.01,0.3,0.006,0.0,,False,False
22:16:53,Baseline,Deep_Learning,2.2,157.01,,,,0.996,True,False
22:16:53,Baseline,Heuristic,0.1,1.01,0.301,0.006,0.0,,False,False
22:16:53,Baseline,Deep_Learning,2.23,157.25,,,,0.996,True,False
22:16:53,Baseline,Heuristic,0.1,1.01,0.303,0.006,0.0,,False,False
22:16:53,Baseline,Deep_Learning,2.82,157.53,,,,0.996,True,False
22:16:53,Baseline,Heuristic,0.1,1.01,0.303,0.006,0.0,,False,False
22:16:53,Baseline,Deep_Learning,2.22,156.77,,,,0.996,True,False
22:16:53,Baseline,Heuristic,0.11,1.01,0.304,0.006,0.0,,False,False
22:16:53,Baseline,Deep_Learning,2.18,155.28,,,,0.996,True,False
22:16:53,Baseline,Heuristic,0.1,1.01,0.303,0.006,0.0,,False,False
22:16:53,Baseline,Deep_Learning,2.15,152.33,,,,0.992,True,False
22:16:53,Baseline,Heuristic,0.1,1.01,0.302,0.006,0.0,,False,False
22:16:53,Baseline,Deep_Learning,2.16,151.8,,,,0.996,True,False
22:16:53,Baseline,Heuristic,0.11,1.01,0.3,0.006,0.0,,False,False
22:16:53,Baseline,Deep_Learning,2.21,150.18,,,,0.996,True,False
22:16:53,Baseline,Heuristic,0.1,1.01,0.293,0.006,0.0,,False,False
22:16:53,Baseline,Deep_Learning,2.2,147.51,,,,0.188,False,False
22:16:53,Baseline,Heuristic,0.1,1.01,0.286,0.006,0.0,,False,False
22:16:53,Baseline,Deep_Learning,2.15,144.22,,,,0.188,False,False
22:16:53,Baseline,Heuristic,0.11,1.01,0.282,0.006,0.0,,False,False
22:16:53,Baseline,Deep_Learning,2.3,143.73,,,,0.117,False,False
22:16:54,Baseline,Heuristic,0.11,1.01,0.28,0.005,0.0,,False,False
22:16:54,Baseline,Deep_Learning,2.19,144.22,,,,0.93,True,False
22:16:54,Baseline,Heuristic,0.11,1.01,0.279,0.005,0.0,,False,False
22:16:54,Baseline,Deep_Learning,2.29,143.51,,,,0.988,True,False
22:16:54,Baseline,Heuristic,0.11,1.01,0.28,0.005,0.0,,False,False
22:16:54,Baseline,Deep_Learning,2.23,143.27,,,,0.988,True,False
22:16:54,Baseline,Heuristic,0.14,1.01,0.281,0.005,0.0,,False,False
22:16:54,Baseline,Deep_Learning,2.61,142.84,,,,0.996,True,False
22:16:54,Baseline,Heuristic,0.12,1.01,0.284,0.005,0.0,,False,False
22:16:54,Baseline,Deep_Learning,2.45,142.14,,,,0.984,True,False
22:16:54,Baseline,Heuristic,0.11,1.01,0.286,0.005,0.0,,False,False
22:16:54,Baseline,Deep_Learning,2.36,141.92,,,,0.996,True,False
22:16:54,Baseline,Heuristic,0.11,1.01,0.289,0.005,0.0,,False,False
22:16:54,Baseline,Deep_Learning,2.24,141.92,,,,0.996,True,False
22:16:54,Baseline,Heuristic,0.11,1.01,0.291,0.005,0.0,,False,False
22:16:54,Baseline,Deep_Learning,2.3,141.89,,,,0.996,True,False
22:16:54,Baseline,Heuristic,0.14,1.01,0.293,0.005,0.0,,False,False
22:16:54,Baseline,Deep_Learning,2.28,141.44,,,,0.996,True,False
22:16:54,Baseline,Heuristic,0.11,1.01,0.297,0.005,0.0,,False,False
22:16:54,Baseline,Deep_Learning,2.18,142.14,,,,0.996,True,False
22:16:54,Baseline,Heuristic,0.11,1.01,0.299,0.005,0.0,,False,False
22:16:54,Baseline,Deep_Learning,2.32,141.89,,,,0.996,True,False
22:16:54,Baseline,Heuristic,0.1,1.01,0.3,0.005,0.0,,False,False
22:16:54,Baseline,Deep_Learning,2.15,142.14,,,,0.992,True,False
22:16:54,Baseline,Heuristic,0.1,1.01,0.303,0.005,0.0,,False,False
22:16:54,Baseline,Deep_Learning,2.13,142.62,,,,0.996,True,False
22:16:55,Baseline,Heuristic,0.11,1.01,0.304,0.004,0.0,,False,False
22:16:55,Baseline,Deep_Learning,2.25,142.86,,,,0.98,True,False
22:16:55,Baseline,Heuristic,0.11,1.01,0.306,0.004,0.0,,False,False
22:16:55,Baseline,Deep_Learning,2.24,142.86,,,,0.988,True,False
22:16:55,Baseline,Heuristic,0.11,1.01,0.307,0.004,0.0,,False,False
22:16:55,Baseline,Deep_Learning,2.23,142.84,,,,0.996,True,False
22:16:55,Baseline,Heuristic,0.1,1.01,0.307,0.004,0.0,,False,False
22:16:55,Baseline,Deep_Learning,2.28,142.62,,,,0.984,True,False
22:16:55,Baseline,Heuristic,0.1,1.01,0.308,0.004,0.0,,False,False
22:16:55,Baseline,Deep_Learning,2.18,142.81,,,,0.996,True,False
22:16:55,Baseline,Heuristic,0.1,1.01,0.309,0.004,0.0,,False,False
22:16:55,Baseline,Deep_Learning,2.16,142.59,,,,0.992,True,False
22:16:55,Baseline,Heuristic,0.1,1.01,0.309,0.004,0.0,,False,False
22:16:55,Baseline,Deep_Learning,2.2,142.59,,,,0.996,True,False
22:16:55,Baseline,Heuristic,0.1,1.01,0.309,0.004,0.0,,False,False
22:16:55,Baseline,Deep_Learning,2.31,143.08,,,,0.973,True,False
22:16:55,Baseline,Heuristic,0.17,1.01,0.31,0.004,0.0,,False,False
22:16:55,Baseline,Deep_Learning,3.03,143.08,,,,0.973,True,False
22:16:55,Baseline,Heuristic,0.1,1.01,0.31,0.004,0.0,,False,False
22:16:55,Baseline,Deep_Learning,2.2,143.29,,,,0.996,True,False
22:16:55,Baseline,Heuristic,0.11,1.01,0.311,0.004,0.0,,False,False
22:16:55,Baseline,Deep_Learning,2.17,143.29,,,,0.984,True,False
22:16:55,Baseline,Heuristic,0.11,1.01,0.311,0.004,0.0,,False,False
22:16:55,Baseline,Deep_Learning,2.32,143.08,,,,0.992,True,False
22:16:55,Baseline,Heuristic,0.11,1.01,0.311,0.004,0.0,,False,False
22:16:55,Baseline,Deep_Learning,2.27,143.29,,,,0.992,True,False
22:16:55,Baseline,Heuristic,0.1,1.01,0.312,0.004,0.0,,False,False
22:16:55,Baseline,Deep_Learning,2.23,142.67,,,,0.98,True,False
22:16:55,Baseline,Heuristic,0.1,1.01,0.311,0.004,0.0,,False,False
22:16:55,Baseline,Deep_Learning,2.12,141.76,,,,0.996,True,False
22:16:56,Baseline,Heuristic,0.1,1.01,0.308,0.004,0.0,,False,False
22:16:56,Baseline,Deep_Learning,2.18,142.65,,,,0.992,True,False
22:16:56,Baseline,Heuristic,0.09,1.01,0.304,0.004,0.0,,False,False
22:16:56,Baseline,Deep_Learning,2.13,142.86,,,,0.996,True,False
22:16:56,Baseline,Heuristic,0.1,1.01,0.301,0.004,0.0,,False,False
22:16:56,Baseline,Deep_Learning,2.22,144.46,,,,0.996,True,False
22:16:56,Baseline,Heuristic,0.1,1.01,0.298,0.004,0.0,,False,False
22:16:56,Baseline,Deep_Learning,2.2,145.37,,,,0.996,True,False
22:16:56,Baseline,Heuristic,0.1,1.01,0.296,0.004,0.0,,False,False
22:16:56,Baseline,Deep_Learning,2.17,146.79,,,,0.98,True,False
22:16:56,Baseline,Heuristic,0.11,1.01,0.296,0.004,0.0,,False,False
22:16:56,Baseline,Deep_Learning,2.34,146.79,,,,0.984,True,False
22:16:56,Baseline,Heuristic,0.1,1.01,0.296,0.004,0.0,,False,False
22:16:56,Baseline,Deep_Learning,2.21,147.04,,,,0.977,True,False
22:16:56,Baseline,Heuristic,0.1,1.01,0.297,0.004,0.0,,False,False
22:16:56,Baseline,Deep_Learning,2.17,146.79,,,,0.98,True,False
22:16:56,Baseline,Heuristic,0.1,1.01,0.298,0.004,0.0,,False,False
22:16:56,Baseline,Deep_Learning,2.18,147.29,,,,0.75,False,False
22:16:56,Baseline,Heuristic,0.1,1.01,0.299,0.004,0.0,,False,False
22:16:56,Baseline,Deep_Learning,2.26,147.51,,,,0.973,True,False
22:16:56,Baseline,Heuristic,0.15,1.01,0.3,0.004,0.0,,False,False
22:16:56,Baseline,Deep_Learning,2.56,147.51,,,,0.84,True,False
22:16:56,Baseline,Heuristic,0.1,1.01,0.301,0.004,0.0,,False,False
22:16:56,Baseline,Deep_Learning,2.16,147.51,,,,0.957,True,False
22:16:56,Baseline,Heuristic,0.11,1.01,0.302,0.004,0.0,,False,False
22:16:56,Baseline,Deep_Learning,2.29,147.32,,,,0.949,True,False
22:16:56,Baseline,Heuristic,0.11,1.01,0.304,0.004,0.0,,False,False
22:16:56,Baseline,Deep_Learning,2.18,147.06,,,,0.949,True,False
22:16:57,Baseline,Heuristic,0.1,1.01,0.305,0.004,0.0,,False,False
22:16:57,Baseline,Deep_Learning,2.19,147.59,,,,0.996,True,False
22:16:57,Baseline,Heuristic,0.11,1.01,0.307,0.004,0.0,,False,False
22:16:57,Baseline,Deep_Learning,2.57,145.67,,,,0.715,False,False
22:16:57,Baseline,Heuristic,0.1,1.01,0.306,0.004,0.0,,False,False
22:16:57,Baseline,Deep_Learning,2.15,145.42,,,,0.902,True,False
22:16:57,Baseline,Heuristic,0.1,1.01,0.303,0.005,0.0,,False,False
22:16:57,Baseline,Deep_Learning,2.18,145.25,,,,0.547,False,False
22:16:57,Baseline,Heuristic,0.11,1.01,0.3,0.005,0.0,,False,False
22:16:57,Baseline,Deep_Learning,2.31,146.21,,,,0.996,True,False
22:16:57,Baseline,Heuristic,0.1,1.01,0.295,0.005,0.0,,False,False
22:16:57,Baseline,Deep_Learning,2.26,146.66,,,,0.996,True,False
22:16:57,Baseline,Heuristic,0.1,1.01,0.29,0.005,0.0,,False,False
22:16:57,Baseline,Deep_Learning,2.17,145.53,,,,0.996,True,False
22:16:57,Baseline,Heuristic,0.1,1.01,0.285,0.005,0.0,,False,False
22:16:57,Baseline,Deep_Learning,2.12,144.93,,,,0.996,True,False
22:16:57,Baseline,Heuristic,0.11,1.01,0.281,0.005,0.0,,False,False
22:16:57,Baseline,Deep_Learning,2.56,144.16,,,,0.996,True,False
22:16:57,Baseline,Heuristic,0.1,1.01,0.279,0.004,0.0,,False,False
22:16:57,Baseline,Deep_Learning,2.12,145.27,,,,0.996,True,False
22:16:57,Baseline,Heuristic,0.11,1.01,0.277,0.004,0.0,,False,False
22:16:57,Baseline,Deep_Learning,2.14,147.71,,,,0.996,True,False
22:16:57,Baseline,Heuristic,0.11,1.01,0.277,0.005,0.0,,False,False
22:16:57,Baseline,Deep_Learning,2.26,148.44,,,,0.996,True,False
22:16:57,Baseline,Heuristic,0.11,1.01,0.276,0.005,0.0,,False,False
22:16:57,Baseline,Deep_Learning,2.29,153.17,,,,0.996,True,False
22:16:57,Baseline,Heuristic,0.11,1.01,0.275,0.005,0.0,,False,False
22:16:57,Baseline,Deep_Learning,2.17,155.4,,,,0.996,True,False
22:16:57,Baseline,Heuristic,0.1,1.01,0.276,0.005,0.0,,False,False
22:16:57,Baseline,Deep_Learning,2.3,154.9,,,,0.996,True,False
22:16:58,Baseline,Heuristic,0.1,1.01,0.276,0.005,0.0,,False,False
22:16:58,Baseline,Deep_Learning,2.17,154.42,,,,0.996,True,False
22:16:58,Baseline,Heuristic,0.11,1.01,0.277,0.005,0.0,,False,False
22:16:58,Baseline,Deep_Learning,2.33,154.18,,,,0.996,True,False
22:16:58,Baseline,Heuristic,0.1,1.01,0.279,0.004,0.0,,False,False
22:16:58,Baseline,Deep_Learning,2.18,154.92,,,,0.996,True,False
22:16:58,Baseline,Heuristic,0.1,1.01,0.28,0.004,0.0,,False,False
22:16:58,Baseline,Deep_Learning,2.23,155.16,,,,0.996,True,False
22:16:58,Baseline,Heuristic,0.1,1.01,0.281,0.004,0.0,,False,False
22:16:58,Baseline,Deep_Learning,2.19,155.43,,,,0.996,True,False
22:16:58,Baseline,Heuristic,0.1,1.01,0.283,0.004,0.0,,False,False
22:16:58,Baseline,Deep_Learning,2.24,155.43,,,,0.996,True,False
22:16:58,Baseline,Heuristic,0.1,1.01,0.284,0.004,0.0,,False,False
22:16:58,Baseline,Deep_Learning,2.21,156.18,,,,0.996,True,False
22:16:58,Baseline,Heuristic,0.11,1.01,0.284,0.004,0.0,,False,False
22:16:58,Baseline,Deep_Learning,2.29,157.78,,,,0.996,True,False
22:16:58,Baseline,Heuristic,0.11,1.01,0.286,0.004,0.0,,False,False
22:16:58,Baseline,Deep_Learning,2.45,161.93,,,,0.996,True,False
22:16:58,Baseline,Heuristic,0.12,1.01,0.287,0.004,0.0,,False,False
22:16:58,Baseline,Deep_Learning,2.5,162.47,,,,0.996,True,False
22:16:58,Baseline,Heuristic,0.11,1.01,0.287,0.004,0.0,,False,False
22:16:58,Baseline,Deep_Learning,2.16,165.82,,,,0.996,True,False
22:16:58,Baseline,Heuristic,0.11,1.01,0.288,0.004,0.0,,False,False
22:16:58,Baseline,Deep_Learning,2.35,172.85,,,,0.996,True,False
22:16:58,Baseline,Heuristic,0.11,1.01,0.289,0.004,0.0,,False,False
22:16:58,Baseline,Deep_Learning,2.22,174.85,,,,0.996,True,False
22:16:58,Baseline,Heuristic,0.1,1.01,0.291,0.004,0.0,,False,False
22:16:58,Baseline,Deep_Learning,2.14,184.37,,,,0.996,True,False
22:16:59,Baseline,Heuristic,0.1,1.01,0.293,0.004,0.0,,False,False
22:16:59,Baseline,Deep_Learning,2.13,191.58,,,,0.996,True,False
22:16:59,Baseline,Heuristic,0.1,1.01,0.295,0.004,0.0,,False,False
22:16:59,Baseline,Deep_Learning,3.1,197.49,,,,0.996,True,False
22:16:59,Baseline,Heuristic,0.11,1.01,0.298,0.004,0.0,,False,False
22:16:59,Baseline,Deep_Learning,2.16,197.08,,,,0.996,True,False
22:16:59,Baseline,Heuristic,0.1,1.01,0.3,0.004,0.0,,False,False
22:16:59,Baseline,Deep_Learning,2.33,198.99,,,,0.082,False,False
22:16:59,Baseline,Heuristic,0.1,1.01,0.301,0.004,0.0,,False,False
22:16:59,Baseline,Deep_Learning,2.11,199.67,,,,0.0,False,False
22:16:59,Baseline,Heuristic,0.11,1.01,0.302,0.004,0.0,,False,False
22:16:59,Baseline,Deep_Learning,2.75,199.57,,,,0.0,False,False
22:16:59,Baseline,Heuristic,0.1,1.01,0.304,0.004,0.0,,False,False
22:16:59,Baseline,Deep_Learning,2.28,197.32,,,,0.035,False,False
22:16:59,Baseline,Heuristic,0.11,1.01,0.305,0.004,0.0,,False,False
22:16:59,Baseline,Deep_Learning,2.31,197.98,,,,0.012,False,False
22:16:59,Baseline,Heuristic,0.1,1.01,0.306,0.004,0.0,,False,False
22:16:59,Baseline,Deep_Learning,2.34,198.76,,,,0.0,False,False
22:16:59,Baseline,Heuristic,0.11,1.01,0.307,0.004,0.0,,False,False
22:16:59,Baseline,Deep_Learning,2.29,198.97,,,,0.0,False,False
22:16:59,Baseline,Heuristic,0.11,1.01,0.307,0.004,0.0,,False,False
22:16:59,Baseline,Deep_Learning,2.16,198.42,,,,0.0,False,False
22:16:59,Baseline,Heuristic,0.1,1.01,0.308,0.004,0.0,,False,False
22:16:59,Baseline,Deep_Learning,2.11,198.14,,,,0.0,False,False
22:16:59,Baseline,Heuristic,0.1,1.01,0.308,0.004,0.0,,False,False
22:16:59,Baseline,Deep_Learning,2.23,198.62,,,,0.0,False,False
22:16:59,Baseline,Heuristic,0.11,1.01,0.309,0.004,0.0,,False,False
22:16:59,Baseline,Deep_Learning,2.24,198.06,,,,0.012,False,False
22:16:59,Baseline,Heuristic,0.11,1.01,0.309,0.004,0.0,,False,False
22:16:59,Baseline,Deep_Learning,2.16,198.06,,,,0.012,False,False
22:17:00,Baseline,Heuristic,0.11,1.01,0.31,0.004,0.0,,False,False
22:17:00,Baseline,Deep_Learning,2.2,198.06,,,,0.035,False,False
22:17:00,Baseline,Heuristic,0.1,1.01,0.31,0.004,0.0,,False,False
22:17:00,Baseline,Deep_Learning,2.14,197.4,,,,0.188,False,False
22:17:00,Baseline,Heuristic,0.1,1.01,0.31,0.005,0.0,,False,False
22:17:00,Baseline,Deep_Learning,2.12,197.03,,,,0.676,False,False
22:17:00,Baseline,Heuristic,0.1,1.01,0.31,0.005,0.0,,False,False
22:17:00,Baseline,Deep_Learning,2.16,197.03,,,,0.93,True,False
22:17:00,Baseline,Heuristic,0.1,1.01,0.31,0.005,0.0,,False,False
22:17:00,Baseline,Deep_Learning,2.12,197.03,,,,0.973,True,False
22:17:00,Baseline,Heuristic,0.18,1.01,0.309,0.005,0.0,,False,False
22:17:00,Baseline,Deep_Learning,2.69,197.03,,,,0.973,True,False
22:17:00,Baseline,Heuristic,0.11,1.01,0.309,0.005,0.0,,False,False
22:17:00,Baseline,Deep_Learning,2.15,198.54,,,,0.84,True,False
22:17:00,Baseline,Heuristic,0.1,1.01,0.309,0.005,0.0,,False,False
22:17:00,Baseline,Deep_Learning,2.13,198.92,,,,0.637,False,False
22:17:00,Baseline,Heuristic,0.1,1.01,0.31,0.005,0.0,,False,False
22:17:00,Baseline,Deep_Learning,2.14,198.82,,,,0.188,False,False
22:17:00,Baseline,Heuristic,0.11,1.01,0.31,0.005,0.0,,False,False
22:17:00,Baseline,Deep_Learning,2.21,197.78,,,,0.996,True,False
22:17:00,Baseline,Heuristic,0.11,1.01,0.311,0.005,0.0,,False,False
22:17:00,Baseline,Deep_Learning,2.29,197.26,,,,0.996,True,False
22:17:00,Baseline,Heuristic,0.11,1.01,0.314,0.005,0.0,,False,False
22:17:00,Baseline,Deep_Learning,2.15,196.74,,,,0.996,True,False
22:17:00,Baseline,Heuristic,0.11,1.01,0.315,0.005,0.0,,False,False
22:17:00,Baseline,Deep_Learning,2.28,191.51,,,,0.996,True,False
22:17:00,Baseline,Heuristic,0.11,1.01,0.318,0.005,0.0,,False,False
22:17:00,Baseline,Deep_Learning,2.13,190.57,,,,0.996,True,False
22:17:01,Baseline,Heuristic,0.14,1.01,0.319,0.005,0.0,,False,False
22:17:01,Baseline,Deep_Learning,2.2,185.78,,,,0.992,True,False
22:17:01,Baseline,Heuristic,0.11,1.01,0.321,0.005,0.0,,False,False
22:17:01,Baseline,Deep_Learning,2.14,179.53,,,,0.996,True,False
22:17:01,Baseline,Heuristic,0.1,1.01,0.322,0.005,0.0,,False,False
22:17:01,Baseline,Deep_Learning,2.19,179.21,,,,0.996,True,False
22:17:01,Baseline,Heuristic,0.11,1.01,0.322,0.005,0.0,,False,False
22:17:01,Baseline,Deep_Learning,2.2,174.16,,,,0.996,True,False
22:17:01,Baseline,Heuristic,0.1,1.01,0.322,0.005,0.0,,False,False
22:17:01,Baseline,Deep_Learning,2.09,168.79,,,,0.996,True,False
22:17:01,Baseline,Heuristic,0.1,1.01,0.322,0.005,0.0,,False,False
22:17:01,Baseline,Deep_Learning,2.13,168.23,,,,0.996,True,False
22:17:01,Baseline,Heuristic,0.11,1.01,0.322,0.005,0.0,,False,False
22:17:01,Baseline,Deep_Learning,2.19,165.26,,,,0.996,True,False
22:17:01,Baseline,Heuristic,0.1,1.01,0.322,0.006,0.0,,False,False
22:17:01,Baseline,Deep_Learning,2.15,165.26,,,,0.996,True,False
22:17:01,Baseline,Heuristic,0.11,1.01,0.321,0.006,0.0,,False,False
22:17:01,Baseline,Deep_Learning,2.16,161.98,,,,0.996,True,False
22:17:01,Baseline,Heuristic,0.11,1.01,0.32,0.006,0.0,,False,False
22:17:01,Baseline,Deep_Learning,2.11,162.3,,,,0.996,True,False
22:17:01,Baseline,Heuristic,0.1,1.01,0.319,0.006,0.0,,False,False
22:17:01,Baseline,Deep_Learning,2.14,161.77,,,,0.996,True,False
22:17:01,Baseline,Heuristic,0.11,1.01,0.318,0.006,0.0,,False,False
22:17:01,Baseline,Deep_Learning,2.09,162.05,,,,0.996,True,False
22:17:01,Baseline,Heuristic,0.11,1.01,0.317,0.007,0.0,,False,False
22:17:01,Baseline,Deep_Learning,2.12,161.81,,,,0.996,True,False
22:17:01,Baseline,Heuristic,0.11,1.01,0.316,0.007,0.0,,False,False
22:17:01,Baseline,Deep_Learning,2.08,161.56,,,,0.996,True,False
22:17:01,Baseline,Heuristic,0.11,1.01,0.315,0.007,0.0,,False,False
22:17:01,Baseline,Deep_Learning,2.11,161.06,,,,0.996,True,False
22:17:02,Baseline,Heuristic,0.1,1.01,0.314,0.007,0.0,,False,False
22:17:02,Baseline,Deep_Learning,2.11,160.25,,,,0.996,True,False
22:17:02,Baseline,Heuristic,0.1,1.01,0.312,0.007,0.0,,False,False
22:17:02,Baseline,Deep_Learning,2.1,159.26,,,,0.996,True,False
22:17:02,Baseline,Heuristic,0.1,1.01,0.31,0.007,0.0,,False,False
22:17:02,Baseline,Deep_Learning,2.15,159.2,,,,0.996,True,False
22:17:02,Baseline,Heuristic,0.1,1.01,0.308,0.007,0.0,,False,False
22:17:02,Baseline,Deep_Learning,2.15,158.43,,,,0.996,True,False
22:17:02,Baseline,Heuristic,0.11,1.01,0.306,0.007,0.0,,False,False
22:17:02,Baseline,Deep_Learning,2.15,158.19,,,,0.996,True,False
22:17:02,Baseline,Heuristic,0.11,1.01,0.302,0.007,0.0,,False,False
22:17:02,Baseline,Deep_Learning,2.34,157.94,,,,0.996,True,False
22:17:02,Baseline,Heuristic,0.1,1.01,0.298,0.007,0.0,,False,False
22:17:02,Baseline,Deep_Learning,2.24,157.46,,,,0.996,True,False
22:17:02,Baseline,Heuristic,0.11,1.01,0.295,0.006,0.0,,False,False
22:17:02,Baseline,Deep_Learning,2.22,156.64,,,,0.996,True,False
22:17:02,Baseline,Heuristic,0.11,1.01,0.291,0.006,0.0,,False,False
22:17:02,Baseline,Deep_Learning,2.24,156.88,,,,0.996,True,False
22:17:02,Baseline,Heuristic,0.1,1.01,0.29,0.006,0.0,,False,False
22:17:02,Baseline,Deep_Learning,2.25,156.88,,,,0.996,True,False
22:17:02,Baseline,Heuristic,0.12,1.01,0.288,0.006,0.0,,False,False
22:17:02,Baseline,Deep_Learning,2.74,156.88,,,,0.996,True,False
22:17:02,Baseline,Heuristic,0.11,1.01,0.285,0.006,0.0,,False,False
22:17:02,Baseline,Deep_Learning,2.21,156.64,,,,0.996,True,False
22:17:02,Baseline,Heuristic,0.1,1.01,0.284,0.006,0.0,,False,False
22:17:02,Baseline,Deep_Learning,2.39,156.67,,,,0.996,True,False
22:17:02,Baseline,Heuristic,0.1,1.01,0.283,0.006,0.0,,False,False
22:17:02,Baseline,Deep_Learning,2.17,157.73,,,,0.996,True,False
22:17:03,Baseline,Heuristic,0.11,1.01,0.282,0.006,0.0,,False,False
22:17:03,Baseline,Deep_Learning,2.17,157.67,,,,0.996,True,False
22:17:03,Baseline,Heuristic,0.12,1.01,0.282,0.006,0.0,,False,False
22:17:03,Baseline,Deep_Learning,2.28,157.91,,,,0.996,True,False
22:17:03,Baseline,Heuristic,0.11,1.01,0.281,0.006,0.0,,False,False
22:17:03,Baseline,Deep_Learning,2.27,158.16,,,,0.996,True,False
22:17:03,Baseline,Heuristic,0.11,1.01,0.281,0.006,0.0,,False,False
22:17:03,Baseline,Deep_Learning,2.18,158.4,,,,0.996,True,False
22:17:03,Baseline,Heuristic,0.11,1.01,0.281,0.006,0.0,,False,False
22:17:03,Baseline,Deep_Learning,2.18,158.4,,,,0.996,True,False
22:17:03,Baseline,Heuristic,0.1,1.01,0.281,0.006,0.0,,False,False
22:17:03,Baseline,Deep_Learning,2.18,158.19,,,,0.996,True,False
22:17:03,Baseline,Heuristic,0.1,1.01,0.281,0.006,0.0,,False,False
22:17:03,Baseline,Deep_Learning,2.25,157.91,,,,0.996,True,False
22:17:03,Baseline,Heuristic,0.11,1.01,0.281,0.006,0.0,,False,False
22:17:03,Baseline,Deep_Learning,2.33,157.91,,,,0.996,True,False
22:17:03,Baseline,Heuristic,0.11,1.01,0.281,0.006,0.0,,False,False
22:17:03,Baseline,Deep_Learning,2.2,157.91,,,,0.996,True,False
22:17:03,Baseline,Heuristic,0.11,1.01,0.281,0.006,0.0,,False,False
22:17:03,Baseline,Deep_Learning,2.19,158.19,,,,0.996,True,False
22:17:03,Baseline,Heuristic,0.1,1.01,0.282,0.006,0.0,,False,False
22:17:03,Baseline,Deep_Learning,2.13,158.19,,,,0.996,True,False
22:17:03,Baseline,Heuristic,0.12,1.01,0.282,0.006,0.0,,False,False
22:17:03,Baseline,Deep_Learning,2.29,158.16,,,,0.996,True,False
22:17:03,Baseline,Heuristic,0.11,1.01,0.283,0.006,0.0,,False,False
22:17:03,Baseline,Deep_Learning,2.18,158.16,,,,0.996,True,False
22:17:03,Baseline,Heuristic,0.11,1.01,0.283,0.006,0.0,,False,False
22:17:03,Baseline,Deep_Learning,2.21,158.16,,,,0.996,True,False
22:17:03,Baseline,Heuristic,0.1,1.01,0.284,0.006,0.0,,False,False
22:17:03,Baseline,Deep_Learning,2.21,158.16,,,,0.996,True,False
22:17:03,Baseline,Heuristic,0.1,1.01,0.285,0.006,0.0,,False,False
22:17:03,Baseline,Deep_Learning,2.23,158.19,,,,0.996,True,False
22:17:04,Baseline,Heuristic,0.1,1.01,0.286,0.006,0.0,,False,False
22:17:04,Baseline,Deep_Learning,2.18,159.2,,,,0.996,True,False
22:17:04,Baseline,Heuristic,0.1,1.01,0.286,0.006,0.0,,False,False
22:17:04,Baseline,Deep_Learning,2.15,161.27,,,,0.996,True,False
22:17:04,Baseline,Heuristic,0.13,1.01,0.287,0.006,0.0,,False,False
22:17:04,Baseline,Deep_Learning,2.98,161.81,,,,0.996,True,False
22:17:04,Baseline,Heuristic,0.11,1.01,0.287,0.005,0.0,,False,False
22:17:04,Baseline,Deep_Learning,2.17,164.82,,,,0.996,True,False
22:17:04,Baseline,Heuristic,0.1,1.01,0.288,0.005,0.0,,False,False
22:17:04,Baseline,Deep_Learning,2.14,172.29,,,,0.996,True,False
22:17:04,Baseline,Heuristic,0.11,1.01,0.288,0.005,0.0,,False,False
22:17:04,Baseline,Deep_Learning,2.47,177.88,,,,0.996,True,False
22:17:04,Baseline,Heuristic,0.11,1.01,0.289,0.005,0.0,,False,False
22:17:04,Baseline,Deep_Learning,2.2,186.52,,,,0.996,True,False
22:17:04,Baseline,Heuristic,0.11,1.01,0.291,0.005,0.0,,False,False
22:17:04,Baseline,Deep_Learning,2.33,187.14,,,,0.996,True,False
22:17:04,Baseline,Heuristic,0.11,1.01,0.292,0.005,0.0,,False,False
22:17:04,Baseline,Deep_Learning,2.34,192.4,,,,0.5,False,False
22:17:04,Baseline,Heuristic,0.12,1.01,0.294,0.005,0.0,,False,False
22:17:04,Baseline,Deep_Learning,2.35,193.31,,,,0.453,False,False
22:17:04,Baseline,Heuristic,0.12,1.01,0.296,0.005,0.0,,False,False
22:17:04,Baseline,Deep_Learning,2.17,197.25,,,,0.984,True,False
22:17:04,Baseline,Heuristic,0.1,1.01,0.299,0.005,0.0,,False,False
22:17:04,Baseline,Deep_Learning,2.15,200.11,,,,0.637,False,False
22:17:04,Baseline,Heuristic,0.1,1.01,0.301,0.005,0.0,,False,False
22:17:04,Baseline,Deep_Learning,2.19,201.36,,,,0.5,False,False
22:17:04,Baseline,Heuristic,0.11,1.01,0.303,0.005,0.0,,False,False
22:17:04,Baseline,Deep_Learning,2.31,201.15,,,,0.75,False,False
22:17:05,Baseline,Heuristic,0.11,1.01,0.304,0.005,0.0,,False,False
22:17:05,Baseline,Deep_Learning,3.11,200.5,,,,0.984,True,False
22:17:05,Baseline,Heuristic,0.1,1.01,0.305,0.005,0.0,,False,False
22:17:05,Baseline,Deep_Learning,2.14,199.96,,,,0.93,True,False
22:17:05,Baseline,Heuristic,0.11,1.01,0.306,0.006,0.0,,False,False
22:17:05,Baseline,Deep_Learning,2.15,198.19,,,,0.977,True,False
22:17:05,Baseline,Heuristic,0.11,1.01,0.306,0.006,0.0,,False,False
22:17:05,Baseline,Deep_Learning,2.3,198.19,,,,0.918,True,False
22:17:05,Baseline,Heuristic,0.11,1.01,0.306,0.006,0.0,,False,False
22:17:05,Baseline,Deep_Learning,2.28,197.79,,,,0.965,True,False
22:17:05,Baseline,Heuristic,0.11,1.01,0.306,0.006,0.0,,False,False
22:17:05,Baseline,Deep_Learning,2.12,197.38,,,,0.941,True,False
22:17:05,Baseline,Heuristic,0.1,1.01,0.306,0.007,0.0,,False,False
22:17:05,Baseline,Deep_Learning,2.12,196.86,,,,0.949,True,False
22:17:05,Baseline,Heuristic,0.1,1.01,0.306,0.007,0.0,,False,False
22:17:05,Baseline,Deep_Learning,2.12,196.86,,,,0.984,True,False
22:17:05,Baseline,Heuristic,0.1,1.01,0.306,0.007,0.0,,False,False
22:17:05,Baseline,Deep_Learning,2.17,196.86,,,,0.984,True,False
22:17:05,Baseline,Heuristic,0.1,1.01,0.306,0.007,0.0,,False,False
22:17:05,Baseline,Deep_Learning,2.16,196.86,,,,0.957,True,False
22:17:05,Baseline,Heuristic,0.1,1.01,0.306,0.008,0.0,,False,False
22:17:05,Baseline,Deep_Learning,2.15,196.86,,,,0.957,True,False
22:17:05,Baseline,Heuristic,0.1,1.01,0.305,0.008,0.0,,False,False
22:17:05,Baseline,Deep_Learning,2.19,197.12,,,,0.957,True,False
22:17:06,Baseline,Heuristic,0.1,1.01,0.305,0.008,0.0,,False,False
22:17:06,Baseline,Deep_Learning,2.24,196.86,,,,0.863,True,False
22:17:06,Baseline,Heuristic,0.12,1.01,0.305,0.008,0.0,,False,False
22:17:06,Baseline,Deep_Learning,2.2,196.86,,,,0.863,True,False
22:17:06,Baseline,Heuristic,0.11,1.01,0.305,0.009,0.0,,False,False
22:17:06,Baseline,Deep_Learning,2.13,195.94,,,,0.977,True,False
22:17:06,Baseline,Heuristic,0.1,1.01,0.305,0.009,0.0,,False,False
22:17:06,Baseline,Deep_Learning,2.36,195.54,,,,0.992,True,False
22:17:06,Baseline,Heuristic,0.11,1.01,0.305,0.009,0.0,,False,False
22:17:06,Baseline,Deep_Learning,2.18,195.54,,,,0.98,True,False
22:17:06,Baseline,Heuristic,0.11,1.01,0.304,0.009,0.0,,False,False
22:17:06,Baseline,Deep_Learning,2.3,194.88,,,,0.98,True,False
22:17:06,Baseline,Heuristic,0.1,1.01,0.304,0.009,0.0,,False,False
22:17:06,Baseline,Deep_Learning,2.22,194.47,,,,0.98,True,False
22:17:06,Baseline,Heuristic,0.11,1.01,0.303,0.009,0.0,,False,False
22:17:06,Baseline,Deep_Learning,2.15,194.22,,,,0.98,True,False
22:17:06,Baseline,Heuristic,0.1,1.01,0.303,0.009,0.0,,False,False
22:17:06,Baseline,Deep_Learning,2.17,193.96,,,,0.977,True,False
22:17:06,Baseline,Heuristic,0.11,1.01,0.302,0.009,0.0,,False,False
22:17:06,Baseline,Deep_Learning,2.13,193.02,,,,0.996,True,False
22:17:06,Baseline,Heuristic,0.11,1.01,0.301,0.009,0.0,,False,False
22:17:06,Baseline,Deep_Learning,2.18,191.02,,,,0.996,True,False
22:17:06,Baseline,Heuristic,0.1,1.01,0.3,0.009,0.0,,False,False
22:17:06,Baseline,Deep_Learning,2.24,190.46,,,,0.988,True,False
22:17:06,Baseline,Heuristic,0.11,1.01,0.299,0.009,0.0,,False,False
22:17:06,Baseline,Deep_Learning,2.17,189.5,,,,0.188,False,False
22:17:06,Baseline,Heuristic,0.11,1.01,0.298,0.01,0.0,,False,False
22:17:06,Baseline,Deep_Learning,2.74,189.9,,,,0.285,False,False
22:17:06,Baseline,Heuristic,0.1,1.01,0.296,0.01,0.0,,False,False
22:17:06,Baseline,Deep_Learning,2.28,189.9,,,,0.285,False,False
22:17:07,Baseline,Heuristic,0.11,1.01,0.294,0.01,0.0,,False,False
22:17:07,Baseline,Deep_Learning,2.16,189.5,,,,0.012,False,False
22:17:07,Baseline,Heuristic,0.11,1.01,0.293,0.01,0.0,,False,False
22:17:07,Baseline,Deep_Learning,2.18,189.41,,,,0.043,False,False
22:17:07,Baseline,Heuristic,0.11,1.01,0.292,0.01,0.0,,False,False
22:17:07,Baseline,Deep_Learning,2.16,190.27,,,,0.941,True,False
22:17:07,Baseline,Heuristic,0.11,1.01,0.292,0.01,0.0,,False,False
22:17:07,Baseline,Deep_Learning,3.08,190.27,,,,0.941,True,False
22:17:07,Baseline,Heuristic,0.11,1.01,0.291,0.01,0.0,,False,False
22:17:07,Baseline,Deep_Learning,2.24,190.27,,,,0.715,False,False
22:17:07,Baseline,Heuristic,0.11,1.01,0.291,0.011,0.0,,False,False
22:17:07,Baseline,Deep_Learning,2.17,190.82,,,,0.93,True,False
22:17:07,Baseline,Heuristic,0.11,1.01,0.292,0.011,0.0,,False,False
22:17:07,Baseline,Deep_Learning,2.17,190.82,,,,0.453,False,False
22:17:07,Baseline,Heuristic,0.1,1.01,0.292,0.011,0.0,,False,False
22:17:07,Baseline,Deep_Learning,2.22,191.07,,,,0.547,False,False
22:17:07,Baseline,Heuristic,0.1,1.01,0.292,0.011,0.0,,False,False
22:17:07,Baseline,Deep_Learning,2.21,191.07,,,,0.59,False,False
22:17:07,Baseline,Heuristic,0.11,1.01,0.292,0.012,0.0,,False,False
22:17:07,Baseline,Deep_Learning,2.26,191.07,,,,0.84,True,False
22:17:07,Baseline,Heuristic,0.1,1.01,0.293,0.012,0.0,,False,False
22:17:07,Baseline,Deep_Learning,2.18,190.82,,,,0.863,True,False
22:17:07,Baseline,Heuristic,0.1,1.01,0.293,0.012,0.0,,False,False
22:17:07,Baseline,Deep_Learning,2.12,191.21,,,,0.918,True,False
22:17:07,Baseline,Heuristic,0.11,1.01,0.293,0.012,0.0,,False,False
22:17:07,Baseline,Deep_Learning,2.27,191.61,,,,0.637,False,False
22:17:08,Baseline,Heuristic,0.1,1.01,0.294,0.013,0.0,,False,False
22:17:08,Baseline,Deep_Learning,2.27,191.61,,,,0.949,True,False
22:17:08,Baseline,Heuristic,0.11,1.01,0.294,0.013,0.0,,False,False
22:17:08,Baseline,Deep_Learning,2.2,191.36,,,,0.949,True,False
22:17:08,Baseline,Heuristic,0.1,1.01,0.295,0.013,0.0,,False,False
22:17:08,Baseline,Deep_Learning,2.13,192.26,,,,0.93,True,False
22:17:08,Baseline,Heuristic,0.1,1.01,0.295,0.013,0.0,,False,False
22:17:08,Baseline,Deep_Learning,2.22,192.26,,,,0.957,True,False
22:17:08,Baseline,Heuristic,0.1,1.01,0.296,0.013,0.0,,False,False
22:17:08,Baseline,Deep_Learning,2.12,192.26,,,,0.957,True,False
22:17:08,Baseline,Heuristic,0.1,1.01,0.296,0.013,0.0,,False,False
22:17:08,Baseline,Deep_Learning,2.2,191.75,,,,0.863,True,False
22:17:08,Baseline,Heuristic,0.15,1.01,0.296,0.014,0.0,,False,False
22:17:08,Baseline,Deep_Learning,2.29,192.01,,,,0.918,True,False
22:17:08,Baseline,Heuristic,0.11,1.01,0.297,0.014,0.0,,False,False
22:17:08,Baseline,Deep_Learning,2.16,191.75,,,,0.941,True,False
22:17:08,Baseline,Heuristic,0.1,1.01,0.297,0.014,0.0,,False,False
22:17:08,Baseline,Deep_Learning,2.12,190.96,,,,0.965,True,False
22:17:08,Baseline,Heuristic,0.1,1.01,0.297,0.014,0.0,,False,False
22:17:08,Baseline,Deep_Learning,2.25,190.46,,,,0.984,True,False
22:17:08,Baseline,Heuristic,0.11,1.01,0.297,0.014,0.0,,False,False
22:17:08,Baseline,Deep_Learning,2.19,194.0,,,,0.84,True,False
22:17:08,Baseline,Heuristic,0.11,1.01,0.297,0.013,0.0,,False,False
22:17:08,Baseline,Deep_Learning,2.33,194.5,,,,0.0,False,False
22:17:08,Baseline,Heuristic,0.1,1.01,0.298,0.013,0.0,,False,False
22:17:08,Baseline,Deep_Learning,2.18,191.15,,,,0.918,True,False
22:17:09,Baseline,Heuristic,0.1,1.01,0.294,0.013,0.0,,False,False
22:17:09,Baseline,Deep_Learning,2.22,181.86,,,,0.996,True,False
22:17:09,Baseline,Heuristic,0.12,1.01,0.289,0.013,0.0,,False,False
22:17:09,Baseline,Deep_Learning,2.34,179.43,,,,0.996,True,False
22:17:09,Baseline,Heuristic,0.1,1.01,0.283,0.012,0.0,,False,False
22:17:09,Baseline,Deep_Learning,2.23,165.11,,,,0.996,True,False
22:17:09,Baseline,Heuristic,0.11,1.01,0.281,0.012,0.0,,False,False
22:17:09,Baseline,Deep_Learning,2.36,154.8,,,,0.996,True,False
22:17:09,Baseline,Heuristic,0.1,1.01,0.279,0.012,0.0,,False,False
22:17:09,Baseline,Deep_Learning,2.25,152.2,,,,0.996,True,False
22:17:09,Baseline,Heuristic,0.11,1.01,0.278,0.012,0.0,,False,False
22:17:09,Baseline,Deep_Learning,2.19,144.09,,,,0.988,True,False
22:17:09,Baseline,Heuristic,0.11,1.01,0.278,0.012,0.0,,False,False
22:17:09,Baseline,Deep_Learning,2.33,139.14,,,,0.02,False,False
22:17:09,Baseline,Heuristic,0.11,1.01,0.279,0.011,0.0,,False,False
22:17:09,Baseline,Deep_Learning,2.34,135.03,,,,0.0,False,False
22:17:09,Baseline,Heuristic,0.11,1.01,0.279,0.011,0.0,,False,False
22:17:09,Baseline,Deep_Learning,2.31,134.42,,,,0.324,False,False
22:17:09,Baseline,Heuristic,0.1,1.01,0.279,0.011,0.0,,False,False
22:17:09,Baseline,Deep_Learning,2.21,131.92,,,,0.996,True,False
22:17:09,Baseline,Heuristic,0.11,1.01,0.278,0.011,0.0,,False,False
22:17:09,Baseline,Deep_Learning,2.18,131.11,,,,0.996,True,False
22:17:09,Baseline,Heuristic,0.13,1.01,0.277,0.011,0.0,,False,False
22:17:09,Baseline,Deep_Learning,2.21,131.32,,,,0.996,True,False
22:17:09,Baseline,Heuristic,0.11,1.01,0.277,0.011,0.0,,False,False
22:17:09,Baseline,Deep_Learning,3.35,130.89,,,,0.996,True,False
22:17:09,Baseline,Heuristic,0.11,1.01,0.276,0.011,0.0,,False,False
22:17:09,Baseline,Deep_Learning,2.31,130.89,,,,0.996,True,False
22:17:09,Baseline,Heuristic,0.11,1.01,0.276,0.01,0.0,,False,False
22:17:09,Baseline,Deep_Learning,2.34,130.7,,,,0.996,True,False
22:17:10,Baseline,Heuristic,0.1,1.01,0.276,0.01,0.0,,False,False
22:17:10,Baseline,Deep_Learning,2.21,131.12,,,,0.996,True,False
22:17:10,Baseline,Heuristic,0.1,1.01,0.276,0.01,0.0,,False,False
22:17:10,Baseline,Deep_Learning,2.26,131.49,,,,0.996,True,False
22:17:10,Baseline,Heuristic,0.1,1.01,0.276,0.01,0.0,,False,False
22:17:10,Baseline,Deep_Learning,2.23,131.71,,,,0.996,True,False
22:17:10,Baseline,Heuristic,0.1,1.01,0.278,0.01,0.0,,False,False
22:17:10,Baseline,Deep_Learning,2.23,132.27,,,,0.996,True,False
22:17:10,Baseline,Heuristic,0.1,1.01,0.279,0.009,0.0,,False,False
22:17:10,Baseline,Deep_Learning,2.28,133.68,,,,0.996,True,False
22:17:10,Baseline,Heuristic,0.1,1.01,0.281,0.009,0.0,,False,False
22:17:10,Baseline,Deep_Learning,2.18,133.7,,,,0.996,True,False
22:17:10,Baseline,Heuristic,0.1,1.01,0.283,0.009,0.0,,False,False
22:17:10,Baseline,Deep_Learning,2.43,134.96,,,,0.996,True,False
22:17:10,Baseline,Heuristic,0.1,1.01,0.285,0.009,0.0,,False,False
22:17:10,Baseline,Deep_Learning,2.16,135.58,,,,0.996,True,False
22:17:10,Baseline,Heuristic,0.1,1.01,0.288,0.008,0.0,,False,False
22:17:10,Baseline,Deep_Learning,2.17,136.67,,,,0.996,True,False
22:17:10,Baseline,Heuristic,0.11,1.01,0.292,0.008,0.0,,False,False
22:17:10,Baseline,Deep_Learning,2.21,138.41,,,,0.996,True,False
22:17:10,Baseline,Heuristic,0.11,1.01,0.294,0.008,0.0,,False,False
22:17:10,Baseline,Deep_Learning,2.17,140.57,,,,0.996,True,False
22:17:10,Baseline,Heuristic,0.11,1.01,0.296,0.008,0.0,,False,False
22:17:10,Baseline,Deep_Learning,2.24,141.02,,,,0.996,True,False
22:17:10,Baseline,Heuristic,0.11,1.01,0.298,0.008,0.0,,False,False
22:17:10,Baseline,Deep_Learning,2.19,143.78,,,,0.996,True,False
22:17:11,Baseline,Heuristic,0.11,1.01,0.299,0.008,0.0,,False,False
22:17:11,Baseline,Deep_Learning,2.33,145.78,,,,0.988,True,False
22:17:11,Baseline,Heuristic,0.1,1.01,0.301,0.008,0.0,,False,False
22:17:11,Baseline,Deep_Learning,2.23,146.25,,,,0.988,True,False
22:17:11,Baseline,Heuristic,0.1,1.01,0.301,0.007,0.0,,False,False
22:17:11,Baseline,Deep_Learning,2.23,148.67,,,,0.676,False,False
22:17:11,Baseline,Heuristic,0.11,1.01,0.302,0.007,0.0,,False,False
22:17:11,Baseline,Deep_Learning,2.2,149.9,,,,0.988,True,False
22:17:11,Baseline,Heuristic,0.11,1.01,0.301,0.007,0.0,,False,False
22:17:11,Baseline,Deep_Learning,2.26,150.38,,,,0.98,True,False
22:17:11,Baseline,Heuristic,0.1,1.01,0.301,0.007,0.0,,False,False
22:17:11,Baseline,Deep_Learning,2.24,152.39,,,,0.98,True,False
22:17:11,Baseline,Heuristic,0.1,1.01,0.3,0.007,0.0,,False,False
22:17:11,Baseline,Deep_Learning,2.33,152.62,,,,0.965,True,False
22:17:11,Baseline,Heuristic,0.1,1.01,0.299,0.007,0.0,,False,False
22:17:11,Baseline,Deep_Learning,2.27,153.59,,,,0.988,True,False
22:17:11,Baseline,Heuristic,0.1,1.01,0.299,0.007,0.0,,False,False
22:17:11,Baseline,Deep_Learning,2.17,153.86,,,,0.984,True,False
22:17:11,Baseline,Heuristic,0.1,1.01,0.3,0.007,0.0,,False,False
22:17:11,Baseline,Deep_Learning,2.21,153.83,,,,0.984,True,False
22:17:11,Baseline,Heuristic,0.1,1.01,0.3,0.006,0.0,,False,False
22:17:11,Baseline,Deep_Learning,2.17,154.09,,,,0.902,True,False
22:17:11,Baseline,Heuristic,0.11,1.01,0.301,0.006,0.0,,False,False
22:17:11,Baseline,Deep_Learning,2.29,154.12,,,,0.84,True,False
22:17:11,Baseline,Heuristic,0.11,1.01,0.303,0.006,0.0,,False,False
22:17:11,Baseline,Deep_Learning,2.35,154.12,,,,0.996,True,False
22:17:11,Baseline,Heuristic,0.1,1.01,0.304,0.006,0.0,,False,False
22:17:11,Baseline,Deep_Learning,2.22,153.89,,,,0.977,True,False
22:17:12,Baseline,Heuristic,0.11,1.01,0.305,0.006,0.0,,False,False
22:17:12,Baseline,Deep_Learning,2.23,153.89,,,,0.992,True,False
