Timestamp,Condition,Pipeline,Latency_ms,Peak_RAM_KB,EAR,MAR,PERCLOS,DL_Prob,System_Alert,Ground_Truth_Fatigue
19:56:13,Baseline,Heuristic,0.23,10.9,0.193,0.002,1.0,,True,False
19:56:13,Baseline,Deep_Learning,2.64,154.75,,,,0.004,False,False
19:56:13,Baseline,Heuristic,0.17,1.01,0.236,0.002,0.5,,True,False
19:56:13,Baseline,Deep_Learning,3.33,128.3,,,,0.949,True,False
19:56:13,Baseline,Heuristic,0.1,1.01,0.26,0.003,0.333,,True,False
19:56:13,Baseline,Deep_Learning,2.83,129.18,,,,0.715,False,False
19:56:13,Baseline,Heuristic,0.19,1.01,0.274,0.003,0.25,,True,False
19:56:13,Baseline,Deep_Learning,3.53,129.18,,,,0.715,False,False
19:56:13,Baseline,Heuristic,0.37,1.01,0.282,0.004,0.2,,True,False
19:56:13,Baseline,Deep_Learning,7.08,129.58,,,,0.59,False,False
19:56:13,Baseline,Heuristic,0.12,1.01,0.285,0.004,0.167,,True,False
19:56:13,Baseline,Deep_Learning,2.52,130.13,,,,0.676,False,False
19:56:13,Baseline,Heuristic,0.1,1.01,0.284,0.005,0.143,,False,False
19:56:13,Baseline,Deep_Learning,2.57,130.35,,,,0.285,False,False
19:56:13,Baseline,Heuristic,0.27,1.01,0.282,0.005,0.125,,False,False
19:56:13,Baseline,Deep_Learning,4.22,130.16,,,,0.285,False,False
19:56:14,Baseline,Heuristic,0.16,1.01,0.279,0.006,0.111,,False,False
19:56:14,Baseline,Deep_Learning,4.04,129.58,,,,0.453,False,False
19:56:14,Baseline,Heuristic,0.12,1.01,0.277,0.007,0.1,,False,False
19:56:14,Baseline,Deep_Learning,2.76,129.76,,,,0.5,False,False
19:56:14,Baseline,Heuristic,0.12,1.01,0.276,0.008,0.091,,False,False
19:56:14,Baseline,Deep_Learning,3.21,129.97,,,,0.5,False,False
19:56:14,Baseline,Heuristic,0.1,1.01,0.277,0.009,0.083,,False,False
19:56:14,Baseline,Deep_Learning,3.01,128.7,,,,0.547,False,False
19:56:14,Baseline,Heuristic,0.16,1.01,0.278,0.009,0.077,,False,False
19:56:14,Baseline,Deep_Learning,3.85,129.11,,,,0.5,False,False
19:56:14,Baseline,Heuristic,0.1,1.01,0.28,0.01,0.071,,False,False
19:56:14,Baseline,Deep_Learning,3.07,129.11,,,,0.5,False,False
19:56:14,Baseline,Heuristic,0.1,1.01,0.282,0.011,0.067,,False,False
19:56:14,Baseline,Deep_Learning,3.31,129.3,,,,0.098,False,False
19:56:14,Baseline,Heuristic,0.1,1.01,0.284,0.011,0.062,,False,False
19:56:14,Baseline,Deep_Learning,2.98,129.28,,,,0.16,False,False
19:56:14,Baseline,Heuristic,0.11,1.27,0.286,0.011,0.059,,False,False
19:56:14,Baseline,Deep_Learning,2.16,129.67,,,,0.957,True,False
19:56:14,Baseline,Heuristic,0.1,1.01,0.289,0.011,0.056,,False,False
19:56:14,Baseline,Deep_Learning,4.75,130.07,,,,0.918,True,False
19:56:14,Baseline,Heuristic,0.1,1.01,0.291,0.011,0.053,,False,False
19:56:14,Baseline,Deep_Learning,2.27,131.26,,,,0.5,False,False
19:56:14,Baseline,Heuristic,0.09,1.01,0.293,0.011,0.05,,False,False
19:56:14,Baseline,Deep_Learning,2.72,131.26,,,,0.5,False,False
19:56:14,Baseline,Heuristic,0.1,1.01,0.296,0.011,0.048,,False,False
19:56:14,Baseline,Deep_Learning,2.16,131.45,,,,0.637,False,False
19:56:14,Baseline,Heuristic,0.15,1.01,0.298,0.012,0.045,,False,False
19:56:14,Baseline,Deep_Learning,4.0,131.81,,,,0.59,False,False
19:56:14,Baseline,Heuristic,0.11,1.01,0.301,0.012,0.043,,False,False
19:56:14,Baseline,Deep_Learning,2.86,132.21,,,,0.453,False,False
19:56:14,Baseline,Heuristic,0.13,1.01,0.303,0.013,0.042,,False,False
19:56:14,Baseline,Deep_Learning,2.71,133.92,,,,0.676,False,False
19:56:14,Baseline,Heuristic,0.11,1.01,0.305,0.014,0.04,,False,False
19:56:14,Baseline,Deep_Learning,2.39,134.36,,,,0.637,False,False
19:56:14,Baseline,Heuristic,0.1,1.01,0.307,0.016,0.038,,False,False
19:56:14,Baseline,Deep_Learning,2.33,135.38,,,,0.676,False,False
19:56:14,Baseline,Heuristic,0.1,1.01,0.309,0.018,0.037,,False,False
19:56:14,Baseline,Deep_Learning,3.15,135.81,,,,0.637,False,False
19:56:14,Baseline,Heuristic,0.1,1.01,0.311,0.021,0.036,,False,False
19:56:14,Baseline,Deep_Learning,2.29,136.9,,,,0.988,True,False
19:56:14,Baseline,Heuristic,0.16,1.01,0.312,0.023,0.034,,False,False
19:56:14,Baseline,Deep_Learning,2.88,136.92,,,,0.992,True,False
19:56:14,Baseline,Heuristic,0.1,1.01,0.313,0.026,0.033,,False,False
19:56:14,Baseline,Deep_Learning,2.34,137.58,,,,0.996,True,False
19:56:14,Baseline,Heuristic,0.1,1.01,0.313,0.028,0.032,,False,False
19:56:14,Baseline,Deep_Learning,2.44,137.58,,,,0.996,True,False
19:56:14,Baseline,Heuristic,0.15,1.01,0.314,0.031,0.031,,False,False
19:56:14,Baseline,Deep_Learning,2.76,137.81,,,,0.992,True,False
19:56:14,Baseline,Heuristic,0.16,1.01,0.314,0.034,0.03,,False,False
19:56:14,Baseline,Deep_Learning,2.5,137.79,,,,0.996,True,False
19:56:14,Baseline,Heuristic,0.13,1.01,0.314,0.037,0.029,,False,False
19:56:14,Baseline,Deep_Learning,2.74,137.79,,,,0.996,True,False
19:56:14,Baseline,Heuristic,0.11,1.01,0.314,0.04,0.029,,False,False
19:56:14,Baseline,Deep_Learning,2.45,138.66,,,,0.996,True,False
19:56:14,Baseline,Heuristic,0.1,1.01,0.314,0.043,0.028,,False,False
19:56:14,Baseline,Deep_Learning,2.29,139.33,,,,0.996,True,False
19:56:14,Baseline,Heuristic,0.11,1.01,0.314,0.046,0.027,,False,False
19:56:14,Baseline,Deep_Learning,4.07,139.33,,,,0.996,True,False
19:56:14,Baseline,Heuristic,0.1,1.01,0.314,0.049,0.026,,False,False
19:56:14,Baseline,Deep_Learning,2.4,139.56,,,,0.996,True,False
19:56:14,Baseline,Heuristic,0.12,1.01,0.314,0.052,0.026,,False,False
19:56:14,Baseline,Deep_Learning,2.85,140.2,,,,0.996,True,False
19:56:15,Baseline,Heuristic,0.1,1.01,0.314,0.055,0.025,,False,False
19:56:15,Baseline,Deep_Learning,2.78,140.65,,,,0.996,True,False
19:56:15,Baseline,Heuristic,0.13,1.01,0.314,0.058,0.024,,False,False
19:56:15,Baseline,Deep_Learning,2.86,141.55,,,,0.996,True,False
19:56:15,Baseline,Heuristic,0.09,1.01,0.314,0.06,0.024,,False,False
19:56:15,Baseline,Deep_Learning,2.48,142.0,,,,0.996,True,False
19:56:15,Baseline,Heuristic,0.12,1.01,0.313,0.061,0.023,,False,False
19:56:15,Baseline,Deep_Learning,2.48,142.0,,,,0.996,True,False
19:56:15,Baseline,Heuristic,0.12,1.01,0.313,0.062,0.023,,False,False
19:56:15,Baseline,Deep_Learning,2.51,142.24,,,,0.84,True,False
19:56:15,Baseline,Heuristic,0.14,1.01,0.313,0.063,0.022,,False,False
19:56:15,Baseline,Deep_Learning,2.96,142.24,,,,0.93,True,False
19:56:15,Baseline,Heuristic,0.1,1.01,0.313,0.063,0.022,,False,False
19:56:15,Baseline,Deep_Learning,2.55,142.67,,,,0.547,False,False
19:56:15,Baseline,Heuristic,0.1,1.01,0.313,0.064,0.021,,False,False
19:56:15,Baseline,Deep_Learning,2.37,142.67,,,,0.25,False,False
19:56:15,Baseline,Heuristic,0.11,1.01,0.312,0.064,0.021,,False,False
19:56:15,Baseline,Deep_Learning,2.35,142.46,,,,0.984,True,False
19:56:15,Baseline,Heuristic,0.1,1.27,0.312,0.064,0.02,,False,False
19:56:15,Baseline,Deep_Learning,2.45,142.22,,,,0.965,True,False
19:56:15,Baseline,Heuristic,0.11,1.01,0.312,0.064,0.02,,False,False
19:56:15,Baseline,Deep_Learning,2.54,142.22,,,,0.812,True,False
19:56:15,Baseline,Heuristic,0.1,1.01,0.312,0.065,0.02,,False,False
19:56:15,Baseline,Deep_Learning,2.39,142.0,,,,0.957,True,False
19:56:15,Baseline,Heuristic,0.18,1.01,0.311,0.065,0.019,,False,False
19:56:15,Baseline,Deep_Learning,2.54,141.74,,,,0.988,True,False
19:56:15,Baseline,Heuristic,0.1,1.01,0.311,0.066,0.019,,False,False
19:56:15,Baseline,Deep_Learning,2.38,142.46,,,,0.984,True,False
19:56:15,Baseline,Heuristic,0.11,1.01,0.311,0.067,0.019,,False,False
19:56:15,Baseline,Deep_Learning,2.48,142.67,,,,0.918,True,False
19:56:15,Baseline,Heuristic,0.1,1.01,0.311,0.068,0.018,,False,False
19:56:15,Baseline,Deep_Learning,2.46,142.89,,,,0.996,True,False
19:56:15,Baseline,Heuristic,0.1,1.01,0.311,0.069,0.018,,False,False
19:56:15,Baseline,Deep_Learning,2.57,143.13,,,,0.977,True,False
19:56:15,Baseline,Heuristic,0.1,1.01,0.311,0.07,0.018,,False,False
19:56:15,Baseline,Deep_Learning,2.24,142.43,,,,0.93,True,False
19:56:15,Baseline,Heuristic,0.1,1.01,0.311,0.071,0.017,,False,False
19:56:15,Baseline,Deep_Learning,2.36,142.67,,,,0.996,True,False
19:56:15,Baseline,Heuristic,0.11,1.01,0.311,0.072,0.017,,False,False
19:56:15,Baseline,Deep_Learning,2.45,142.67,,,,0.996,True,False
19:56:15,Baseline,Heuristic,0.1,1.01,0.311,0.072,0.017,,False,False
19:56:15,Baseline,Deep_Learning,2.34,142.46,,,,0.59,False,False
19:56:15,Baseline,Heuristic,0.12,1.01,0.311,0.072,0.016,,False,False
19:56:15,Baseline,Deep_Learning,2.36,142.46,,,,0.59,False,False
19:56:15,Baseline,Heuristic,0.1,1.01,0.311,0.072,0.016,,False,False
19:56:15,Baseline,Deep_Learning,2.42,142.02,,,,0.84,True,False
19:56:15,Baseline,Heuristic,0.11,1.01,0.311,0.072,0.016,,False,False
19:56:15,Baseline,Deep_Learning,2.37,142.48,,,,0.59,False,False
19:56:15,Baseline,Heuristic,0.15,1.01,0.311,0.071,0.016,,False,False
19:56:15,Baseline,Deep_Learning,2.77,141.76,,,,0.863,True,False
19:56:15,Baseline,Heuristic,0.1,1.01,0.311,0.071,0.015,,False,False
19:56:15,Baseline,Deep_Learning,2.29,141.55,,,,0.84,True,False
19:56:15,Baseline,Heuristic,0.17,1.01,0.311,0.072,0.015,,False,False
19:56:15,Baseline,Deep_Learning,3.08,141.35,,,,0.785,False,False
19:56:15,Baseline,Heuristic,0.11,1.01,0.311,0.072,0.015,,False,False
19:56:15,Baseline,Deep_Learning,3.0,141.14,,,,0.973,True,False
19:56:15,Baseline,Heuristic,0.1,1.01,0.311,0.072,0.015,,False,False
19:56:15,Baseline,Deep_Learning,2.34,141.35,,,,0.059,False,False
19:56:15,Baseline,Heuristic,0.11,1.01,0.311,0.072,0.014,,False,False
19:56:15,Baseline,Deep_Learning,2.38,141.57,,,,0.059,False,False
19:56:15,Baseline,Heuristic,0.1,1.01,0.311,0.072,0.014,,False,False
19:56:15,Baseline,Deep_Learning,2.34,141.57,,,,0.984,True,False
19:56:16,Baseline,Heuristic,0.1,1.01,0.311,0.071,0.014,,False,False
19:56:16,Baseline,Deep_Learning,2.33,141.35,,,,0.984,True,False
19:56:16,Baseline,Heuristic,0.12,1.01,0.311,0.071,0.014,,False,False
19:56:16,Baseline,Deep_Learning,2.9,141.14,,,,0.98,True,False
19:56:16,Baseline,Heuristic,0.12,1.01,0.311,0.07,0.014,,False,False
19:56:16,Baseline,Deep_Learning,2.59,140.88,,,,0.637,False,False
19:56:16,Baseline,Heuristic,0.1,1.01,0.311,0.069,0.014,,False,False
19:56:16,Baseline,Deep_Learning,2.42,140.67,,,,0.285,False,False
19:56:16,Baseline,Heuristic,0.1,1.01,0.311,0.067,0.013,,False,False
19:56:16,Baseline,Deep_Learning,2.32,140.43,,,,0.988,True,False
19:56:16,Baseline,Heuristic,0.1,1.01,0.311,0.066,0.013,,False,False
19:56:16,Baseline,Deep_Learning,2.22,140.43,,,,0.992,True,False
19:56:16,Baseline,Heuristic,0.1,1.01,0.311,0.065,0.013,,False,False
19:56:16,Baseline,Deep_Learning,2.39,140.43,,,,0.973,True,False
19:56:16,Baseline,Heuristic,0.1,1.01,0.311,0.064,0.013,,False,False
19:56:16,Baseline,Deep_Learning,2.31,140.43,,,,0.973,True,False
19:56:16,Baseline,Heuristic,0.1,1.01,0.311,0.062,0.013,,False,False
19:56:16,Baseline,Deep_Learning,2.35,140.65,,,,0.992,True,False
19:56:16,Baseline,Heuristic,0.1,1.01,0.311,0.061,0.013,,False,False
19:56:16,Baseline,Deep_Learning,2.2,140.88,,,,0.996,True,False
19:56:16,Baseline,Heuristic,0.1,1.27,0.311,0.06,0.012,,False,False
19:56:16,Baseline,Deep_Learning,2.73,140.67,,,,0.996,True,False
19:56:16,Baseline,Heuristic,0.11,1.01,0.311,0.059,0.012,,False,False
19:56:16,Baseline,Deep_Learning,2.25,140.67,,,,0.453,False,False
19:56:16,Baseline,Heuristic,0.09,1.01,0.311,0.058,0.012,,False,False
19:56:16,Baseline,Deep_Learning,2.44,140.43,,,,0.5,False,False
19:56:16,Baseline,Heuristic,0.1,1.01,0.311,0.057,0.012,,False,False
19:56:16,Baseline,Deep_Learning,2.36,140.9,,,,0.035,False,False
19:56:16,Baseline,Heuristic,0.1,1.01,0.311,0.056,0.012,,False,False
19:56:16,Baseline,Deep_Learning,2.35,141.14,,,,0.137,False,False
19:56:16,Baseline,Heuristic,0.1,1.01,0.311,0.055,0.012,,False,False
19:56:16,Baseline,Deep_Learning,2.34,140.9,,,,0.992,True,False
19:56:16,Baseline,Heuristic,0.1,1.01,0.311,0.054,0.011,,False,False
19:56:16,Baseline,Deep_Learning,2.3,140.9,,,,0.992,True,False
19:56:16,Baseline,Heuristic,0.1,1.01,0.311,0.053,0.011,,False,False
19:56:16,Baseline,Deep_Learning,2.3,140.9,,,,0.59,False,False
19:56:16,Baseline,Heuristic,0.1,1.01,0.311,0.052,0.011,,False,False
19:56:16,Baseline,Deep_Learning,2.36,140.69,,,,0.098,False,False
19:56:16,Baseline,Heuristic,0.09,1.01,0.311,0.051,0.011,,False,False
19:56:16,Baseline,Deep_Learning,2.44,140.69,,,,0.098,False,False
19:56:16,Baseline,Heuristic,0.1,1.01,0.311,0.05,0.011,,False,False
19:56:16,Baseline,Deep_Learning,2.28,140.88,,,,0.996,True,False
19:56:16,Baseline,Heuristic,0.11,1.01,0.311,0.049,0.011,,False,False
19:56:16,Baseline,Deep_Learning,2.23,140.88,,,,0.996,True,False
19:56:16,Baseline,Heuristic,0.1,1.01,0.311,0.048,0.011,,False,False
19:56:16,Baseline,Deep_Learning,2.22,141.12,,,,0.715,False,False
19:56:16,Baseline,Heuristic,0.11,1.01,0.311,0.047,0.011,,False,False
19:56:16,Baseline,Deep_Learning,2.33,140.88,,,,0.93,True,False
19:56:16,Baseline,Heuristic,0.1,1.01,0.312,0.046,0.011,,False,False
19:56:16,Baseline,Deep_Learning,2.32,141.12,,,,0.977,True,False
19:56:16,Baseline,Heuristic,0.09,1.01,0.312,0.046,0.01,,False,False
19:56:16,Baseline,Deep_Learning,2.19,141.12,,,,0.883,True,False
19:56:16,Baseline,Heuristic,0.1,1.01,0.312,0.045,0.01,,False,False
19:56:16,Baseline,Deep_Learning,2.28,140.9,,,,0.918,True,False
19:56:16,Baseline,Heuristic,0.1,1.01,0.312,0.044,0.01,,False,False
19:56:16,Baseline,Deep_Learning,2.32,140.9,,,,0.883,True,False
19:56:16,Baseline,Heuristic,0.17,1.01,0.312,0.043,0.01,,False,False
19:56:16,Baseline,Deep_Learning,2.62,141.57,,,,0.75,False,False
19:56:16,Baseline,Heuristic,0.09,1.01,0.312,0.042,0.01,,False,False
19:56:16,Baseline,Deep_Learning,2.25,141.57,,,,0.984,True,False
19:56:17,Baseline,Heuristic,0.11,1.01,0.312,0.042,0.01,,False,False
19:56:17,Baseline,Deep_Learning,2.26,141.57,,,,0.984,True,False
19:56:17,Baseline,Heuristic,0.1,1.01,0.312,0.041,0.01,,False,False
19:56:17,Baseline,Deep_Learning,2.27,141.35,,,,0.996,True,False
19:56:17,Baseline,Heuristic,0.09,1.01,0.312,0.04,0.01,,False,False
19:56:17,Baseline,Deep_Learning,2.21,141.35,,,,0.996,True,False
19:56:17,Baseline,Heuristic,0.1,1.01,0.313,0.039,0.01,,False,False
19:56:17,Baseline,Deep_Learning,2.27,141.35,,,,0.992,True,False
19:56:17,Baseline,Heuristic,0.1,1.01,0.313,0.039,0.01,,False,False
19:56:17,Baseline,Deep_Learning,2.2,141.35,,,,0.992,True,False
19:56:17,Baseline,Heuristic,0.1,1.01,0.313,0.038,0.009,,False,False
19:56:17,Baseline,Deep_Learning,2.28,140.9,,,,0.98,True,False
19:56:17,Baseline,Heuristic,0.1,1.01,0.313,0.037,0.009,,False,False
19:56:17,Baseline,Deep_Learning,2.34,141.35,,,,0.949,True,False
19:56:17,Baseline,Heuristic,0.11,1.01,0.312,0.037,0.009,,False,False
19:56:17,Baseline,Deep_Learning,2.27,141.14,,,,0.918,True,False
19:56:17,Baseline,Heuristic,0.1,1.01,0.312,0.036,0.009,,False,False
19:56:17,Baseline,Deep_Learning,2.35,141.14,,,,0.188,False,False
19:56:17,Baseline,Heuristic,0.1,1.01,0.312,0.035,0.009,,False,False
19:56:17,Baseline,Deep_Learning,2.5,141.14,,,,0.188,False,False
19:56:17,Baseline,Heuristic,0.15,1.01,0.312,0.035,0.009,,False,False
19:56:17,Baseline,Deep_Learning,2.94,141.14,,,,0.984,True,False
19:56:17,Baseline,Heuristic,0.1,1.01,0.311,0.034,0.009,,False,False
19:56:17,Baseline,Deep_Learning,2.69,141.37,,,,0.977,True,False
19:56:17,Baseline,Heuristic,0.1,1.27,0.311,0.034,0.009,,False,False
19:56:17,Baseline,Deep_Learning,2.57,141.14,,,,0.637,False,False
19:56:17,Baseline,Heuristic,0.1,1.01,0.31,0.033,0.009,,False,False
19:56:17,Baseline,Deep_Learning,2.23,141.14,,,,0.637,False,False
19:56:17,Baseline,Heuristic,0.1,1.01,0.31,0.033,0.009,,False,False
19:56:17,Baseline,Deep_Learning,2.24,141.12,,,,0.59,False,False
19:56:17,Baseline,Heuristic,0.11,1.01,0.309,0.032,0.009,,False,False
19:56:17,Baseline,Deep_Learning,2.4,140.67,,,,0.883,True,False
19:56:17,Baseline,Heuristic,0.1,1.01,0.309,0.032,0.009,,False,False
19:56:17,Baseline,Deep_Learning,2.35,140.9,,,,0.996,True,False
19:56:17,Baseline,Heuristic,0.09,1.01,0.308,0.031,0.008,,False,False
19:56:17,Baseline,Deep_Learning,2.18,140.67,,,,0.992,True,False
19:56:17,Baseline,Heuristic,0.09,1.01,0.308,0.031,0.008,,False,False
19:56:17,Baseline,Deep_Learning,2.28,140.67,,,,0.992,True,False
19:56:17,Baseline,Heuristic,0.1,1.01,0.307,0.03,0.008,,False,False
19:56:17,Baseline,Deep_Learning,2.56,140.69,,,,0.996,True,False
19:56:17,Baseline,Heuristic,0.1,1.01,0.307,0.03,0.008,,False,False
19:56:17,Baseline,Deep_Learning,2.29,140.92,,,,0.996,True,False
19:56:17,Baseline,Heuristic,0.1,1.01,0.306,0.029,0.008,,False,False
19:56:17,Baseline,Deep_Learning,2.2,140.92,,,,0.957,True,False
19:56:17,Baseline,Heuristic,0.1,1.01,0.306,0.029,0.008,,False,False
19:56:17,Baseline,Deep_Learning,2.27,140.69,,,,0.965,True,False
19:56:17,Baseline,Heuristic,0.1,1.01,0.305,0.028,0.008,,False,False
19:56:17,Baseline,Deep_Learning,2.24,140.69,,,,0.59,False,False
19:56:17,Baseline,Heuristic,0.1,1.01,0.305,0.028,0.008,,False,False
19:56:17,Baseline,Deep_Learning,2.31,140.69,,,,0.59,False,False
19:56:17,Baseline,Heuristic,0.22,1.01,0.304,0.028,0.008,,False,False
19:56:17,Baseline,Deep_Learning,2.39,140.69,,,,0.082,False,False
19:56:17,Baseline,Heuristic,0.09,1.01,0.304,0.027,0.008,,False,False
19:56:17,Baseline,Deep_Learning,2.15,140.92,,,,0.59,False,False
19:56:17,Baseline,Heuristic,0.09,1.01,0.303,0.027,0.008,,False,False
19:56:17,Baseline,Deep_Learning,2.38,140.92,,,,0.59,False,False
19:56:17,Baseline,Heuristic,0.1,1.01,0.302,0.026,0.008,,False,False
19:56:17,Baseline,Deep_Learning,2.26,140.92,,,,0.902,True,False
19:56:17,Baseline,Heuristic,0.1,1.01,0.301,0.026,0.008,,False,False
19:56:17,Baseline,Deep_Learning,2.33,140.92,,,,0.902,True,False
19:56:18,Baseline,Heuristic,0.11,1.01,0.3,0.026,0.008,,False,False
19:56:18,Baseline,Deep_Learning,2.18,140.92,,,,0.973,True,False
19:56:18,Baseline,Heuristic,0.1,1.01,0.299,0.025,0.008,,False,False
19:56:18,Baseline,Deep_Learning,2.2,140.92,,,,0.973,True,False
19:56:18,Baseline,Heuristic,0.11,1.01,0.298,0.025,0.008,,False,False
19:56:18,Baseline,Deep_Learning,2.35,140.69,,,,0.25,False,False
19:56:18,Baseline,Heuristic,0.1,1.01,0.296,0.025,0.007,,False,False
19:56:18,Baseline,Deep_Learning,2.24,141.14,,,,0.285,False,False
19:56:18,Baseline,Heuristic,0.1,1.01,0.295,0.024,0.007,,False,False
19:56:18,Baseline,Deep_Learning,2.42,141.14,,,,0.285,False,False
19:56:18,Baseline,Heuristic,0.1,1.01,0.294,0.024,0.007,,False,False
19:56:18,Baseline,Deep_Learning,2.41,140.9,,,,0.984,True,False
19:56:18,Baseline,Heuristic,0.1,1.01,0.293,0.024,0.007,,False,False
19:56:18,Baseline,Deep_Learning,2.34,141.35,,,,0.996,True,False
19:56:18,Baseline,Heuristic,0.11,1.01,0.292,0.023,0.007,,False,False
19:56:18,Baseline,Deep_Learning,2.28,141.35,,,,0.957,True,False
19:56:18,Baseline,Heuristic,0.1,1.01,0.291,0.023,0.007,,False,False
19:56:18,Baseline,Deep_Learning,2.25,141.35,,,,0.957,True,False
19:56:18,Baseline,Heuristic,0.1,1.01,0.29,0.023,0.007,,False,False
19:56:18,Baseline,Deep_Learning,2.26,141.8,,,,0.75,False,False
19:56:18,Baseline,Heuristic,0.09,1.01,0.29,0.022,0.007,,False,False
19:56:18,Baseline,Deep_Learning,2.82,141.57,,,,0.949,True,False
19:56:18,Baseline,Heuristic,0.1,1.01,0.289,0.022,0.007,,False,False
19:56:18,Baseline,Deep_Learning,2.29,141.12,,,,0.16,False,False
19:56:18,Baseline,Heuristic,0.1,1.01,0.289,0.021,0.007,,False,False
19:56:18,Baseline,Deep_Learning,2.21,140.88,,,,0.41,False,False
19:56:18,Baseline,Heuristic,0.1,1.01,0.289,0.021,0.007,,False,False
19:56:18,Baseline,Deep_Learning,2.36,140.88,,,,0.41,False,False
19:56:18,Baseline,Heuristic,0.1,1.27,0.289,0.021,0.007,,False,False
19:56:18,Baseline,Deep_Learning,2.39,141.12,,,,0.965,True,False
19:56:18,Baseline,Heuristic,0.1,1.01,0.289,0.02,0.007,,False,False
19:56:18,Baseline,Deep_Learning,2.24,141.12,,,,0.965,True,False
19:56:18,Baseline,Heuristic,0.1,1.01,0.29,0.02,0.007,,False,False
19:56:18,Baseline,Deep_Learning,2.38,140.9,,,,0.965,True,False
19:56:18,Baseline,Heuristic,0.1,1.01,0.29,0.02,0.007,,False,False
19:56:18,Baseline,Deep_Learning,2.43,140.9,,,,0.965,True,False
19:56:18,Baseline,Heuristic,0.1,1.01,0.29,0.019,0.007,,False,False
19:56:18,Baseline,Deep_Learning,2.28,140.9,,,,0.977,True,False
19:56:18,Baseline,Heuristic,0.11,1.01,0.291,0.019,0.007,,False,False
19:56:18,Baseline,Deep_Learning,2.38,141.12,,,,0.984,True,False
19:56:18,Baseline,Heuristic,0.1,1.01,0.291,0.019,0.007,,False,False
19:56:18,Baseline,Deep_Learning,2.21,141.12,,,,0.988,True,False
19:56:18,Baseline,Heuristic,0.1,1.01,0.292,0.018,0.007,,False,False
19:56:18,Baseline,Deep_Learning,2.43,141.12,,,,0.988,True,False
19:56:18,Baseline,Heuristic,0.1,1.01,0.292,0.018,0.007,,False,False
19:56:18,Baseline,Deep_Learning,2.15,140.88,,,,0.992,True,False
19:56:18,Baseline,Heuristic,0.1,1.01,0.293,0.018,0.006,,False,False
19:56:18,Baseline,Deep_Learning,2.21,140.88,,,,0.098,False,False
19:56:18,Baseline,Heuristic,0.1,1.01,0.293,0.018,0.006,,False,False
19:56:18,Baseline,Deep_Learning,2.22,140.88,,,,0.098,False,False
19:56:18,Baseline,Heuristic,0.1,1.01,0.294,0.017,0.006,,False,False
19:56:18,Baseline,Deep_Learning,2.51,141.12,,,,0.996,True,False
19:56:18,Baseline,Heuristic,0.1,1.01,0.294,0.017,0.006,,False,False
19:56:18,Baseline,Deep_Learning,2.19,141.12,,,,0.98,True,False
19:56:18,Baseline,Heuristic,0.1,1.01,0.294,0.017,0.006,,False,False
19:56:18,Baseline,Deep_Learning,2.17,141.12,,,,0.84,True,False
19:56:18,Baseline,Heuristic,0.1,1.01,0.295,0.017,0.006,,False,False
19:56:18,Baseline,Deep_Learning,2.21,141.12,,,,0.84,True,False
19:56:18,Baseline,Heuristic,0.1,1.01,0.295,0.017,0.006,,False,False
19:56:18,Baseline,Deep_Learning,2.3,141.12,,,,0.98,True,False
19:56:19,Baseline,Heuristic,0.14,1.01,0.295,0.016,0.006,,False,False
19:56:19,Baseline,Deep_Learning,2.4,141.12,,,,0.98,True,False
19:56:19,Baseline,Heuristic,0.1,1.01,0.295,0.016,0.006,,False,False
19:56:19,Baseline,Deep_Learning,2.23,141.12,,,,0.957,True,False
19:56:19,Baseline,Heuristic,0.12,1.01,0.295,0.016,0.006,,False,False
19:56:19,Baseline,Deep_Learning,2.28,141.12,,,,0.957,True,False
19:56:19,Baseline,Heuristic,0.1,1.01,0.295,0.016,0.006,,False,False
19:56:19,Baseline,Deep_Learning,2.34,141.12,,,,0.941,True,False
19:56:19,Baseline,Heuristic,0.1,1.01,0.295,0.015,0.006,,False,False
19:56:19,Baseline,Deep_Learning,2.24,141.35,,,,0.902,True,False
19:56:19,Baseline,Heuristic,0.11,1.01,0.295,0.015,0.006,,False,False
19:56:19,Baseline,Deep_Learning,2.44,141.35,,,,0.902,True,False
19:56:19,Baseline,Heuristic,0.1,1.01,0.295,0.015,0.006,,False,False
19:56:19,Baseline,Deep_Learning,2.26,141.14,,,,0.863,True,False
19:56:19,Baseline,Heuristic,0.1,1.01,0.295,0.015,0.006,,False,False
19:56:19,Baseline,Deep_Learning,2.32,140.9,,,,0.949,True,False
19:56:19,Baseline,Heuristic,0.11,1.01,0.295,0.015,0.006,,False,False
19:56:19,Baseline,Deep_Learning,2.24,141.35,,,,0.883,True,False
19:56:19,Baseline,Heuristic,0.1,1.01,0.295,0.014,0.006,,False,False
19:56:19,Baseline,Deep_Learning,2.2,141.35,,,,0.883,True,False
19:56:19,Baseline,Heuristic,0.13,1.01,0.295,0.014,0.006,,False,False
19:56:19,Baseline,Deep_Learning,2.47,141.14,,,,0.988,True,False
19:56:19,Baseline,Heuristic,0.09,1.01,0.296,0.014,0.006,,False,False
19:56:19,Baseline,Deep_Learning,2.37,141.14,,,,0.137,False,False
19:56:19,Baseline,Heuristic,0.11,1.01,0.296,0.014,0.006,,False,False
19:56:19,Baseline,Deep_Learning,2.28,140.92,,,,0.75,False,False
19:56:19,Baseline,Heuristic,0.1,1.01,0.296,0.014,0.006,,False,False
19:56:19,Baseline,Deep_Learning,2.31,141.14,,,,0.93,True,False
19:56:19,Baseline,Heuristic,0.1,1.01,0.296,0.013,0.006,,False,False
19:56:19,Baseline,Deep_Learning,2.44,141.14,,,,0.93,True,False
19:56:19,Baseline,Heuristic,0.1,1.01,0.296,0.013,0.006,,False,False
19:56:19,Baseline,Deep_Learning,2.26,140.9,,,,0.957,True,False
19:56:19,Baseline,Heuristic,0.1,1.27,0.296,0.013,0.006,,False,False
19:56:19,Baseline,Deep_Learning,2.35,140.9,,,,0.957,True,False
19:56:19,Baseline,Heuristic,0.1,1.01,0.296,0.013,0.006,,False,False
19:56:19,Baseline,Deep_Learning,2.26,141.12,,,,0.98,True,False
19:56:19,Baseline,Heuristic,0.1,1.01,0.296,0.013,0.006,,False,False
19:56:19,Baseline,Deep_Learning,2.31,140.9,,,,0.25,False,False
19:56:19,Baseline,Heuristic,0.1,1.01,0.296,0.013,0.006,,False,False
19:56:19,Baseline,Deep_Learning,2.33,140.67,,,,0.84,True,False
19:56:19,Baseline,Heuristic,0.1,1.01,0.296,0.012,0.006,,False,False
19:56:19,Baseline,Deep_Learning,2.36,140.9,,,,0.324,False,False
19:56:19,Baseline,Heuristic,0.1,1.01,0.296,0.012,0.005,,False,False
19:56:19,Baseline,Deep_Learning,2.27,140.9,,,,0.324,False,False
19:56:19,Baseline,Heuristic,0.1,1.01,0.296,0.012,0.005,,False,False
19:56:19,Baseline,Deep_Learning,2.26,141.12,,,,0.715,False,False
19:56:19,Baseline,Heuristic,0.1,1.01,0.296,0.012,0.005,,False,False
19:56:19,Baseline,Deep_Learning,2.33,141.12,,,,0.715,False,False
19:56:19,Baseline,Heuristic,0.1,1.01,0.296,0.012,0.005,,False,False
19:56:19,Baseline,Deep_Learning,2.36,140.67,,,,0.996,True,False
19:56:19,Baseline,Heuristic,0.12,1.01,0.296,0.012,0.005,,False,False
19:56:19,Baseline,Deep_Learning,2.27,140.9,,,,0.992,True,False
19:56:19,Baseline,Heuristic,0.11,1.01,0.296,0.012,0.005,,False,False
19:56:19,Baseline,Deep_Learning,2.35,140.9,,,,0.996,True,False
19:56:19,Baseline,Heuristic,0.1,1.01,0.295,0.012,0.005,,False,False
19:56:19,Baseline,Deep_Learning,2.2,140.9,,,,0.996,True,False
19:56:19,Baseline,Heuristic,0.1,1.01,0.295,0.012,0.005,,False,False
19:56:19,Baseline,Deep_Learning,2.4,140.9,,,,0.902,True,False
19:56:20,Baseline,Heuristic,0.1,1.01,0.295,0.012,0.005,,False,False
19:56:20,Baseline,Deep_Learning,2.2,140.92,,,,0.785,False,False
19:56:20,Baseline,Heuristic,0.1,1.01,0.295,0.011,0.005,,False,False
19:56:20,Baseline,Deep_Learning,2.49,141.14,,,,0.188,False,False
19:56:20,Baseline,Heuristic,0.1,1.01,0.295,0.011,0.005,,False,False
19:56:20,Baseline,Deep_Learning,2.3,141.14,,,,0.324,False,False
19:56:20,Baseline,Heuristic,0.1,1.01,0.295,0.011,0.005,,False,False
19:56:20,Baseline,Deep_Learning,2.37,141.14,,,,0.324,False,False
19:56:20,Baseline,Heuristic,0.1,1.01,0.295,0.011,0.005,,False,False
19:56:20,Baseline,Deep_Learning,2.27,140.9,,,,0.023,False,False
19:56:20,Baseline,Heuristic,0.11,1.01,0.295,0.011,0.005,,False,False
19:56:20,Baseline,Deep_Learning,2.33,140.9,,,,0.023,False,False
19:56:20,Baseline,Heuristic,0.11,1.01,0.295,0.011,0.005,,False,False
19:56:20,Baseline,Deep_Learning,2.43,140.9,,,,0.285,False,False
19:56:20,Baseline,Heuristic,0.1,1.01,0.295,0.011,0.005,,False,False
19:56:20,Baseline,Deep_Learning,2.58,140.92,,,,0.188,False,False
19:56:20,Baseline,Heuristic,0.1,1.01,0.295,0.011,0.005,,False,False
19:56:20,Baseline,Deep_Learning,2.25,141.59,,,,0.008,False,False
19:56:20,Baseline,Heuristic,0.1,1.01,0.295,0.011,0.005,,False,False
19:56:20,Baseline,Deep_Learning,2.28,141.57,,,,0.016,False,False
19:56:20,Baseline,Heuristic,0.1,1.01,0.294,0.011,0.005,,False,False
19:56:20,Baseline,Deep_Learning,2.34,142.71,,,,0.285,False,False
19:56:20,Baseline,Heuristic,0.16,1.01,0.294,0.01,0.005,,False,False
19:56:20,Baseline,Deep_Learning,3.66,142.69,,,,0.16,False,False
19:56:20,Baseline,Heuristic,0.21,1.01,0.294,0.01,0.005,,False,False
19:56:20,Baseline,Deep_Learning,3.49,142.95,,,,0.324,False,False
19:56:20,Baseline,Heuristic,0.1,1.01,0.293,0.01,0.005,,False,False
19:56:20,Baseline,Deep_Learning,2.21,143.17,,,,0.41,False,False
19:56:20,Baseline,Heuristic,0.11,1.01,0.293,0.01,0.005,,False,False
19:56:20,Baseline,Deep_Learning,2.58,142.93,,,,0.215,False,False
19:56:20,Baseline,Heuristic,0.1,1.01,0.292,0.01,0.005,,False,False
19:56:20,Baseline,Deep_Learning,2.4,143.41,,,,0.637,False,False
19:56:20,Baseline,Heuristic,0.1,1.01,0.292,0.01,0.005,,False,False
19:56:20,Baseline,Deep_Learning,2.33,143.41,,,,0.637,False,False
19:56:20,Baseline,Heuristic,0.1,1.01,0.291,0.01,0.005,,False,False
19:56:20,Baseline,Deep_Learning,2.21,143.17,,,,0.637,False,False
19:56:20,Baseline,Heuristic,0.1,1.01,0.29,0.01,0.005,,False,False
19:56:20,Baseline,Deep_Learning,2.35,142.93,,,,0.453,False,False
19:56:20,Baseline,Heuristic,0.14,1.27,0.29,0.01,0.005,,False,False
19:56:20,Baseline,Deep_Learning,2.5,143.19,,,,0.996,True,False
19:56:20,Baseline,Heuristic,0.1,1.01,0.289,0.01,0.005,,False,False
19:56:20,Baseline,Deep_Learning,2.13,143.43,,,,0.996,True,False
19:56:20,Baseline,Heuristic,0.1,1.01,0.288,0.01,0.005,,False,False
19:56:20,Baseline,Deep_Learning,2.41,143.41,,,,0.996,True,False
19:56:20,Baseline,Heuristic,0.11,1.01,0.288,0.01,0.005,,False,False
19:56:20,Baseline,Deep_Learning,2.24,143.67,,,,0.996,True,False
19:56:20,Baseline,Heuristic,0.11,1.01,0.287,0.009,0.005,,False,False
19:56:20,Baseline,Deep_Learning,2.33,143.89,,,,0.996,True,False
19:56:20,Baseline,Heuristic,0.1,1.01,0.287,0.009,0.005,,False,False
19:56:20,Baseline,Deep_Learning,2.34,143.65,,,,0.715,False,False
19:56:20,Baseline,Heuristic,0.11,1.01,0.286,0.009,0.005,,False,False
19:56:20,Baseline,Deep_Learning,2.19,143.65,,,,0.715,False,False
19:56:20,Baseline,Heuristic,0.1,1.01,0.286,0.009,0.005,,False,False
19:56:20,Baseline,Deep_Learning,2.36,143.65,,,,0.863,True,False
19:56:20,Baseline,Heuristic,0.1,1.01,0.285,0.009,0.005,,False,False
19:56:20,Baseline,Deep_Learning,2.16,143.41,,,,0.676,False,False
19:56:20,Baseline,Heuristic,0.1,1.01,0.285,0.009,0.005,,False,False
19:56:20,Baseline,Deep_Learning,2.22,143.41,,,,0.676,False,False
19:56:20,Baseline,Heuristic,0.13,1.01,0.285,0.009,0.005,,False,False
19:56:20,Baseline,Deep_Learning,2.44,143.41,,,,0.988,True,False
19:56:21,Baseline,Heuristic,0.11,1.01,0.284,0.009,0.005,,False,False
19:56:21,Baseline,Deep_Learning,2.32,143.43,,,,0.996,True,False
19:56:21,Baseline,Heuristic,0.1,1.01,0.284,0.009,0.005,,False,False
19:56:21,Baseline,Deep_Learning,2.29,143.65,,,,0.996,True,False
19:56:21,Baseline,Heuristic,0.17,1.01,0.284,0.008,0.005,,False,False
19:56:21,Baseline,Deep_Learning,2.78,143.65,,,,0.996,True,False
19:56:21,Baseline,Heuristic,0.11,1.01,0.284,0.008,0.004,,False,False
19:56:21,Baseline,Deep_Learning,3.14,143.41,,,,0.996,True,False
19:56:21,Baseline,Heuristic,0.1,1.01,0.283,0.008,0.004,,False,False
19:56:21,Baseline,Deep_Learning,2.59,143.19,,,,0.996,True,False
19:56:21,Baseline,Heuristic,0.11,1.01,0.283,0.008,0.004,,False,False
19:56:21,Baseline,Deep_Learning,2.55,142.24,,,,0.75,False,False
19:56:21,Baseline,Heuristic,0.1,1.01,0.283,0.008,0.004,,False,False
19:56:21,Baseline,Deep_Learning,2.41,140.39,,,,0.008,False,False
19:56:21,Baseline,Heuristic,0.11,1.01,0.283,0.008,0.004,,False,False
19:56:21,Baseline,Deep_Learning,2.35,140.62,,,,0.004,False,False
19:56:21,Baseline,Heuristic,0.16,1.01,0.284,0.008,0.004,,False,False
19:56:21,Baseline,Deep_Learning,2.95,138.61,,,,0.453,False,False
19:56:21,Baseline,Heuristic,0.11,1.01,0.284,0.008,0.004,,False,False
19:56:21,Baseline,Deep_Learning,3.2,138.66,,,,0.137,False,False
19:56:21,Baseline,Heuristic,0.11,1.01,0.285,0.008,0.004,,False,False
19:56:21,Baseline,Deep_Learning,2.43,138.7,,,,0.117,False,False
19:56:21,Baseline,Heuristic,0.1,1.01,0.286,0.008,0.004,,False,False
19:56:21,Baseline,Deep_Learning,2.51,138.93,,,,0.16,False,False
19:56:21,Baseline,Heuristic,0.11,1.01,0.286,0.007,0.004,,False,False
19:56:21,Baseline,Deep_Learning,2.54,139.78,,,,0.984,True,False
19:56:21,Baseline,Heuristic,0.13,1.01,0.287,0.007,0.004,,False,False
19:56:21,Baseline,Deep_Learning,2.52,139.75,,,,0.965,True,False
19:56:21,Baseline,Heuristic,0.1,1.01,0.288,0.007,0.004,,False,False
19:56:21,Baseline,Deep_Learning,2.69,141.31,,,,0.996,True,False
19:56:21,Baseline,Heuristic,0.1,1.01,0.289,0.007,0.004,,False,False
19:56:21,Baseline,Deep_Learning,2.27,140.86,,,,0.992,True,False
19:56:21,Baseline,Heuristic,0.1,1.01,0.29,0.007,0.004,,False,False
19:56:21,Baseline,Deep_Learning,2.56,141.1,,,,0.957,True,False
19:56:21,Baseline,Heuristic,0.1,1.01,0.291,0.007,0.004,,False,False
19:56:21,Baseline,Deep_Learning,2.49,141.31,,,,0.965,True,False
19:56:21,Baseline,Heuristic,0.13,1.01,0.291,0.007,0.004,,False,False
19:56:21,Baseline,Deep_Learning,2.61,141.55,,,,0.863,True,False
19:56:21,Baseline,Heuristic,0.13,1.01,0.292,0.007,0.004,,False,False
19:56:21,Baseline,Deep_Learning,2.66,141.78,,,,0.84,True,False
19:56:21,Baseline,Heuristic,0.1,1.01,0.293,0.008,0.004,,False,False
19:56:21,Baseline,Deep_Learning,2.43,141.78,,,,0.84,True,False
19:56:21,Baseline,Heuristic,0.1,1.27,0.294,0.008,0.004,,False,False
19:56:21,Baseline,Deep_Learning,2.22,142.02,,,,0.785,False,False
19:56:21,Baseline,Heuristic,0.1,1.01,0.294,0.008,0.004,,False,False
19:56:21,Baseline,Deep_Learning,2.28,142.02,,,,0.59,False,False
19:56:21,Baseline,Heuristic,0.1,1.01,0.295,0.008,0.004,,False,False
19:56:21,Baseline,Deep_Learning,2.24,142.02,,,,0.324,False,False
19:56:21,Baseline,Heuristic,0.1,1.01,0.295,0.008,0.004,,False,False
19:56:21,Baseline,Deep_Learning,2.26,141.78,,,,0.098,False,False
19:56:21,Baseline,Heuristic,0.1,1.01,0.296,0.008,0.004,,False,False
19:56:21,Baseline,Deep_Learning,2.19,142.26,,,,0.41,False,False
19:56:21,Baseline,Heuristic,0.1,1.01,0.296,0.008,0.004,,False,False
19:56:21,Baseline,Deep_Learning,2.54,142.26,,,,0.41,False,False
19:56:21,Baseline,Heuristic,0.1,1.01,0.297,0.008,0.004,,False,False
19:56:21,Baseline,Deep_Learning,2.44,142.02,,,,0.812,True,False
19:56:21,Baseline,Heuristic,0.1,1.01,0.297,0.008,0.004,,False,False
19:56:21,Baseline,Deep_Learning,2.22,142.0,,,,0.84,True,False
19:56:21,Baseline,Heuristic,0.13,1.01,0.297,0.008,0.004,,False,False
19:56:21,Baseline,Deep_Learning,2.48,142.0,,,,0.84,True,False
19:56:22,Baseline,Heuristic,0.1,1.01,0.297,0.008,0.004,,False,False
19:56:22,Baseline,Deep_Learning,2.27,141.55,,,,0.5,False,False
19:56:22,Baseline,Heuristic,0.1,1.01,0.297,0.008,0.004,,False,False
19:56:22,Baseline,Deep_Learning,2.42,141.33,,,,0.324,False,False
19:56:22,Baseline,Heuristic,0.1,1.01,0.297,0.008,0.004,,False,False
19:56:22,Baseline,Deep_Learning,2.39,140.65,,,,0.973,True,False
19:56:22,Baseline,Heuristic,0.14,1.01,0.297,0.008,0.004,,False,False
19:56:22,Baseline,Deep_Learning,2.35,140.43,,,,0.98,True,False
19:56:22,Baseline,Heuristic,0.1,1.01,0.297,0.008,0.004,,False,False
19:56:22,Baseline,Deep_Learning,2.2,140.45,,,,0.883,True,False
19:56:22,Baseline,Heuristic,0.1,1.01,0.297,0.008,0.004,,False,False
19:56:22,Baseline,Deep_Learning,2.23,139.79,,,,0.004,False,False
19:56:22,Baseline,Heuristic,0.1,1.01,0.297,0.008,0.004,,False,False
19:56:22,Baseline,Deep_Learning,2.24,139.35,,,,0.004,False,False
19:56:22,Baseline,Heuristic,0.12,1.01,0.297,0.008,0.004,,False,False
19:56:22,Baseline,Deep_Learning,2.5,139.35,,,,0.324,False,False
19:56:22,Baseline,Heuristic,0.1,1.01,0.298,0.008,0.004,,False,False
19:56:22,Baseline,Deep_Learning,2.38,139.33,,,,0.547,False,False
19:56:22,Baseline,Heuristic,0.1,1.01,0.298,0.008,0.004,,False,False
19:56:22,Baseline,Deep_Learning,2.27,139.78,,,,0.008,False,False
19:56:22,Baseline,Heuristic,0.1,1.01,0.298,0.008,0.004,,False,False
19:56:22,Baseline,Deep_Learning,2.38,139.99,,,,0.004,False,False
19:56:22,Baseline,Heuristic,0.12,1.01,0.299,0.008,0.004,,False,False
19:56:22,Baseline,Deep_Learning,2.34,139.78,,,,0.215,False,False
19:56:22,Baseline,Heuristic,0.1,1.01,0.3,0.008,0.004,,False,False
19:56:22,Baseline,Deep_Learning,2.22,139.79,,,,0.004,False,False
19:56:22,Baseline,Heuristic,0.1,1.01,0.3,0.008,0.004,,False,False
19:56:22,Baseline,Deep_Learning,2.34,140.01,,,,0.012,False,False
19:56:22,Baseline,Heuristic,0.1,1.01,0.301,0.008,0.004,,False,False
19:56:22,Baseline,Deep_Learning,2.35,139.78,,,,0.008,False,False
19:56:22,Baseline,Heuristic,0.1,1.01,0.301,0.008,0.004,,False,False
19:56:22,Baseline,Deep_Learning,2.2,139.78,,,,0.008,False,False
19:56:22,Baseline,Heuristic,0.1,1.01,0.302,0.009,0.004,,False,False
19:56:22,Baseline,Deep_Learning,2.25,139.96,,,,0.0,False,False
19:56:22,Baseline,Heuristic,0.1,1.01,0.302,0.009,0.004,,False,False
19:56:22,Baseline,Deep_Learning,2.21,139.96,,,,0.0,False,False
19:56:22,Baseline,Heuristic,0.1,1.01,0.303,0.009,0.004,,False,False
19:56:22,Baseline,Deep_Learning,2.29,139.54,,,,0.0,False,False
19:56:22,Baseline,Heuristic,0.1,1.01,0.303,0.009,0.004,,False,False
19:56:22,Baseline,Deep_Learning,2.51,139.54,,,,0.0,False,False
19:56:22,Baseline,Heuristic,0.11,1.01,0.303,0.009,0.004,,False,False
19:56:22,Baseline,Deep_Learning,2.26,140.01,,,,0.0,False,False
19:56:22,Baseline,Heuristic,0.1,1.01,0.304,0.009,0.004,,False,False
19:56:22,Baseline,Deep_Learning,2.41,140.01,,,,0.0,False,False
19:56:22,Baseline,Heuristic,0.1,1.01,0.304,0.009,0.004,,False,False
19:56:22,Baseline,Deep_Learning,2.28,139.79,,,,0.0,False,False
19:56:22,Baseline,Heuristic,0.11,1.27,0.304,0.009,0.004,,False,False
19:56:22,Baseline,Deep_Learning,2.3,139.58,,,,0.0,False,False
19:56:22,Baseline,Heuristic,0.11,1.01,0.305,0.009,0.004,,False,False
19:56:22,Baseline,Deep_Learning,2.37,139.58,,,,0.0,False,False
19:56:22,Baseline,Heuristic,0.1,1.01,0.305,0.009,0.004,,False,False
19:56:22,Baseline,Deep_Learning,2.29,139.56,,,,0.004,False,False
19:56:22,Baseline,Heuristic,0.1,1.01,0.305,0.009,0.004,,False,False
19:56:22,Baseline,Deep_Learning,2.32,139.56,,,,0.004,False,False
19:56:22,Baseline,Heuristic,0.1,1.01,0.306,0.009,0.004,,False,False
19:56:22,Baseline,Deep_Learning,2.23,139.33,,,,0.016,False,False
19:56:22,Baseline,Heuristic,0.1,1.01,0.306,0.009,0.004,,False,False
19:56:22,Baseline,Deep_Learning,2.32,139.12,,,,0.016,False,False
19:56:22,Baseline,Heuristic,0.1,1.01,0.306,0.009,0.004,,False,False
19:56:22,Baseline,Deep_Learning,2.21,138.68,,,,0.715,False,False
19:56:22,Baseline,Heuristic,0.1,1.01,0.307,0.009,0.004,,False,False
19:56:22,Baseline,Deep_Learning,2.28,138.91,,,,0.84,True,False
19:56:23,Baseline,Heuristic,0.1,1.01,0.307,0.009,0.004,,False,False
19:56:23,Baseline,Deep_Learning,2.2,138.24,,,,0.996,True,False
19:56:23,Baseline,Heuristic,0.1,1.01,0.307,0.009,0.004,,False,False
19:56:23,Baseline,Deep_Learning,2.23,138.43,,,,0.992,True,False
19:56:23,Baseline,Heuristic,0.13,1.01,0.308,0.009,0.004,,False,False
19:56:23,Baseline,Deep_Learning,2.38,138.79,,,,0.941,True,False
19:56:23,Baseline,Heuristic,0.1,1.01,0.308,0.009,0.004,,False,False
19:56:23,Baseline,Deep_Learning,2.52,139.0,,,,0.883,True,False
19:56:23,Baseline,Heuristic,0.1,1.01,0.308,0.009,0.004,,False,False
19:56:23,Baseline,Deep_Learning,2.25,138.97,,,,0.996,True,False
19:56:23,Baseline,Heuristic,0.1,1.01,0.309,0.009,0.003,,False,False
19:56:23,Baseline,Deep_Learning,2.13,138.53,,,,0.996,True,False
19:56:23,Baseline,Heuristic,0.11,1.01,0.309,0.009,0.003,,False,False
19:56:23,Baseline,Deep_Learning,2.35,138.76,,,,0.996,True,False
19:56:23,Baseline,Heuristic,0.1,1.01,0.31,0.008,0.003,,False,False
19:56:23,Baseline,Deep_Learning,2.17,137.86,,,,0.949,True,False
19:56:23,Baseline,Heuristic,0.1,1.01,0.31,0.008,0.003,,False,False
19:56:23,Baseline,Deep_Learning,2.36,137.86,,,,0.949,True,False
19:56:23,Baseline,Heuristic,0.1,1.01,0.311,0.008,0.003,,False,False
19:56:23,Baseline,Deep_Learning,2.25,138.09,,,,0.984,True,False
19:56:23,Baseline,Heuristic,0.1,1.01,0.312,0.008,0.003,,False,False
19:56:23,Baseline,Deep_Learning,2.34,137.89,,,,0.984,True,False
19:56:23,Baseline,Heuristic,0.1,1.01,0.312,0.008,0.003,,False,False
19:56:23,Baseline,Deep_Learning,2.2,138.09,,,,0.996,True,False
19:56:23,Baseline,Heuristic,0.1,1.01,0.312,0.008,0.003,,False,False
19:56:23,Baseline,Deep_Learning,2.19,139.5,,,,0.984,True,False
19:56:23,Baseline,Heuristic,0.1,1.01,0.312,0.008,0.003,,False,False
19:56:23,Baseline,Deep_Learning,2.33,139.29,,,,0.918,True,False
19:56:23,Baseline,Heuristic,0.1,1.01,0.312,0.008,0.003,,False,False
19:56:23,Baseline,Deep_Learning,2.32,139.54,,,,0.324,False,False
19:56:23,Baseline,Heuristic,0.1,1.01,0.312,0.008,0.003,,False,False
19:56:23,Baseline,Deep_Learning,2.41,139.79,,,,0.863,True,False
19:56:23,Baseline,Heuristic,0.1,1.01,0.312,0.008,0.003,,False,False
19:56:23,Baseline,Deep_Learning,2.26,139.58,,,,0.996,True,False
19:56:23,Baseline,Heuristic,0.1,1.01,0.312,0.008,0.003,,False,False
19:56:23,Baseline,Deep_Learning,2.22,140.04,,,,0.996,True,False
19:56:23,Baseline,Heuristic,0.1,1.01,0.311,0.008,0.003,,False,False
19:56:23,Baseline,Deep_Learning,2.21,140.26,,,,0.863,True,False
19:56:23,Baseline,Heuristic,0.1,1.01,0.311,0.008,0.003,,False,False
19:56:23,Baseline,Deep_Learning,2.47,139.75,,,,0.996,True,False
19:56:23,Baseline,Heuristic,0.1,1.01,0.31,0.008,0.003,,False,False
19:56:23,Baseline,Deep_Learning,2.4,139.08,,,,0.996,True,False
19:56:23,Baseline,Heuristic,0.1,1.01,0.31,0.008,0.003,,False,False
19:56:23,Baseline,Deep_Learning,2.25,139.29,,,,0.996,True,False
19:56:23,Baseline,Heuristic,0.1,1.01,0.31,0.008,0.003,,False,False
19:56:23,Baseline,Deep_Learning,2.34,139.29,,,,0.996,True,False
19:56:23,Baseline,Heuristic,0.1,1.01,0.31,0.008,0.003,,False,False
19:56:23,Baseline,Deep_Learning,2.25,138.85,,,,0.996,True,False
19:56:23,Baseline,Heuristic,0.11,1.27,0.31,0.008,0.003,,False,False
19:56:23,Baseline,Deep_Learning,2.39,138.64,,,,0.996,True,False
19:56:23,Baseline,Heuristic,0.1,1.01,0.31,0.008,0.003,,False,False
19:56:23,Baseline,Deep_Learning,2.29,139.31,,,,0.996,True,False
19:56:23,Baseline,Heuristic,0.17,1.01,0.31,0.008,0.003,,False,False
19:56:23,Baseline,Deep_Learning,2.55,139.54,,,,0.996,True,False
19:56:23,Baseline,Heuristic,0.11,1.01,0.31,0.008,0.003,,False,False
19:56:23,Baseline,Deep_Learning,2.61,139.29,,,,0.996,True,False
19:56:23,Baseline,Heuristic,0.1,1.01,0.31,0.008,0.003,,False,False
19:56:23,Baseline,Deep_Learning,2.35,139.05,,,,0.996,True,False
19:56:23,Baseline,Heuristic,0.1,1.01,0.31,0.008,0.003,,False,False
19:56:23,Baseline,Deep_Learning,2.3,138.85,,,,0.996,True,False
19:56:24,Baseline,Heuristic,0.1,1.01,0.31,0.008,0.003,,False,False
19:56:24,Baseline,Deep_Learning,2.17,139.71,,,,0.996,True,False
19:56:24,Baseline,Heuristic,0.1,1.01,0.31,0.008,0.003,,False,False
19:56:24,Baseline,Deep_Learning,2.22,139.5,,,,0.996,True,False
19:56:24,Baseline,Heuristic,0.1,1.01,0.31,0.008,0.003,,False,False
19:56:24,Baseline,Deep_Learning,2.36,139.05,,,,0.996,True,False
19:56:24,Baseline,Heuristic,0.1,1.01,0.31,0.008,0.003,,False,False
19:56:24,Baseline,Deep_Learning,2.51,139.05,,,,0.996,True,False
19:56:24,Baseline,Heuristic,0.1,1.01,0.31,0.008,0.003,,False,False
19:56:24,Baseline,Deep_Learning,2.25,138.85,,,,0.996,True,False
19:56:24,Baseline,Heuristic,0.1,1.01,0.31,0.008,0.003,,False,False
19:56:24,Baseline,Deep_Learning,2.27,139.52,,,,0.996,True,False
19:56:24,Baseline,Heuristic,0.11,1.01,0.31,0.008,0.003,,False,False
19:56:24,Baseline,Deep_Learning,2.25,139.31,,,,0.996,True,False
19:56:24,Baseline,Heuristic,0.1,1.01,0.311,0.009,0.003,,False,False
19:56:24,Baseline,Deep_Learning,2.44,139.1,,,,0.996,True,False
19:56:24,Baseline,Heuristic,0.1,1.01,0.311,0.009,0.003,,False,False
19:56:24,Baseline,Deep_Learning,2.4,138.85,,,,0.996,True,False
19:56:24,Baseline,Heuristic,0.1,1.01,0.31,0.009,0.003,,False,False
19:56:24,Baseline,Deep_Learning,2.52,138.85,,,,0.996,True,False
19:56:24,Baseline,Heuristic,0.11,1.01,0.31,0.009,0.003,,False,False
19:56:24,Baseline,Deep_Learning,2.3,139.35,,,,0.957,True,False
19:56:24,Baseline,Heuristic,0.1,1.01,0.309,0.009,0.003,,False,False
19:56:24,Baseline,Deep_Learning,2.33,140.04,,,,0.84,True,False
19:56:24,Baseline,Heuristic,0.1,1.01,0.308,0.009,0.003,,False,False
19:56:24,Baseline,Deep_Learning,2.25,139.83,,,,0.863,True,False
19:56:24,Baseline,Heuristic,0.11,1.01,0.306,0.009,0.003,,False,False
19:56:24,Baseline,Deep_Learning,2.25,140.22,,,,0.324,False,False
19:56:24,Baseline,Heuristic,0.1,1.01,0.305,0.009,0.003,,False,False
19:56:24,Baseline,Deep_Learning,2.28,139.78,,,,0.137,False,False
19:56:24,Baseline,Heuristic,0.1,1.01,0.304,0.009,0.003,,False,False
19:56:24,Baseline,Deep_Learning,2.3,139.78,,,,0.16,False,False
19:56:24,Baseline,Heuristic,0.1,1.01,0.302,0.009,0.003,,False,False
19:56:24,Baseline,Deep_Learning,2.33,139.56,,,,0.676,False,False
19:56:24,Baseline,Heuristic,0.11,1.01,0.301,0.009,0.003,,False,False
19:56:24,Baseline,Deep_Learning,2.26,139.33,,,,0.051,False,False
19:56:24,Baseline,Heuristic,0.1,1.01,0.301,0.009,0.003,,False,False
19:56:24,Baseline,Deep_Learning,2.37,139.54,,,,0.117,False,False
19:56:24,Baseline,Heuristic,0.1,1.01,0.3,0.009,0.003,,False,False
19:56:24,Baseline,Deep_Learning,2.39,139.99,,,,0.988,True,False
19:56:24,Baseline,Heuristic,0.1,1.01,0.299,0.009,0.003,,False,False
19:56:24,Baseline,Deep_Learning,2.28,140.01,,,,0.25,False,False
19:56:24,Baseline,Heuristic,0.1,1.01,0.299,0.009,0.003,,False,False
19:56:24,Baseline,Deep_Learning,2.61,140.01,,,,0.25,False,False
19:56:24,Baseline,Heuristic,0.1,1.01,0.298,0.009,0.003,,False,False
19:56:24,Baseline,Deep_Learning,2.24,140.01,,,,0.082,False,False
19:56:24,Baseline,Heuristic,0.1,1.01,0.298,0.009,0.003,,False,False
19:56:24,Baseline,Deep_Learning,2.18,140.01,,,,0.082,False,False
19:56:24,Baseline,Heuristic,0.1,1.01,0.298,0.009,0.003,,False,False
19:56:24,Baseline,Deep_Learning,2.23,139.78,,,,0.027,False,False
19:56:24,Baseline,Heuristic,0.1,1.01,0.298,0.008,0.003,,False,False
19:56:24,Baseline,Deep_Learning,2.23,139.78,,,,0.027,False,False
19:56:24,Baseline,Heuristic,0.12,1.27,0.298,0.008,0.003,,False,False
19:56:24,Baseline,Deep_Learning,2.42,139.33,,,,0.008,False,False
19:56:24,Baseline,Heuristic,0.1,1.01,0.297,0.008,0.003,,False,False
19:56:24,Baseline,Deep_Learning,2.37,139.33,,,,0.785,False,False
19:56:24,Baseline,Heuristic,0.12,1.01,0.297,0.008,0.003,,False,False
19:56:24,Baseline,Deep_Learning,2.59,139.12,,,,0.84,True,False
19:56:25,Baseline,Heuristic,0.11,1.01,0.297,0.008,0.003,,False,False
19:56:25,Baseline,Deep_Learning,2.36,139.56,,,,0.984,True,False
19:56:25,Baseline,Heuristic,0.1,1.01,0.297,0.008,0.003,,False,False
19:56:25,Baseline,Deep_Learning,2.47,139.33,,,,0.977,True,False
19:56:25,Baseline,Heuristic,0.1,1.01,0.297,0.008,0.003,,False,False
19:56:25,Baseline,Deep_Learning,2.31,139.58,,,,0.547,False,False
19:56:25,Baseline,Heuristic,0.1,1.01,0.297,0.008,0.003,,False,False
19:56:25,Baseline,Deep_Learning,2.32,139.79,,,,0.676,False,False
19:56:25,Baseline,Heuristic,0.1,1.01,0.298,0.008,0.003,,False,False
19:56:25,Baseline,Deep_Learning,2.19,139.79,,,,0.715,False,False
19:56:25,Baseline,Heuristic,0.1,1.01,0.298,0.008,0.003,,False,False
19:56:25,Baseline,Deep_Learning,2.36,139.79,,,,0.715,False,False
19:56:25,Baseline,Heuristic,0.11,1.01,0.298,0.008,0.003,,False,False
19:56:25,Baseline,Deep_Learning,2.39,139.54,,,,0.984,True,False
19:56:25,Baseline,Heuristic,0.1,1.01,0.298,0.008,0.003,,False,False
19:56:25,Baseline,Deep_Learning,2.16,139.78,,,,0.215,False,False
19:56:25,Baseline,Heuristic,0.14,1.01,0.298,0.008,0.003,,False,False
19:56:25,Baseline,Deep_Learning,2.46,139.78,,,,0.215,False,False
19:56:25,Baseline,Heuristic,0.11,1.01,0.298,0.008,0.003,,False,False
19:56:25,Baseline,Deep_Learning,2.28,139.54,,,,0.977,True,False
19:56:25,Baseline,Heuristic,0.33,1.01,0.299,0.008,0.003,,False,False
19:56:25,Baseline,Deep_Learning,3.39,139.75,,,,0.082,False,False
19:56:25,Baseline,Heuristic,0.1,1.01,0.299,0.008,0.003,,False,False
19:56:25,Baseline,Deep_Learning,2.41,139.33,,,,0.25,False,False
19:56:25,Baseline,Heuristic,0.1,1.01,0.299,0.008,0.003,,False,False
19:56:25,Baseline,Deep_Learning,2.24,139.33,,,,0.676,False,False
19:56:25,Baseline,Heuristic,0.1,1.01,0.299,0.008,0.003,,False,False
19:56:25,Baseline,Deep_Learning,2.27,139.12,,,,0.996,True,False
19:56:25,Baseline,Heuristic,0.1,1.01,0.299,0.008,0.003,,False,False
19:56:25,Baseline,Deep_Learning,2.39,139.33,,,,0.996,True,False
19:56:25,Baseline,Heuristic,0.1,1.01,0.299,0.008,0.003,,False,False
19:56:25,Baseline,Deep_Learning,2.31,139.12,,,,0.996,True,False
19:56:25,Baseline,Heuristic,0.1,1.01,0.299,0.008,0.003,,False,False
19:56:25,Baseline,Deep_Learning,2.19,139.12,,,,0.996,True,False
19:56:25,Baseline,Heuristic,0.1,1.01,0.299,0.008,0.003,,False,False
19:56:25,Baseline,Deep_Learning,2.16,139.12,,,,0.988,True,False
19:56:25,Baseline,Heuristic,0.1,1.01,0.299,0.008,0.003,,False,False
19:56:25,Baseline,Deep_Learning,2.22,139.54,,,,0.957,True,False
19:56:25,Baseline,Heuristic,0.1,1.01,0.299,0.008,0.003,,False,False
19:56:25,Baseline,Deep_Learning,2.3,139.54,,,,0.957,True,False
19:56:25,Baseline,Heuristic,0.1,1.01,0.299,0.008,0.003,,False,False
19:56:25,Baseline,Deep_Learning,2.21,139.54,,,,0.996,True,False
19:56:25,Baseline,Heuristic,0.14,1.01,0.299,0.008,0.003,,False,False
19:56:25,Baseline,Deep_Learning,2.41,139.54,,,,0.996,True,False
19:56:25,Baseline,Heuristic,0.1,1.01,0.3,0.008,0.003,,False,False
19:56:25,Baseline,Deep_Learning,2.24,139.54,,,,0.715,False,False
19:56:25,Baseline,Heuristic,0.1,1.01,0.3,0.008,0.003,,False,False
19:56:25,Baseline,Deep_Learning,2.3,139.52,,,,0.676,False,False
19:56:25,Baseline,Heuristic,0.1,1.01,0.3,0.008,0.003,,False,False
19:56:25,Baseline,Deep_Learning,2.19,139.52,,,,0.008,False,False
19:56:25,Baseline,Heuristic,0.12,1.01,0.301,0.008,0.003,,False,False
19:56:25,Baseline,Deep_Learning,2.36,139.52,,,,0.008,False,False
19:56:25,Baseline,Heuristic,0.11,1.01,0.301,0.008,0.003,,False,False
19:56:25,Baseline,Deep_Learning,2.23,139.75,,,,0.008,False,False
19:56:25,Baseline,Heuristic,0.1,1.01,0.301,0.008,0.003,,False,False
19:56:25,Baseline,Deep_Learning,2.34,139.54,,,,0.0,False,False
19:56:25,Baseline,Heuristic,0.1,1.01,0.301,0.008,0.003,,False,False
19:56:25,Baseline,Deep_Learning,2.24,139.73,,,,0.918,True,False
19:56:25,Baseline,Heuristic,0.1,1.27,0.301,0.007,0.003,,False,False
19:56:25,Baseline,Deep_Learning,2.25,139.54,,,,0.996,True,False
19:56:26,Baseline,Heuristic,0.1,1.01,0.301,0.007,0.003,,False,False
19:56:26,Baseline,Deep_Learning,2.52,139.31,,,,0.996,True,False
19:56:26,Baseline,Heuristic,0.11,1.01,0.302,0.007,0.003,,False,False
19:56:26,Baseline,Deep_Learning,2.26,139.52,,,,0.996,True,False
19:56:26,Baseline,Heuristic,0.1,1.01,0.302,0.007,0.003,,False,False
19:56:26,Baseline,Deep_Learning,2.25,139.75,,,,0.996,True,False
19:56:26,Baseline,Heuristic,0.1,1.01,0.302,0.007,0.003,,False,False
19:56:26,Baseline,Deep_Learning,2.39,139.52,,,,0.996,True,False
19:56:26,Baseline,Heuristic,0.1,1.01,0.302,0.007,0.003,,False,False
19:56:26,Baseline,Deep_Learning,2.28,139.31,,,,0.996,True,False
19:56:26,Baseline,Heuristic,0.1,1.01,0.302,0.007,0.003,,False,False
19:56:26,Baseline,Deep_Learning,2.34,139.52,,,,0.996,True,False
19:56:26,Baseline,Heuristic,0.1,1.01,0.302,0.007,0.003,,False,False
19:56:26,Baseline,Deep_Learning,2.29,140.15,,,,0.992,True,False
19:56:26,Baseline,Heuristic,0.1,1.01,0.303,0.007,0.003,,False,False
19:56:26,Baseline,Deep_Learning,2.4,139.94,,,,0.984,True,False
19:56:26,Baseline,Heuristic,0.1,1.01,0.303,0.007,0.003,,False,False
19:56:26,Baseline,Deep_Learning,2.35,140.2,,,,0.996,True,False
19:56:26,Baseline,Heuristic,0.1,1.01,0.303,0.007,0.003,,False,False
19:56:26,Baseline,Deep_Learning,2.16,140.43,,,,0.996,True,False
19:56:26,Baseline,Heuristic,0.12,1.01,0.303,0.007,0.003,,False,False
19:56:26,Baseline,Deep_Learning,2.46,140.43,,,,0.996,True,False
19:56:26,Baseline,Heuristic,0.11,1.01,0.303,0.007,0.003,,False,False
19:56:26,Baseline,Deep_Learning,2.34,140.43,,,,0.996,True,False
19:56:26,Baseline,Heuristic,0.11,1.01,0.304,0.007,0.003,,False,False
19:56:26,Baseline,Deep_Learning,2.46,139.94,,,,0.996,True,False
19:56:26,Baseline,Heuristic,0.1,1.01,0.304,0.007,0.003,,False,False
19:56:26,Baseline,Deep_Learning,2.19,139.73,,,,0.996,True,False
19:56:26,Baseline,Heuristic,0.14,1.01,0.304,0.007,0.003,,False,False
19:56:26,Baseline,Deep_Learning,2.5,139.96,,,,0.996,True,False
19:56:26,Baseline,Heuristic,0.11,1.01,0.304,0.006,0.003,,False,False
19:56:26,Baseline,Deep_Learning,2.49,139.73,,,,0.996,True,False
19:56:26,Baseline,Heuristic,0.11,1.01,0.304,0.006,0.003,,False,False
19:56:26,Baseline,Deep_Learning,2.85,139.73,,,,0.996,True,False
19:56:26,Baseline,Heuristic,0.11,1.01,0.304,0.006,0.003,,False,False
19:56:26,Baseline,Deep_Learning,2.46,139.96,,,,0.996,True,False
19:56:26,Baseline,Heuristic,0.11,1.01,0.304,0.006,0.003,,False,False
19:56:26,Baseline,Deep_Learning,2.46,139.96,,,,0.996,True,False
19:56:26,Baseline,Heuristic,0.11,1.01,0.304,0.006,0.003,,False,False
19:56:26,Baseline,Deep_Learning,2.43,140.18,,,,0.996,True,False
19:56:26,Baseline,Heuristic,0.1,1.01,0.305,0.006,0.003,,False,False
19:56:26,Baseline,Deep_Learning,2.55,140.18,,,,0.996,True,False
19:56:26,Baseline,Heuristic,0.11,1.01,0.305,0.006,0.003,,False,False
19:56:26,Baseline,Deep_Learning,2.38,140.81,,,,0.996,True,False
19:56:26,Baseline,Heuristic,0.11,1.01,0.305,0.006,0.003,,False,False
19:56:26,Baseline,Deep_Learning,2.36,140.83,,,,0.996,True,False
19:56:26,Baseline,Heuristic,0.1,1.01,0.306,0.006,0.003,,False,False
19:56:26,Baseline,Deep_Learning,2.2,140.41,,,,0.996,True,False
19:56:26,Baseline,Heuristic,0.1,1.01,0.306,0.006,0.003,,False,False
19:56:26,Baseline,Deep_Learning,2.31,139.75,,,,0.996,True,False
19:56:26,Baseline,Heuristic,0.14,1.01,0.306,0.006,0.003,,False,False
19:56:26,Baseline,Deep_Learning,2.51,139.99,,,,0.996,True,False
19:56:26,Baseline,Heuristic,0.1,1.01,0.306,0.006,0.003,,False,False
19:56:26,Baseline,Deep_Learning,2.23,140.2,,,,0.996,True,False
19:56:26,Baseline,Heuristic,0.11,1.01,0.306,0.006,0.003,,False,False
19:56:26,Baseline,Deep_Learning,3.4,140.2,,,,0.996,True,False
19:56:26,Baseline,Heuristic,0.1,1.01,0.306,0.005,0.003,,False,False
19:56:26,Baseline,Deep_Learning,2.25,140.2,,,,0.996,True,False
19:56:26,Baseline,Heuristic,0.1,1.01,0.306,0.005,0.003,,False,False
19:56:26,Baseline,Deep_Learning,2.25,140.2,,,,0.996,True,False
19:56:26,Baseline,Heuristic,0.11,1.01,0.306,0.005,0.003,,False,False
19:56:26,Baseline,Deep_Learning,2.28,140.18,,,,0.992,True,False
19:56:27,Baseline,Heuristic,0.11,1.27,0.306,0.005,0.002,,False,False
19:56:27,Baseline,Deep_Learning,2.38,140.65,,,,0.992,True,False
19:56:27,Baseline,Heuristic,0.14,1.01,0.306,0.005,0.002,,False,False
19:56:27,Baseline,Deep_Learning,2.41,140.62,,,,0.117,False,False
19:56:27,Baseline,Heuristic,0.1,1.01,0.306,0.005,0.002,,False,False
19:56:27,Baseline,Deep_Learning,2.29,140.86,,,,0.59,False,False
19:56:27,Baseline,Heuristic,0.11,1.01,0.306,0.005,0.002,,False,False
19:56:27,Baseline,Deep_Learning,2.54,140.39,,,,0.16,False,False
19:56:27,Baseline,Heuristic,0.1,1.01,0.306,0.005,0.002,,False,False
19:56:27,Baseline,Deep_Learning,2.49,141.05,,,,0.676,False,False
19:56:27,Baseline,Heuristic,0.1,1.01,0.306,0.006,0.002,,False,False
19:56:27,Baseline,Deep_Learning,2.24,141.05,,,,0.863,True,False
19:56:27,Baseline,Heuristic,0.1,1.01,0.305,0.006,0.002,,False,False
19:56:27,Baseline,Deep_Learning,2.18,140.83,,,,0.93,True,False
19:56:27,Baseline,Heuristic,0.1,1.01,0.305,0.006,0.002,,False,False
19:56:27,Baseline,Deep_Learning,2.37,140.62,,,,0.883,True,False
19:56:27,Baseline,Heuristic,0.14,1.01,0.305,0.006,0.002,,False,False
19:56:27,Baseline,Deep_Learning,2.38,140.65,,,,0.992,True,False
19:56:27,Baseline,Heuristic,0.1,1.01,0.304,0.006,0.002,,False,False
19:56:27,Baseline,Deep_Learning,2.4,140.43,,,,0.984,True,False
19:56:27,Baseline,Heuristic,0.11,1.01,0.304,0.006,0.002,,False,False
19:56:27,Baseline,Deep_Learning,2.4,139.78,,,,0.996,True,False
19:56:27,Baseline,Heuristic,0.11,1.01,0.303,0.006,0.002,,False,False
19:56:27,Baseline,Deep_Learning,2.38,139.79,,,,0.996,True,False
19:56:27,Baseline,Heuristic,0.11,1.01,0.302,0.006,0.002,,False,False
19:56:27,Baseline,Deep_Learning,2.4,139.79,,,,0.996,True,False
19:56:27,Baseline,Heuristic,0.1,1.01,0.301,0.006,0.002,,False,False
19:56:27,Baseline,Deep_Learning,2.24,139.26,,,,0.996,True,False
19:56:27,Baseline,Heuristic,0.11,1.01,0.3,0.006,0.002,,False,False
19:56:27,Baseline,Deep_Learning,2.25,139.94,,,,0.996,True,False
19:56:27,Baseline,Heuristic,0.1,1.01,0.3,0.006,0.002,,False,False
19:56:27,Baseline,Deep_Learning,2.32,139.71,,,,0.996,True,False
19:56:27,Baseline,Heuristic,0.1,1.01,0.299,0.006,0.002,,False,False
19:56:27,Baseline,Deep_Learning,2.35,139.03,,,,0.996,True,False
19:56:27,Baseline,Heuristic,0.1,1.01,0.299,0.006,0.002,,False,False
19:56:27,Baseline,Deep_Learning,2.29,139.73,,,,0.988,True,False
19:56:27,Baseline,Heuristic,0.11,1.01,0.298,0.006,0.002,,False,False
19:56:27,Baseline,Deep_Learning,2.41,139.73,,,,0.988,True,False
19:56:27,Baseline,Heuristic,0.11,1.01,0.298,0.006,0.002,,False,False
19:56:27,Baseline,Deep_Learning,2.31,140.43,,,,0.75,False,False
19:56:27,Baseline,Heuristic,0.1,1.01,0.298,0.006,0.002,,False,False
19:56:27,Baseline,Deep_Learning,2.2,141.1,,,,0.863,True,False
19:56:27,Baseline,Heuristic,0.17,1.01,0.298,0.005,0.002,,False,False
19:56:27,Baseline,Deep_Learning,2.92,141.31,,,,0.902,True,False
19:56:27,Baseline,Heuristic,0.1,1.01,0.298,0.005,0.002,,False,False
19:56:27,Baseline,Deep_Learning,2.3,141.5,,,,0.863,True,False
19:56:27,Baseline,Heuristic,0.11,1.01,0.298,0.005,0.002,,False,False
19:56:27,Baseline,Deep_Learning,2.43,141.26,,,,0.902,True,False
19:56:27,Baseline,Heuristic,0.1,1.01,0.298,0.005,0.002,,False,False
19:56:27,Baseline,Deep_Learning,2.21,141.05,,,,0.883,True,False
19:56:27,Baseline,Heuristic,0.11,1.01,0.298,0.005,0.002,,False,False
19:56:27,Baseline,Deep_Learning,2.6,140.62,,,,0.84,True,False
19:56:27,Baseline,Heuristic,0.1,1.01,0.298,0.005,0.002,,False,False
19:56:27,Baseline,Deep_Learning,2.42,140.12,,,,0.977,True,False
19:56:27,Baseline,Heuristic,0.1,1.01,0.298,0.005,0.002,,False,False
19:56:27,Baseline,Deep_Learning,2.26,140.09,,,,0.984,True,False
19:56:27,Baseline,Heuristic,0.1,1.01,0.299,0.005,0.002,,False,False
19:56:27,Baseline,Deep_Learning,2.29,140.09,,,,0.996,True,False
19:56:28,Baseline,Heuristic,0.1,1.01,0.299,0.005,0.002,,False,False
19:56:28,Baseline,Deep_Learning,2.38,139.41,,,,0.988,True,False
19:56:28,Baseline,Heuristic,0.1,1.01,0.299,0.005,0.002,,False,False
19:56:28,Baseline,Deep_Learning,2.22,139.41,,,,0.988,True,False
19:56:28,Baseline,Heuristic,0.11,1.01,0.3,0.005,0.002,,False,False
19:56:28,Baseline,Deep_Learning,2.29,139.23,,,,0.996,True,False
19:56:28,Baseline,Heuristic,0.11,1.27,0.3,0.005,0.002,,False,False
19:56:28,Baseline,Deep_Learning,2.22,139.68,,,,0.996,True,False
19:56:28,Baseline,Heuristic,0.11,1.01,0.301,0.005,0.002,,False,False
19:56:28,Baseline,Deep_Learning,2.4,139.68,,,,0.996,True,False
19:56:28,Baseline,Heuristic,0.1,1.01,0.301,0.005,0.002,,False,False
19:56:28,Baseline,Deep_Learning,2.36,139.68,,,,0.996,True,False
19:56:28,Baseline,Heuristic,0.1,1.01,0.301,0.005,0.002,,False,False
19:56:28,Baseline,Deep_Learning,2.17,139.21,,,,0.996,True,False
19:56:28,Baseline,Heuristic,0.1,1.01,0.302,0.005,0.002,,False,False
19:56:28,Baseline,Deep_Learning,2.35,138.97,,,,0.996,True,False
19:56:28,Baseline,Heuristic,0.1,1.01,0.302,0.005,0.002,,False,False
19:56:28,Baseline,Deep_Learning,2.28,138.76,,,,0.992,True,False
19:56:28,Baseline,Heuristic,0.12,1.01,0.303,0.005,0.002,,False,False
19:56:28,Baseline,Deep_Learning,2.29,138.76,,,,0.988,True,False
19:56:28,Baseline,Heuristic,0.1,1.01,0.303,0.005,0.002,,False,False
19:56:28,Baseline,Deep_Learning,2.38,139.08,,,,0.941,True,False
19:56:28,Baseline,Heuristic,0.1,1.01,0.303,0.005,0.002,,False,False
19:56:28,Baseline,Deep_Learning,2.39,139.33,,,,0.965,True,False
19:56:28,Baseline,Heuristic,0.11,1.01,0.303,0.005,0.002,,False,False
19:56:28,Baseline,Deep_Learning,2.27,139.56,,,,0.996,True,False
19:56:28,Baseline,Heuristic,0.1,1.01,0.303,0.005,0.002,,False,False
19:56:28,Baseline,Deep_Learning,2.29,140.03,,,,0.41,False,False
19:56:28,Baseline,Heuristic,0.12,1.01,0.302,0.005,0.002,,False,False
19:56:28,Baseline,Deep_Learning,2.49,139.79,,,,0.363,False,False
19:56:28,Baseline,Heuristic,0.1,1.01,0.302,0.005,0.002,,False,False
19:56:28,Baseline,Deep_Learning,2.27,139.54,,,,0.996,True,False
19:56:28,Baseline,Heuristic,0.1,1.01,0.302,0.005,0.002,,False,False
19:56:28,Baseline,Deep_Learning,2.44,139.08,,,,0.996,True,False
19:56:28,Baseline,Heuristic,0.1,1.01,0.301,0.005,0.002,,False,False
19:56:28,Baseline,Deep_Learning,2.35,139.96,,,,0.996,True,False
19:56:28,Baseline,Heuristic,0.18,1.01,0.301,0.005,0.002,,False,False
19:56:28,Baseline,Deep_Learning,2.84,139.73,,,,0.996,True,False
19:56:28,Baseline,Heuristic,0.1,1.01,0.3,0.005,0.002,,False,False
19:56:28,Baseline,Deep_Learning,2.28,139.29,,,,0.996,True,False
19:56:28,Baseline,Heuristic,0.11,1.01,0.3,0.005,0.002,,False,False
19:56:28,Baseline,Deep_Learning,2.41,139.52,,,,0.996,True,False
19:56:28,Baseline,Heuristic,0.11,1.01,0.3,0.005,0.002,,False,False
19:56:28,Baseline,Deep_Learning,2.33,139.94,,,,0.996,True,False
19:56:28,Baseline,Heuristic,0.11,1.01,0.299,0.005,0.002,,False,False
19:56:28,Baseline,Deep_Learning,2.36,141.37,,,,0.84,True,False
19:56:28,Baseline,Heuristic,0.1,1.01,0.299,0.005,0.002,,False,False
19:56:28,Baseline,Deep_Learning,2.24,141.15,,,,0.863,True,False
19:56:28,Baseline,Heuristic,0.1,1.01,0.298,0.005,0.002,,False,False
19:56:28,Baseline,Deep_Learning,2.3,140.92,,,,0.996,True,False
19:56:28,Baseline,Heuristic,0.1,1.01,0.298,0.005,0.002,,False,False
19:56:28,Baseline,Deep_Learning,2.45,140.49,,,,0.996,True,False
19:56:28,Baseline,Heuristic,0.1,1.01,0.297,0.005,0.002,,False,False
19:56:28,Baseline,Deep_Learning,2.29,139.33,,,,0.984,True,False
19:56:28,Baseline,Heuristic,0.1,1.01,0.297,0.005,0.002,,False,False
19:56:28,Baseline,Deep_Learning,2.43,139.56,,,,0.98,True,False
19:56:28,Baseline,Heuristic,0.1,1.01,0.297,0.005,0.002,,False,False
19:56:28,Baseline,Deep_Learning,2.23,139.31,,,,0.996,True,False
19:56:28,Baseline,Heuristic,0.1,1.01,0.296,0.005,0.002,,False,False
19:56:28,Baseline,Deep_Learning,2.3,138.35,,,,0.98,True,False
19:56:29,Baseline,Heuristic,0.11,1.01,0.296,0.005,0.002,,False,False
19:56:29,Baseline,Deep_Learning,2.34,138.59,,,,0.98,True,False
19:56:29,Baseline,Heuristic,0.1,1.01,0.296,0.005,0.002,,False,False
19:56:29,Baseline,Deep_Learning,2.52,138.41,,,,0.902,True,False
19:56:29,Baseline,Heuristic,0.1,1.01,0.297,0.005,0.002,,False,False
19:56:29,Baseline,Deep_Learning,2.3,138.61,,,,0.977,True,False
19:56:29,Baseline,Heuristic,0.1,1.01,0.297,0.005,0.002,,False,False
19:56:29,Baseline,Deep_Learning,2.28,138.41,,,,0.785,False,False
19:56:29,Baseline,Heuristic,0.11,1.01,0.297,0.005,0.002,,False,False
19:56:29,Baseline,Deep_Learning,2.35,138.41,,,,0.785,False,False
19:56:29,Baseline,Heuristic,0.11,1.27,0.297,0.005,0.002,,False,False
19:56:29,Baseline,Deep_Learning,2.28,139.26,,,,0.996,True,False
19:56:29,Baseline,Heuristic,0.1,1.01,0.298,0.005,0.002,,False,False
19:56:29,Baseline,Deep_Learning,2.28,141.12,,,,0.996,True,False
19:56:29,Baseline,Heuristic,0.11,1.01,0.298,0.005,0.002,,False,False
19:56:29,Baseline,Deep_Learning,2.8,140.88,,,,0.996,True,False
19:56:29,Baseline,Heuristic,0.3,1.01,0.299,0.005,0.002,,False,False
19:56:29,Baseline,Deep_Learning,2.39,140.67,,,,0.996,True,False
19:56:29,Baseline,Heuristic,0.11,1.01,0.299,0.005,0.002,,False,False
19:56:29,Baseline,Deep_Learning,2.32,140.67,,,,0.996,True,False
19:56:29,Baseline,Heuristic,0.1,1.01,0.299,0.005,0.002,,False,False
19:56:29,Baseline,Deep_Learning,2.26,139.75,,,,0.996,True,False
19:56:29,Baseline,Heuristic,0.11,1.01,0.3,0.005,0.002,,False,False
19:56:29,Baseline,Deep_Learning,2.34,139.56,,,,0.996,True,False
19:56:29,Baseline,Heuristic,0.1,1.01,0.3,0.005,0.002,,False,False
19:56:29,Baseline,Deep_Learning,2.32,138.7,,,,0.918,True,False
19:56:29,Baseline,Heuristic,0.1,1.01,0.3,0.005,0.002,,False,False
19:56:29,Baseline,Deep_Learning,2.44,138.49,,,,0.812,True,False
19:56:29,Baseline,Heuristic,0.11,1.01,0.3,0.005,0.002,,False,False
19:56:29,Baseline,Deep_Learning,2.33,138.2,,,,0.957,True,False
19:56:29,Baseline,Heuristic,0.12,1.01,0.3,0.005,0.002,,False,False
19:56:29,Baseline,Deep_Learning,2.22,137.74,,,,0.98,True,False
19:56:29,Baseline,Heuristic,0.1,1.01,0.3,0.005,0.002,,False,False
19:56:29,Baseline,Deep_Learning,2.31,137.92,,,,0.973,True,False
19:56:29,Baseline,Heuristic,0.1,1.01,0.3,0.005,0.002,,False,False
19:56:29,Baseline,Deep_Learning,2.29,137.68,,,,0.984,True,False
19:56:29,Baseline,Heuristic,0.1,1.01,0.3,0.005,0.002,,False,False
19:56:29,Baseline,Deep_Learning,2.23,137.92,,,,0.996,True,False
19:56:29,Baseline,Heuristic,0.1,1.01,0.3,0.005,0.002,,False,False
19:56:29,Baseline,Deep_Learning,2.3,137.56,,,,0.324,False,False
19:56:29,Baseline,Heuristic,0.12,1.01,0.3,0.005,0.002,,False,False
19:56:29,Baseline,Deep_Learning,2.41,137.81,,,,0.547,False,False
19:56:29,Baseline,Heuristic,0.11,1.01,0.3,0.005,0.002,,False,False
19:56:29,Baseline,Deep_Learning,2.34,140.69,,,,0.996,True,False
19:56:29,Baseline,Heuristic,0.1,1.01,0.3,0.005,0.002,,False,False
19:56:29,Baseline,Deep_Learning,2.28,141.37,,,,0.988,True,False
19:56:29,Baseline,Heuristic,0.11,1.01,0.299,0.005,0.002,,False,False
19:56:29,Baseline,Deep_Learning,2.23,142.28,,,,0.996,True,False
19:56:29,Baseline,Heuristic,0.12,1.01,0.299,0.005,0.002,,False,False
19:56:29,Baseline,Deep_Learning,2.55,142.5,,,,0.996,True,False
19:56:29,Baseline,Heuristic,0.11,1.01,0.299,0.005,0.002,,False,False
19:56:29,Baseline,Deep_Learning,2.31,142.86,,,,0.988,True,False
19:56:29,Baseline,Heuristic,0.11,1.01,0.299,0.005,0.002,,False,False
19:56:29,Baseline,Deep_Learning,2.36,142.65,,,,0.949,True,False
19:56:29,Baseline,Heuristic,0.1,1.01,0.299,0.005,0.002,,False,False
19:56:29,Baseline,Deep_Learning,2.24,141.33,,,,0.996,True,False
19:56:29,Baseline,Heuristic,0.1,1.01,0.299,0.005,0.002,,False,False
19:56:29,Baseline,Deep_Learning,2.3,140.47,,,,0.996,True,False
19:56:29,Baseline,Heuristic,0.1,1.01,0.299,0.005,0.002,,False,False
19:56:29,Baseline,Deep_Learning,2.32,138.68,,,,0.941,True,False
19:56:30,Baseline,Heuristic,0.1,1.01,0.299,0.005,0.002,,False,False
19:56:30,Baseline,Deep_Learning,2.37,138.87,,,,0.984,True,False
19:56:30,Baseline,Heuristic,0.11,1.01,0.299,0.005,0.002,,False,False
19:56:30,Baseline,Deep_Learning,2.29,139.33,,,,0.996,True,False
19:56:30,Baseline,Heuristic,0.1,1.01,0.299,0.004,0.002,,False,False
19:56:30,Baseline,Deep_Learning,2.31,140.18,,,,0.93,True,False
19:56:30,Baseline,Heuristic,0.1,1.01,0.299,0.004,0.002,,False,False
19:56:30,Baseline,Deep_Learning,2.31,140.39,,,,0.93,True,False
19:56:30,Baseline,Heuristic,0.22,1.01,0.299,0.004,0.002,,False,False
19:56:30,Baseline,Deep_Learning,2.31,140.43,,,,0.996,True,False
19:56:30,Baseline,Heuristic,0.14,1.01,0.299,0.004,0.002,,False,False
19:56:30,Baseline,Deep_Learning,2.81,140.22,,,,0.996,True,False
19:56:30,Baseline,Heuristic,0.1,1.01,0.299,0.004,0.002,,False,False
19:56:30,Baseline,Deep_Learning,2.24,140.47,,,,0.453,False,False
19:56:30,Baseline,Heuristic,0.1,1.27,0.299,0.004,0.002,,False,False
19:56:30,Baseline,Deep_Learning,2.26,142.31,,,,0.996,True,False
19:56:30,Baseline,Heuristic,0.1,1.01,0.299,0.004,0.002,,False,False
19:56:30,Baseline,Deep_Learning,2.23,142.51,,,,0.996,True,False
19:56:30,Baseline,Heuristic,0.1,1.01,0.299,0.004,0.002,,False,False
19:56:30,Baseline,Deep_Learning,2.23,142.04,,,,0.988,True,False
19:56:30,Baseline,Heuristic,0.1,1.01,0.299,0.004,0.002,,False,False
19:56:30,Baseline,Deep_Learning,2.21,141.82,,,,0.992,True,False
19:56:30,Baseline,Heuristic,0.1,1.01,0.299,0.004,0.002,,False,False
19:56:30,Baseline,Deep_Learning,2.29,140.9,,,,0.84,True,False
19:56:30,Baseline,Heuristic,0.1,1.01,0.299,0.004,0.002,,False,False
19:56:30,Baseline,Deep_Learning,2.34,140.01,,,,0.812,True,False
19:56:30,Baseline,Heuristic,0.11,1.01,0.299,0.004,0.002,,False,False
19:56:30,Baseline,Deep_Learning,2.25,139.38,,,,0.996,True,False
19:56:30,Baseline,Heuristic,0.11,1.01,0.298,0.004,0.002,,False,False
19:56:30,Baseline,Deep_Learning,2.31,137.37,,,,0.965,True,False
19:56:30,Baseline,Heuristic,0.11,1.01,0.298,0.004,0.002,,False,False
19:56:30,Baseline,Deep_Learning,2.45,138.03,,,,0.98,True,False
19:56:30,Baseline,Heuristic,0.11,1.01,0.297,0.004,0.002,,False,False
19:56:30,Baseline,Deep_Learning,2.25,138.01,,,,0.996,True,False
19:56:30,Baseline,Heuristic,0.1,1.01,0.296,0.004,0.002,,False,False
19:56:30,Baseline,Deep_Learning,2.31,138.01,,,,0.996,True,False
19:56:30,Baseline,Heuristic,0.11,1.01,0.295,0.004,0.002,,False,False
19:56:30,Baseline,Deep_Learning,2.14,136.82,,,,0.883,True,False
19:56:30,Baseline,Heuristic,0.1,1.01,0.295,0.004,0.002,,False,False
19:56:30,Baseline,Deep_Learning,2.22,136.79,,,,0.25,False,False
19:56:30,Baseline,Heuristic,0.1,1.01,0.295,0.004,0.002,,False,False
19:56:30,Baseline,Deep_Learning,2.27,138.43,,,,0.988,True,False
19:56:30,Baseline,Heuristic,0.11,1.01,0.295,0.004,0.002,,False,False
19:56:30,Baseline,Deep_Learning,2.28,137.99,,,,0.992,True,False
19:56:30,Baseline,Heuristic,0.11,1.01,0.295,0.004,0.002,,False,False
19:56:30,Baseline,Deep_Learning,2.31,138.68,,,,0.996,True,False
19:56:30,Baseline,Heuristic,0.11,1.01,0.295,0.004,0.002,,False,False
19:56:30,Baseline,Deep_Learning,2.27,139.12,,,,0.996,True,False
19:56:30,Baseline,Heuristic,0.1,1.01,0.295,0.004,0.002,,False,False
19:56:30,Baseline,Deep_Learning,2.26,138.01,,,,0.996,True,False
19:56:30,Baseline,Heuristic,0.1,1.01,0.295,0.004,0.002,,False,False
19:56:30,Baseline,Deep_Learning,2.19,138.5,,,,0.996,True,False
19:56:30,Baseline,Heuristic,0.1,1.01,0.295,0.004,0.002,,False,False
19:56:30,Baseline,Deep_Learning,2.3,138.7,,,,0.996,True,False
19:56:30,Baseline,Heuristic,0.1,1.01,0.295,0.004,0.002,,False,False
19:56:30,Baseline,Deep_Learning,2.4,140.06,,,,0.059,False,False
19:56:30,Baseline,Heuristic,0.11,1.01,0.295,0.003,0.002,,False,False
19:56:30,Baseline,Deep_Learning,2.52,140.72,,,,0.02,False,False
19:56:30,Baseline,Heuristic,0.11,1.01,0.294,0.003,0.002,,False,False
19:56:30,Baseline,Deep_Learning,2.41,141.39,,,,0.996,True,False
19:56:30,Baseline,Heuristic,0.1,1.01,0.294,0.003,0.002,,False,False
19:56:30,Baseline,Deep_Learning,2.29,141.62,,,,0.996,True,False
19:56:31,Baseline,Heuristic,0.1,1.01,0.294,0.003,0.002,,False,False
19:56:31,Baseline,Deep_Learning,2.2,141.8,,,,0.996,True,False
19:56:31,Baseline,Heuristic,0.1,1.01,0.294,0.003,0.002,,False,False
19:56:31,Baseline,Deep_Learning,2.38,141.8,,,,0.996,True,False
19:56:31,Baseline,Heuristic,0.1,1.01,0.294,0.003,0.002,,False,False
19:56:31,Baseline,Deep_Learning,2.21,141.55,,,,0.996,True,False
19:56:31,Baseline,Heuristic,0.14,1.01,0.294,0.003,0.002,,False,False
19:56:31,Baseline,Deep_Learning,2.3,141.78,,,,0.996,True,False
19:56:31,Baseline,Heuristic,0.11,1.01,0.294,0.004,0.002,,False,False
19:56:31,Baseline,Deep_Learning,2.55,141.1,,,,0.59,False,False
19:56:31,Baseline,Heuristic,0.1,1.01,0.294,0.004,0.002,,False,False
19:56:31,Baseline,Deep_Learning,2.28,141.35,,,,0.918,True,False
19:56:31,Baseline,Heuristic,0.1,1.01,0.294,0.004,0.002,,False,False
19:56:31,Baseline,Deep_Learning,2.2,140.69,,,,0.996,True,False
19:56:31,Baseline,Heuristic,0.1,1.01,0.294,0.004,0.002,,False,False
19:56:31,Baseline,Deep_Learning,2.31,139.35,,,,0.949,True,False
19:56:31,Baseline,Heuristic,0.11,1.27,0.294,0.004,0.002,,False,False
19:56:31,Baseline,Deep_Learning,2.62,138.91,,,,0.973,True,False
19:56:31,Baseline,Heuristic,0.1,1.01,0.293,0.004,0.002,,False,False
19:56:31,Baseline,Deep_Learning,2.54,138.49,,,,0.996,True,False
19:56:31,Baseline,Heuristic,0.11,1.01,0.293,0.004,0.002,,False,False
19:56:31,Baseline,Deep_Learning,2.5,138.28,,,,0.996,True,False
19:56:31,Baseline,Heuristic,0.11,1.01,0.293,0.004,0.002,,False,False
19:56:31,Baseline,Deep_Learning,2.58,138.68,,,,0.996,True,False
19:56:31,Baseline,Heuristic,0.14,1.01,0.293,0.004,0.002,,False,False
19:56:31,Baseline,Deep_Learning,2.88,137.97,,,,0.984,True,False
19:56:31,Baseline,Heuristic,0.12,1.01,0.293,0.004,0.002,,False,False
19:56:31,Baseline,Deep_Learning,2.56,138.76,,,,0.996,True,False
19:56:31,Baseline,Heuristic,0.23,1.01,0.293,0.004,0.002,,False,False
19:56:31,Baseline,Deep_Learning,2.21,139.26,,,,0.996,True,False
19:56:31,Baseline,Heuristic,0.12,1.01,0.292,0.004,0.002,,False,False
19:56:31,Baseline,Deep_Learning,2.41,138.82,,,,0.996,True,False
19:56:31,Baseline,Heuristic,0.11,1.01,0.292,0.004,0.002,,False,False
19:56:31,Baseline,Deep_Learning,2.48,139.2,,,,0.996,True,False
19:56:31,Baseline,Heuristic,0.1,1.01,0.292,0.004,0.002,,False,False
19:56:31,Baseline,Deep_Learning,2.21,138.11,,,,0.98,True,False
19:56:31,Baseline,Heuristic,0.11,1.01,0.291,0.004,0.002,,False,False
19:56:31,Baseline,Deep_Learning,2.32,139.64,,,,0.5,False,False
19:56:31,Baseline,Heuristic,0.11,1.01,0.291,0.004,0.002,,False,False
19:56:31,Baseline,Deep_Learning,2.27,140.29,,,,0.957,True,False
19:56:31,Baseline,Heuristic,0.11,1.01,0.29,0.004,0.002,,False,False
19:56:31,Baseline,Deep_Learning,2.29,140.71,,,,0.996,True,False
19:56:31,Baseline,Heuristic,0.1,1.01,0.29,0.004,0.002,,False,False
19:56:31,Baseline,Deep_Learning,2.23,141.59,,,,0.59,False,False
19:56:31,Baseline,Heuristic,0.19,1.01,0.29,0.004,0.002,,False,False
19:56:31,Baseline,Deep_Learning,2.52,141.59,,,,0.59,False,False
19:56:31,Baseline,Heuristic,0.1,1.01,0.289,0.004,0.002,,False,False
19:56:31,Baseline,Deep_Learning,2.3,140.26,,,,0.996,True,False
19:56:31,Baseline,Heuristic,0.13,1.01,0.289,0.004,0.002,,False,False
19:56:31,Baseline,Deep_Learning,2.39,140.04,,,,0.996,True,False
19:56:31,Baseline,Heuristic,0.1,1.01,0.289,0.004,0.002,,False,False
19:56:31,Baseline,Deep_Learning,2.36,139.56,,,,0.918,True,False
19:56:31,Baseline,Heuristic,0.17,1.01,0.289,0.004,0.002,,False,False
19:56:31,Baseline,Deep_Learning,3.68,139.58,,,,0.996,True,False
19:56:31,Baseline,Heuristic,0.22,1.01,0.288,0.004,0.002,,False,False
19:56:31,Baseline,Deep_Learning,4.52,140.01,,,,0.996,True,False
19:56:31,Baseline,Heuristic,0.1,1.01,0.288,0.004,0.002,,False,False
19:56:31,Baseline,Deep_Learning,2.29,140.22,,,,0.996,True,False
19:56:31,Baseline,Heuristic,0.1,1.01,0.288,0.004,0.002,,False,False
19:56:31,Baseline,Deep_Learning,2.47,140.88,,,,0.996,True,False
19:56:32,Baseline,Heuristic,0.1,1.01,0.288,0.004,0.002,,False,False
19:56:32,Baseline,Deep_Learning,2.25,140.43,,,,0.016,False,False
19:56:32,Baseline,Heuristic,0.11,1.01,0.288,0.004,0.002,,False,False
19:56:32,Baseline,Deep_Learning,2.3,140.43,,,,0.016,False,False
19:56:32,Baseline,Heuristic,0.1,1.01,0.289,0.004,0.002,,False,False
19:56:32,Baseline,Deep_Learning,2.31,140.67,,,,0.637,False,False
19:56:32,Baseline,Heuristic,0.1,1.01,0.289,0.004,0.002,,False,False
19:56:32,Baseline,Deep_Learning,2.31,140.67,,,,0.25,False,False
19:56:32,Baseline,Heuristic,0.1,1.01,0.289,0.004,0.002,,False,False
19:56:32,Baseline,Deep_Learning,2.35,140.67,,,,0.812,True,False
19:56:32,Baseline,Heuristic,0.1,1.01,0.289,0.004,0.002,,False,False
19:56:32,Baseline,Deep_Learning,2.23,140.67,,,,0.812,True,False
19:56:32,Baseline,Heuristic,0.1,1.01,0.289,0.004,0.002,,False,False
19:56:32,Baseline,Deep_Learning,2.58,140.9,,,,0.84,True,False
19:56:32,Baseline,Heuristic,0.14,1.01,0.289,0.004,0.002,,False,False
19:56:32,Baseline,Deep_Learning,2.22,141.37,,,,0.188,False,False
19:56:32,Baseline,Heuristic,0.1,1.01,0.289,0.004,0.002,,False,False
19:56:32,Baseline,Deep_Learning,2.33,141.57,,,,0.324,False,False
19:56:32,Baseline,Heuristic,0.13,1.01,0.289,0.004,0.002,,False,False
19:56:32,Baseline,Deep_Learning,2.31,141.1,,,,0.59,False,False
19:56:32,Baseline,Heuristic,0.11,1.27,0.289,0.004,0.002,,False,False
19:56:32,Baseline,Deep_Learning,2.36,140.43,,,,0.996,True,False
19:56:32,Baseline,Heuristic,0.1,1.01,0.289,0.004,0.002,,False,False
19:56:32,Baseline,Deep_Learning,2.29,141.12,,,,0.957,True,False
19:56:32,Baseline,Heuristic,0.11,1.01,0.289,0.004,0.002,,False,False
19:56:32,Baseline,Deep_Learning,2.24,140.88,,,,0.93,True,False
19:56:32,Baseline,Heuristic,0.1,1.01,0.289,0.004,0.002,,False,False
19:56:32,Baseline,Deep_Learning,2.33,140.67,,,,0.84,True,False
19:56:32,Baseline,Heuristic,0.1,1.01,0.289,0.004,0.002,,False,False
19:56:32,Baseline,Deep_Learning,2.27,140.67,,,,0.84,True,False
19:56:32,Baseline,Heuristic,0.1,1.01,0.289,0.004,0.002,,False,False
19:56:32,Baseline,Deep_Learning,2.25,140.22,,,,0.965,True,False
19:56:32,Baseline,Heuristic,0.1,1.01,0.29,0.004,0.002,,False,False
19:56:32,Baseline,Deep_Learning,2.29,140.01,,,,0.93,True,False
19:56:32,Baseline,Heuristic,0.11,1.01,0.29,0.004,0.002,,False,False
19:56:32,Baseline,Deep_Learning,2.29,140.01,,,,0.363,False,False
19:56:32,Baseline,Heuristic,0.11,1.01,0.29,0.004,0.002,,False,False
19:56:32,Baseline,Deep_Learning,2.27,140.01,,,,0.363,False,False
19:56:32,Baseline,Heuristic,0.1,1.01,0.291,0.004,0.002,,False,False
19:56:32,Baseline,Deep_Learning,2.18,140.67,,,,0.043,False,False
19:56:32,Baseline,Heuristic,0.1,1.01,0.291,0.004,0.002,,False,False
19:56:32,Baseline,Deep_Learning,2.33,140.43,,,,0.027,False,False
19:56:32,Baseline,Heuristic,0.1,1.01,0.291,0.004,0.002,,False,False
19:56:32,Baseline,Deep_Learning,2.25,140.65,,,,0.812,True,False
19:56:32,Baseline,Heuristic,0.1,1.01,0.292,0.004,0.002,,False,False
19:56:32,Baseline,Deep_Learning,2.29,140.65,,,,0.84,True,False
19:56:32,Baseline,Heuristic,0.1,1.01,0.292,0.004,0.002,,False,False
19:56:32,Baseline,Deep_Learning,2.29,140.65,,,,0.84,True,False
19:56:32,Baseline,Heuristic,0.1,1.01,0.293,0.004,0.002,,False,False
19:56:32,Baseline,Deep_Learning,2.25,140.65,,,,0.918,True,False
19:56:32,Baseline,Heuristic,0.1,1.01,0.293,0.004,0.002,,False,False
19:56:32,Baseline,Deep_Learning,2.22,140.65,,,,0.918,True,False
19:56:32,Baseline,Heuristic,0.11,1.01,0.293,0.004,0.002,,False,False
19:56:32,Baseline,Deep_Learning,3.15,140.41,,,,0.902,True,False
19:56:32,Baseline,Heuristic,0.1,1.01,0.294,0.004,0.002,,False,False
19:56:32,Baseline,Deep_Learning,2.41,140.2,,,,0.785,False,False
19:56:32,Baseline,Heuristic,0.11,1.01,0.294,0.004,0.002,,False,False
19:56:32,Baseline,Deep_Learning,2.33,140.41,,,,0.863,True,False
19:56:32,Baseline,Heuristic,0.1,1.01,0.295,0.004,0.002,,False,False
19:56:32,Baseline,Deep_Learning,2.24,140.62,,,,0.949,True,False
19:56:33,Baseline,Heuristic,0.1,1.01,0.295,0.004,0.002,,False,False
19:56:33,Baseline,Deep_Learning,2.26,140.62,,,,0.949,True,False
19:56:33,Baseline,Heuristic,0.11,1.01,0.295,0.004,0.002,,False,False
19:56:33,Baseline,Deep_Learning,2.28,140.65,,,,0.035,False,False
19:56:33,Baseline,Heuristic,0.1,1.01,0.296,0.004,0.002,,False,False
19:56:33,Baseline,Deep_Learning,2.27,140.43,,,,0.02,False,False
19:56:33,Baseline,Heuristic,0.1,1.01,0.296,0.004,0.002,,False,False
19:56:33,Baseline,Deep_Learning,2.19,139.78,,,,0.996,True,False
19:56:33,Baseline,Heuristic,0.11,1.01,0.296,0.004,0.002,,False,False
19:56:33,Baseline,Deep_Learning,2.4,139.99,,,,0.996,True,False
19:56:33,Baseline,Heuristic,0.1,1.01,0.297,0.004,0.002,,False,False
19:56:33,Baseline,Deep_Learning,2.2,139.99,,,,0.016,False,False
19:56:33,Baseline,Heuristic,0.1,1.01,0.297,0.004,0.002,,False,False
19:56:33,Baseline,Deep_Learning,2.23,140.2,,,,0.785,False,False
19:56:33,Baseline,Heuristic,0.1,1.01,0.297,0.004,0.002,,False,False
19:56:33,Baseline,Deep_Learning,2.27,139.99,,,,0.16,False,False
19:56:33,Baseline,Heuristic,0.1,1.01,0.297,0.004,0.002,,False,False
19:56:33,Baseline,Deep_Learning,2.33,139.78,,,,0.324,False,False
19:56:33,Baseline,Heuristic,0.11,1.01,0.297,0.004,0.002,,False,False
19:56:33,Baseline,Deep_Learning,2.55,139.78,,,,0.043,False,False
19:56:33,Baseline,Heuristic,0.1,1.01,0.298,0.004,0.002,,False,False
19:56:33,Baseline,Deep_Learning,2.33,140.43,,,,0.984,True,False
19:56:33,Baseline,Heuristic,0.1,1.01,0.298,0.004,0.002,,False,False
19:56:33,Baseline,Deep_Learning,2.29,140.43,,,,0.984,True,False
19:56:33,Baseline,Heuristic,0.1,1.27,0.298,0.004,0.002,,False,False
19:56:33,Baseline,Deep_Learning,2.21,140.22,,,,0.785,False,False
19:56:33,Baseline,Heuristic,0.1,1.01,0.298,0.004,0.002,,False,False
19:56:33,Baseline,Deep_Learning,2.33,140.22,,,,0.785,False,False
19:56:33,Baseline,Heuristic,0.15,1.01,0.298,0.004,0.002,,False,False
19:56:33,Baseline,Deep_Learning,2.58,140.22,,,,0.676,False,False
19:56:33,Baseline,Heuristic,0.1,1.01,0.299,0.004,0.002,,False,False
19:56:33,Baseline,Deep_Learning,2.31,140.43,,,,0.676,False,False
19:56:33,Baseline,Heuristic,0.1,1.01,0.299,0.004,0.002,,False,False
19:56:33,Baseline,Deep_Learning,2.24,140.22,,,,0.285,False,False
19:56:33,Baseline,Heuristic,0.1,1.01,0.299,0.004,0.002,,False,False
19:56:33,Baseline,Deep_Learning,2.43,140.43,,,,0.902,True,False
19:56:33,Baseline,Heuristic,0.11,1.01,0.299,0.004,0.002,,False,False
19:56:33,Baseline,Deep_Learning,2.25,140.22,,,,0.785,False,False
19:56:33,Baseline,Heuristic,0.11,1.01,0.299,0.004,0.002,,False,False
19:56:33,Baseline,Deep_Learning,2.24,139.99,,,,0.977,True,False
19:56:33,Baseline,Heuristic,0.1,1.01,0.299,0.004,0.002,,False,False
19:56:33,Baseline,Deep_Learning,2.34,139.99,,,,0.977,True,False
19:56:33,Baseline,Heuristic,0.1,1.01,0.299,0.004,0.002,,False,False
19:56:33,Baseline,Deep_Learning,2.19,139.56,,,,0.965,True,False
19:56:33,Baseline,Heuristic,0.11,1.01,0.299,0.004,0.002,,False,False
19:56:33,Baseline,Deep_Learning,2.38,139.79,,,,0.977,True,False
19:56:33,Baseline,Heuristic,0.12,1.01,0.299,0.004,0.002,,False,False
19:56:33,Baseline,Deep_Learning,2.3,140.01,,,,0.41,False,False
19:56:33,Baseline,Heuristic,0.1,1.01,0.299,0.005,0.002,,False,False
19:56:33,Baseline,Deep_Learning,2.26,139.56,,,,0.008,False,False
19:56:33,Baseline,Heuristic,0.11,1.01,0.299,0.005,0.002,,False,False
19:56:33,Baseline,Deep_Learning,2.24,139.78,,,,0.941,True,False
19:56:33,Baseline,Heuristic,0.1,1.01,0.299,0.005,0.002,,False,False
19:56:33,Baseline,Deep_Learning,2.31,140.22,,,,0.977,True,False
19:56:33,Baseline,Heuristic,0.16,1.01,0.299,0.005,0.002,,False,False
19:56:33,Baseline,Deep_Learning,2.35,139.75,,,,0.41,False,False
19:56:33,Baseline,Heuristic,0.11,1.01,0.299,0.005,0.002,,False,False
19:56:33,Baseline,Deep_Learning,2.35,139.75,,,,0.41,False,False
19:56:33,Baseline,Heuristic,0.11,1.01,0.299,0.005,0.002,,False,False
19:56:33,Baseline,Deep_Learning,2.24,139.75,,,,0.25,False,False
19:56:34,Baseline,Heuristic,0.1,1.01,0.299,0.005,0.002,,False,False
19:56:34,Baseline,Deep_Learning,2.25,139.54,,,,0.98,True,False
19:56:34,Baseline,Heuristic,0.11,1.01,0.299,0.005,0.002,,False,False
19:56:34,Baseline,Deep_Learning,2.34,139.75,,,,0.941,True,False
19:56:34,Baseline,Heuristic,0.1,1.01,0.299,0.005,0.002,,False,False
19:56:34,Baseline,Deep_Learning,2.2,139.75,,,,0.973,True,False
19:56:34,Baseline,Heuristic,0.1,1.01,0.299,0.005,0.002,,False,False
19:56:34,Baseline,Deep_Learning,2.4,139.99,,,,0.918,True,False
19:56:34,Baseline,Heuristic,0.1,1.01,0.299,0.005,0.002,,False,False
19:56:34,Baseline,Deep_Learning,2.25,140.67,,,,0.016,False,False
19:56:34,Baseline,Heuristic,0.11,1.01,0.299,0.005,0.002,,False,False
19:56:34,Baseline,Deep_Learning,2.32,140.43,,,,0.043,False,False
19:56:34,Baseline,Heuristic,0.15,1.01,0.299,0.005,0.002,,False,False
19:56:34,Baseline,Deep_Learning,2.92,140.43,,,,0.188,False,False
19:56:34,Baseline,Heuristic,0.1,1.01,0.299,0.005,0.002,,False,False
19:56:34,Baseline,Deep_Learning,2.16,140.01,,,,0.93,True,False
19:56:34,Baseline,Heuristic,0.1,1.01,0.299,0.004,0.002,,False,False
19:56:34,Baseline,Deep_Learning,2.25,140.01,,,,0.93,True,False
19:56:34,Baseline,Heuristic,0.18,1.01,0.299,0.004,0.002,,False,False
19:56:34,Baseline,Deep_Learning,2.55,139.75,,,,0.363,False,False
19:56:34,Baseline,Heuristic,0.11,1.01,0.299,0.004,0.002,,False,False
19:56:34,Baseline,Deep_Learning,2.26,139.31,,,,0.676,False,False
19:56:34,Baseline,Heuristic,0.1,1.01,0.299,0.004,0.002,,False,False
19:56:34,Baseline,Deep_Learning,2.33,139.75,,,,0.5,False,False
19:56:34,Baseline,Heuristic,0.1,1.01,0.298,0.004,0.002,,False,False
19:56:34,Baseline,Deep_Learning,2.47,139.75,,,,0.715,False,False
19:56:34,Baseline,Heuristic,0.11,1.01,0.298,0.004,0.002,,False,False
19:56:34,Baseline,Deep_Learning,2.41,139.54,,,,0.996,True,False
19:56:34,Baseline,Heuristic,0.11,1.27,0.298,0.004,0.002,,False,False
19:56:34,Baseline,Deep_Learning,2.35,139.33,,,,0.996,True,False
19:56:34,Baseline,Heuristic,0.11,1.01,0.298,0.004,0.002,,False,False
19:56:34,Baseline,Deep_Learning,2.36,139.54,,,,0.637,False,False
19:56:34,Baseline,Heuristic,0.11,1.01,0.298,0.004,0.002,,False,False
19:56:34,Baseline,Deep_Learning,2.38,139.54,,,,0.988,True,False
19:56:34,Baseline,Heuristic,0.11,1.01,0.298,0.004,0.002,,False,False
19:56:34,Baseline,Deep_Learning,2.36,139.54,,,,0.988,True,False
19:56:34,Baseline,Heuristic,0.11,1.01,0.298,0.004,0.002,,False,False
19:56:34,Baseline,Deep_Learning,2.43,138.91,,,,0.41,False,False
19:56:34,Baseline,Heuristic,0.11,1.01,0.298,0.004,0.002,,False,False
19:56:34,Baseline,Deep_Learning,2.66,138.91,,,,0.41,False,False
19:56:34,Baseline,Heuristic,0.11,1.01,0.297,0.004,0.002,,False,False
19:56:34,Baseline,Deep_Learning,2.42,139.54,,,,0.812,True,False
19:56:34,Baseline,Heuristic,0.11,1.01,0.297,0.004,0.002,,False,False
19:56:34,Baseline,Deep_Learning,2.36,139.54,,,,0.965,True,False
19:56:34,Baseline,Heuristic,0.11,1.01,0.297,0.004,0.002,,False,False
19:56:34,Baseline,Deep_Learning,2.34,139.75,,,,0.996,True,False
19:56:34,Baseline,Heuristic,0.11,1.01,0.297,0.004,0.002,,False,False
19:56:34,Baseline,Deep_Learning,2.35,139.78,,,,0.957,True,False
19:56:34,Baseline,Heuristic,0.11,1.01,0.297,0.004,0.002,,False,False
19:56:34,Baseline,Deep_Learning,2.39,139.56,,,,0.812,True,False
19:56:34,Baseline,Heuristic,0.11,1.01,0.297,0.004,0.002,,False,False
19:56:34,Baseline,Deep_Learning,2.29,139.56,,,,0.637,False,False
19:56:34,Baseline,Heuristic,0.11,1.01,0.297,0.004,0.002,,False,False
19:56:34,Baseline,Deep_Learning,2.46,139.35,,,,0.5,False,False
19:56:34,Baseline,Heuristic,0.11,1.01,0.297,0.004,0.002,,False,False
19:56:34,Baseline,Deep_Learning,2.36,139.56,,,,0.992,True,False
19:56:34,Baseline,Heuristic,0.11,1.01,0.296,0.004,0.002,,False,False
19:56:34,Baseline,Deep_Learning,2.46,139.56,,,,0.992,True,False
19:56:34,Baseline,Heuristic,0.11,1.01,0.296,0.004,0.002,,False,False
19:56:34,Baseline,Deep_Learning,2.34,139.56,,,,0.918,True,False
19:56:35,Baseline,Heuristic,0.25,1.01,0.296,0.004,0.002,,False,False
19:56:35,Baseline,Deep_Learning,2.59,139.56,,,,0.918,True,False
19:56:35,Baseline,Heuristic,0.1,1.01,0.296,0.004,0.002,,False,False
19:56:35,Baseline,Deep_Learning,2.39,139.78,,,,0.93,True,False
19:56:35,Baseline,Heuristic,0.11,1.01,0.295,0.004,0.002,,False,False
19:56:35,Baseline,Deep_Learning,2.38,140.22,,,,0.949,True,False
19:56:35,Baseline,Heuristic,0.1,1.01,0.295,0.004,0.002,,False,False
19:56:35,Baseline,Deep_Learning,2.29,139.58,,,,0.941,True,False
19:56:35,Baseline,Heuristic,0.1,1.01,0.295,0.004,0.002,,False,False
19:56:35,Baseline,Deep_Learning,2.3,139.58,,,,0.941,True,False
19:56:35,Baseline,Heuristic,0.13,1.01,0.294,0.004,0.002,,False,False
19:56:35,Baseline,Deep_Learning,2.37,139.35,,,,0.988,True,False
19:56:35,Baseline,Heuristic,0.11,1.01,0.294,0.004,0.002,,False,False
19:56:35,Baseline,Deep_Learning,2.31,139.54,,,,0.996,True,False
19:56:35,Baseline,Heuristic,0.1,1.01,0.294,0.004,0.002,,False,False
19:56:35,Baseline,Deep_Learning,2.25,139.31,,,,0.992,True,False
19:56:35,Baseline,Heuristic,0.11,1.01,0.294,0.004,0.002,,False,False
19:56:35,Baseline,Deep_Learning,2.24,139.33,,,,0.996,True,False
19:56:35,Baseline,Heuristic,0.1,1.01,0.294,0.004,0.002,,False,False
19:56:35,Baseline,Deep_Learning,2.47,139.33,,,,0.996,True,False
19:56:35,Baseline,Heuristic,0.1,1.01,0.294,0.004,0.002,,False,False
19:56:35,Baseline,Deep_Learning,2.2,139.33,,,,0.996,True,False
19:56:35,Baseline,Heuristic,0.1,1.01,0.293,0.004,0.002,,False,False
19:56:35,Baseline,Deep_Learning,2.41,139.56,,,,0.992,True,False
19:56:35,Baseline,Heuristic,0.11,1.01,0.293,0.004,0.002,,False,False
19:56:35,Baseline,Deep_Learning,2.39,139.79,,,,0.785,False,False
19:56:35,Baseline,Heuristic,0.11,1.01,0.293,0.004,0.002,,False,False
19:56:35,Baseline,Deep_Learning,2.4,139.58,,,,0.785,False,False
19:56:35,Baseline,Heuristic,0.1,1.01,0.293,0.003,0.002,,False,False
19:56:35,Baseline,Deep_Learning,2.31,139.56,,,,0.41,False,False
19:56:35,Baseline,Heuristic,0.11,1.01,0.293,0.003,0.002,,False,False
19:56:35,Baseline,Deep_Learning,3.3,139.56,,,,0.285,False,False
19:56:35,Baseline,Heuristic,0.11,1.27,0.293,0.003,0.002,,False,False
19:56:35,Baseline,Deep_Learning,2.4,139.35,,,,0.082,False,False
19:56:35,Baseline,Heuristic,0.11,1.01,0.293,0.003,0.002,,False,False
19:56:35,Baseline,Deep_Learning,2.32,139.12,,,,0.137,False,False
19:56:35,Baseline,Heuristic,0.13,1.01,0.293,0.003,0.002,,False,False
19:56:35,Baseline,Deep_Learning,2.43,139.33,,,,0.035,False,False
19:56:35,Baseline,Heuristic,0.12,1.01,0.293,0.003,0.002,,False,False
19:56:35,Baseline,Deep_Learning,2.33,139.33,,,,0.035,False,False
19:56:35,Baseline,Heuristic,0.11,1.01,0.293,0.003,0.002,,False,False
19:56:35,Baseline,Deep_Learning,2.45,139.54,,,,0.004,False,False
19:56:35,Baseline,Heuristic,0.11,1.01,0.293,0.003,0.002,,False,False
19:56:35,Baseline,Deep_Learning,2.5,139.54,,,,0.715,False,False
19:56:35,Baseline,Heuristic,0.11,1.01,0.293,0.003,0.002,,False,False
19:56:35,Baseline,Deep_Learning,2.34,139.33,,,,0.785,False,False
19:56:35,Baseline,Heuristic,0.1,1.01,0.293,0.003,0.002,,False,False
19:56:35,Baseline,Deep_Learning,2.29,139.33,,,,0.902,True,False
19:56:35,Baseline,Heuristic,0.1,1.01,0.293,0.003,0.002,,False,False
19:56:35,Baseline,Deep_Learning,2.24,139.78,,,,0.012,False,False
19:56:35,Baseline,Heuristic,0.1,1.01,0.293,0.003,0.002,,False,False
19:56:35,Baseline,Deep_Learning,2.27,139.33,,,,0.082,False,False
19:56:35,Baseline,Heuristic,0.1,1.01,0.293,0.003,0.001,,False,False
19:56:35,Baseline,Deep_Learning,2.17,139.78,,,,0.285,False,False
19:56:35,Baseline,Heuristic,0.11,1.01,0.293,0.003,0.001,,False,False
19:56:35,Baseline,Deep_Learning,2.36,139.56,,,,0.75,False,False
19:56:35,Baseline,Heuristic,0.11,1.01,0.292,0.003,0.001,,False,False
19:56:35,Baseline,Deep_Learning,2.3,139.12,,,,0.785,False,False
19:56:35,Baseline,Heuristic,0.11,1.01,0.292,0.003,0.001,,False,False
19:56:35,Baseline,Deep_Learning,2.45,139.12,,,,0.957,True,False
19:56:36,Baseline,Heuristic,0.13,1.01,0.292,0.003,0.001,,False,False
19:56:36,Baseline,Deep_Learning,2.36,139.12,,,,0.02,False,False
19:56:36,Baseline,Heuristic,0.11,1.01,0.292,0.003,0.001,,False,False
19:56:36,Baseline,Deep_Learning,2.28,138.91,,,,0.988,True,False
19:56:36,Baseline,Heuristic,0.11,1.01,0.291,0.003,0.001,,False,False
19:56:36,Baseline,Deep_Learning,2.27,139.14,,,,0.996,True,False
19:56:36,Baseline,Heuristic,0.13,1.01,0.29,0.003,0.001,,False,False
19:56:36,Baseline,Deep_Learning,2.37,139.35,,,,0.75,False,False
19:56:36,Baseline,Heuristic,0.11,1.01,0.289,0.003,0.001,,False,False
19:56:36,Baseline,Deep_Learning,2.29,139.35,,,,0.75,False,False
19:56:36,Baseline,Heuristic,0.11,1.01,0.288,0.003,0.001,,False,False
19:56:36,Baseline,Deep_Learning,2.61,139.33,,,,0.949,True,False
19:56:36,Baseline,Heuristic,0.1,1.01,0.286,0.003,0.001,,False,False
19:56:36,Baseline,Deep_Learning,2.47,139.33,,,,0.949,True,False
19:56:36,Baseline,Heuristic,0.13,1.01,0.285,0.003,0.001,,False,False
19:56:36,Baseline,Deep_Learning,2.41,139.33,,,,0.02,False,False
19:56:36,Baseline,Heuristic,0.11,1.01,0.284,0.003,0.001,,False,False
19:56:36,Baseline,Deep_Learning,2.33,139.1,,,,0.137,False,False
19:56:36,Baseline,Heuristic,0.11,1.01,0.282,0.003,0.001,,False,False
19:56:36,Baseline,Deep_Learning,2.42,139.54,,,,0.137,False,False
19:56:36,Baseline,Heuristic,0.11,1.01,0.281,0.003,0.001,,False,False
19:56:36,Baseline,Deep_Learning,2.32,139.78,,,,0.023,False,False
19:56:36,Baseline,Heuristic,0.1,1.01,0.279,0.003,0.001,,False,False
19:56:36,Baseline,Deep_Learning,2.49,140.01,,,,0.082,False,False
19:56:36,Baseline,Heuristic,0.11,1.01,0.278,0.003,0.001,,False,False
19:56:36,Baseline,Deep_Learning,2.35,140.22,,,,0.16,False,False
19:56:36,Baseline,Heuristic,0.11,1.01,0.277,0.003,0.001,,False,False
19:56:36,Baseline,Deep_Learning,2.62,140.22,,,,0.16,False,False
19:56:36,Baseline,Heuristic,0.1,1.01,0.275,0.003,0.001,,False,False
19:56:36,Baseline,Deep_Learning,2.75,139.78,,,,0.5,False,False
19:56:36,Baseline,Heuristic,0.11,1.01,0.274,0.003,0.001,,False,False
19:56:36,Baseline,Deep_Learning,2.52,139.33,,,,0.676,False,False
19:56:36,Baseline,Heuristic,0.1,1.01,0.273,0.003,0.001,,False,False
19:56:36,Baseline,Deep_Learning,2.52,139.54,,,,0.902,True,False
19:56:36,Baseline,Heuristic,0.11,1.01,0.272,0.003,0.001,,False,False
19:56:36,Baseline,Deep_Learning,2.39,139.54,,,,0.902,True,False
19:56:36,Baseline,Heuristic,0.11,1.27,0.271,0.003,0.001,,False,False
19:56:36,Baseline,Deep_Learning,2.39,139.33,,,,0.988,True,False
19:56:36,Baseline,Heuristic,0.11,1.01,0.271,0.003,0.001,,False,False
19:56:36,Baseline,Deep_Learning,2.4,139.35,,,,0.812,True,False
19:56:36,Baseline,Heuristic,0.11,1.01,0.27,0.003,0.001,,False,False
19:56:36,Baseline,Deep_Learning,2.4,139.58,,,,0.988,True,False
19:56:36,Baseline,Heuristic,0.1,1.01,0.27,0.003,0.001,,False,False
19:56:36,Baseline,Deep_Learning,2.34,139.14,,,,0.715,False,False
19:56:36,Baseline,Heuristic,0.11,1.01,0.27,0.003,0.001,,False,False
19:56:36,Baseline,Deep_Learning,2.61,139.35,,,,0.043,False,False
19:56:36,Baseline,Heuristic,0.11,1.01,0.27,0.003,0.001,,False,False
19:56:36,Baseline,Deep_Learning,2.28,139.12,,,,0.59,False,False
19:56:36,Baseline,Heuristic,0.11,1.01,0.27,0.003,0.001,,False,False
19:56:36,Baseline,Deep_Learning,2.43,139.12,,,,0.902,True,False
19:56:36,Baseline,Heuristic,0.11,1.01,0.27,0.003,0.001,,False,False
19:56:36,Baseline,Deep_Learning,2.22,138.89,,,,0.984,True,False
19:56:36,Baseline,Heuristic,0.11,1.01,0.27,0.003,0.001,,False,False
19:56:36,Baseline,Deep_Learning,2.5,138.89,,,,0.984,True,False
19:56:36,Baseline,Heuristic,0.11,1.01,0.27,0.003,0.001,,False,False
19:56:36,Baseline,Deep_Learning,2.23,139.1,,,,0.043,False,False
19:56:36,Baseline,Heuristic,0.1,1.01,0.271,0.003,0.001,,False,False
19:56:36,Baseline,Deep_Learning,2.54,139.1,,,,0.043,False,False
19:56:36,Baseline,Heuristic,0.1,1.01,0.271,0.003,0.001,,False,False
19:56:36,Baseline,Deep_Learning,2.54,139.31,,,,0.016,False,False
19:56:37,Baseline,Heuristic,0.1,1.01,0.271,0.003,0.001,,False,False
19:56:37,Baseline,Deep_Learning,2.35,139.31,,,,0.098,False,False
19:56:37,Baseline,Heuristic,0.11,1.01,0.271,0.003,0.001,,False,False
19:56:37,Baseline,Deep_Learning,2.37,139.31,,,,0.547,False,False
19:56:37,Baseline,Heuristic,0.11,1.01,0.272,0.003,0.001,,False,False
19:56:37,Baseline,Deep_Learning,2.45,139.31,,,,0.07,False,False
19:56:37,Baseline,Heuristic,0.11,1.01,0.272,0.003,0.001,,False,False
19:56:37,Baseline,Deep_Learning,2.37,139.1,,,,0.008,False,False
19:56:37,Baseline,Heuristic,0.11,1.01,0.272,0.003,0.001,,False,False
19:56:37,Baseline,Deep_Learning,2.33,139.99,,,,0.84,True,False
19:56:37,Baseline,Heuristic,0.11,1.01,0.272,0.003,0.001,,False,False
19:56:37,Baseline,Deep_Learning,2.41,139.78,,,,0.75,False,False
19:56:37,Baseline,Heuristic,0.11,1.01,0.272,0.003,0.001,,False,False
19:56:37,Baseline,Deep_Learning,2.28,139.78,,,,0.941,True,False
19:56:37,Baseline,Heuristic,0.14,1.01,0.273,0.003,0.001,,False,False
19:56:37,Baseline,Deep_Learning,2.33,139.54,,,,0.957,True,False
19:56:37,Baseline,Heuristic,0.12,1.01,0.273,0.003,0.001,,False,False
19:56:37,Baseline,Deep_Learning,2.32,139.35,,,,0.035,False,False
19:56:37,Baseline,Heuristic,0.11,1.01,0.273,0.003,0.001,,False,False
19:56:37,Baseline,Deep_Learning,2.3,139.33,,,,0.973,True,False
19:56:37,Baseline,Heuristic,0.11,1.01,0.273,0.003,0.001,,False,False
19:56:37,Baseline,Deep_Learning,2.36,139.54,,,,0.965,True,False
19:56:37,Baseline,Heuristic,0.11,1.01,0.273,0.003,0.001,,False,False
19:56:37,Baseline,Deep_Learning,2.3,139.1,,,,0.715,False,False
19:56:37,Baseline,Heuristic,0.11,1.01,0.273,0.003,0.001,,False,False
19:56:37,Baseline,Deep_Learning,2.44,139.1,,,,0.715,False,False
19:56:37,Baseline,Heuristic,0.11,1.01,0.273,0.003,0.001,,False,False
19:56:37,Baseline,Deep_Learning,2.46,139.12,,,,0.012,False,False
19:56:37,Baseline,Heuristic,0.11,1.01,0.274,0.003,0.001,,False,False
19:56:37,Baseline,Deep_Learning,2.45,139.12,,,,0.012,False,False
19:56:37,Baseline,Heuristic,0.11,1.01,0.274,0.003,0.001,,False,False
19:56:37,Baseline,Deep_Learning,2.29,139.33,,,,0.965,True,False
19:56:37,Baseline,Heuristic,0.1,1.01,0.274,0.003,0.001,,False,False
19:56:37,Baseline,Deep_Learning,2.43,139.33,,,,0.965,True,False
19:56:37,Baseline,Heuristic,0.11,1.01,0.274,0.003,0.001,,False,False
19:56:37,Baseline,Deep_Learning,2.33,139.35,,,,0.16,False,False
19:56:37,Baseline,Heuristic,0.1,1.01,0.274,0.003,0.001,,False,False
19:56:37,Baseline,Deep_Learning,2.34,139.14,,,,0.637,False,False
19:56:37,Baseline,Heuristic,0.11,1.01,0.274,0.003,0.001,,False,False
19:56:37,Baseline,Deep_Learning,2.37,139.14,,,,0.883,True,False
19:56:37,Baseline,Heuristic,0.11,1.27,0.274,0.003,0.001,,False,False
19:56:37,Baseline,Deep_Learning,2.23,139.33,,,,0.988,True,False
19:56:37,Baseline,Heuristic,0.12,1.01,0.274,0.003,0.001,,False,False
19:56:37,Baseline,Deep_Learning,2.35,139.54,,,,0.984,True,False
19:56:37,Baseline,Heuristic,0.11,1.01,0.274,0.004,0.001,,False,False
19:56:37,Baseline,Deep_Learning,2.45,139.33,,,,0.324,False,False
19:56:37,Baseline,Heuristic,0.11,1.01,0.274,0.004,0.001,,False,False
19:56:37,Baseline,Deep_Learning,2.3,139.54,,,,0.051,False,False
19:56:37,Baseline,Heuristic,0.11,1.01,0.273,0.004,0.001,,False,False
19:56:37,Baseline,Deep_Learning,2.27,139.12,,,,0.785,False,False
19:56:37,Baseline,Heuristic,0.1,1.01,0.273,0.004,0.001,,False,False
19:56:37,Baseline,Deep_Learning,2.3,139.12,,,,0.098,False,False
19:56:37,Baseline,Heuristic,0.11,1.01,0.273,0.004,0.001,,False,False
19:56:37,Baseline,Deep_Learning,2.31,138.91,,,,0.5,False,False
19:56:37,Baseline,Heuristic,0.11,1.01,0.272,0.004,0.001,,False,False
19:56:37,Baseline,Deep_Learning,2.37,139.12,,,,0.715,False,False
19:56:37,Baseline,Heuristic,0.1,1.01,0.272,0.004,0.001,,False,False
19:56:37,Baseline,Deep_Learning,2.39,139.78,,,,0.949,True,False
19:56:37,Baseline,Heuristic,0.13,1.01,0.272,0.004,0.001,,False,False
19:56:37,Baseline,Deep_Learning,2.37,139.99,,,,0.984,True,False
19:56:38,Baseline,Heuristic,0.11,1.01,0.271,0.004,0.001,,False,False
19:56:38,Baseline,Deep_Learning,2.28,139.75,,,,0.98,True,False
19:56:38,Baseline,Heuristic,0.11,1.01,0.271,0.004,0.001,,False,False
19:56:38,Baseline,Deep_Learning,3.02,139.78,,,,0.785,False,False
19:56:38,Baseline,Heuristic,0.11,1.01,0.271,0.004,0.001,,False,False
19:56:38,Baseline,Deep_Learning,2.39,139.56,,,,0.902,True,False
19:56:38,Baseline,Heuristic,0.11,1.01,0.271,0.004,0.001,,False,False
19:56:38,Baseline,Deep_Learning,2.38,139.33,,,,0.5,False,False
19:56:38,Baseline,Heuristic,0.11,1.01,0.27,0.004,0.001,,False,False
19:56:38,Baseline,Deep_Learning,2.46,139.56,,,,0.324,False,False
19:56:38,Baseline,Heuristic,0.11,1.01,0.27,0.004,0.001,,False,False
19:56:38,Baseline,Deep_Learning,2.47,139.78,,,,0.949,True,False
19:56:38,Baseline,Heuristic,0.11,1.01,0.269,0.004,0.001,,False,False
19:56:38,Baseline,Deep_Learning,2.6,139.78,,,,0.949,True,False
19:56:38,Baseline,Heuristic,0.11,1.01,0.269,0.004,0.001,,False,False
19:56:38,Baseline,Deep_Learning,2.4,139.99,,,,0.918,True,False
19:56:38,Baseline,Heuristic,0.11,1.01,0.268,0.004,0.001,,False,False
19:56:38,Baseline,Deep_Learning,2.52,139.99,,,,0.676,False,False
19:56:38,Baseline,Heuristic,0.11,1.01,0.268,0.004,0.001,,False,False
19:56:38,Baseline,Deep_Learning,2.38,139.78,,,,0.16,False,False
19:56:38,Baseline,Heuristic,0.11,1.01,0.268,0.004,0.001,,False,False
19:56:38,Baseline,Deep_Learning,2.52,139.79,,,,0.043,False,False
19:56:38,Baseline,Heuristic,0.12,1.01,0.267,0.004,0.001,,False,False
19:56:38,Baseline,Deep_Learning,2.5,139.56,,,,0.117,False,False
19:56:38,Baseline,Heuristic,0.11,1.01,0.267,0.004,0.001,,False,False
19:56:38,Baseline,Deep_Learning,2.33,139.56,,,,0.5,False,False
19:56:38,Baseline,Heuristic,0.1,1.01,0.267,0.004,0.001,,False,False
19:56:38,Baseline,Deep_Learning,2.84,139.35,,,,0.453,False,False
19:56:38,Baseline,Heuristic,0.11,1.01,0.266,0.004,0.001,,False,False
19:56:38,Baseline,Deep_Learning,2.25,139.58,,,,0.785,False,False
19:56:38,Baseline,Heuristic,0.12,1.01,0.266,0.004,0.001,,False,False
19:56:38,Baseline,Deep_Learning,2.4,140.01,,,,0.637,False,False
19:56:38,Baseline,Heuristic,0.11,1.01,0.266,0.004,0.001,,False,False
19:56:38,Baseline,Deep_Learning,2.51,139.56,,,,0.949,True,False
19:56:38,Baseline,Heuristic,0.11,1.01,0.266,0.004,0.001,,False,False
19:56:38,Baseline,Deep_Learning,2.29,138.91,,,,0.949,True,False
19:56:38,Baseline,Heuristic,0.1,1.01,0.266,0.004,0.001,,False,False
19:56:38,Baseline,Deep_Learning,2.35,138.89,,,,0.5,False,False
19:56:38,Baseline,Heuristic,0.11,1.01,0.266,0.004,0.001,,False,False
19:56:38,Baseline,Deep_Learning,2.78,139.33,,,,0.0,False,False
19:56:38,Baseline,Heuristic,0.16,1.01,0.266,0.004,0.001,,False,False
19:56:38,Baseline,Deep_Learning,2.63,139.31,,,,0.0,False,False
19:56:38,Baseline,Heuristic,0.11,1.01,0.266,0.004,0.001,,False,False
19:56:38,Baseline,Deep_Learning,2.52,139.33,,,,0.812,True,False
19:56:38,Baseline,Heuristic,0.16,1.27,0.266,0.004,0.001,,False,False
19:56:38,Baseline,Deep_Learning,2.6,139.33,,,,0.812,True,False
19:56:38,Baseline,Heuristic,0.11,1.01,0.266,0.004,0.001,,False,False
19:56:38,Baseline,Deep_Learning,2.79,139.33,,,,0.883,True,False
19:56:38,Baseline,Heuristic,0.11,1.01,0.266,0.004,0.001,,False,False
19:56:38,Baseline,Deep_Learning,2.29,139.54,,,,0.0,False,False
19:56:38,Baseline,Heuristic,0.13,1.01,0.266,0.004,0.001,,False,False
19:56:38,Baseline,Deep_Learning,2.28,139.31,,,,0.02,False,False
19:56:38,Baseline,Heuristic,0.16,1.01,0.266,0.004,0.001,,False,False
19:56:38,Baseline,Deep_Learning,2.66,139.52,,,,0.098,False,False
19:56:38,Baseline,Heuristic,0.11,1.01,0.266,0.004,0.001,,False,False
19:56:38,Baseline,Deep_Learning,2.33,139.52,,,,0.098,False,False
19:56:38,Baseline,Heuristic,0.11,1.01,0.267,0.004,0.001,,False,False
19:56:38,Baseline,Deep_Learning,2.39,139.73,,,,0.984,True,False
19:56:38,Baseline,Heuristic,0.11,1.01,0.267,0.004,0.001,,False,False
19:56:38,Baseline,Deep_Learning,2.44,139.94,,,,0.973,True,False
19:56:39,Baseline,Heuristic,0.11,1.01,0.267,0.004,0.001,,False,False
19:56:39,Baseline,Deep_Learning,2.53,139.96,,,,0.902,True,False
19:56:39,Baseline,Heuristic,0.11,1.01,0.268,0.004,0.001,,False,False
19:56:39,Baseline,Deep_Learning,2.5,139.99,,,,0.918,True,False
19:56:39,Baseline,Heuristic,0.11,1.01,0.268,0.004,0.001,,False,False
19:56:39,Baseline,Deep_Learning,2.31,140.2,,,,0.012,False,False
19:56:39,Baseline,Heuristic,0.11,1.01,0.268,0.004,0.001,,False,False
19:56:39,Baseline,Deep_Learning,2.43,139.99,,,,0.016,False,False
19:56:39,Baseline,Heuristic,0.11,1.01,0.268,0.004,0.001,,False,False
19:56:39,Baseline,Deep_Learning,2.44,140.2,,,,0.84,True,False
19:56:39,Baseline,Heuristic,0.11,1.01,0.268,0.004,0.001,,False,False
19:56:39,Baseline,Deep_Learning,2.37,140.43,,,,0.41,False,False
19:56:39,Baseline,Heuristic,0.11,1.01,0.268,0.004,0.001,,False,False
19:56:39,Baseline,Deep_Learning,2.45,140.43,,,,0.41,False,False
19:56:39,Baseline,Heuristic,0.11,1.01,0.267,0.004,0.001,,False,False
19:56:39,Baseline,Deep_Learning,2.58,140.43,,,,0.188,False,False
19:56:39,Baseline,Heuristic,0.11,1.01,0.267,0.004,0.001,,False,False
19:56:39,Baseline,Deep_Learning,2.37,140.43,,,,0.188,False,False
19:56:39,Baseline,Heuristic,0.19,1.01,0.267,0.004,0.001,,False,False
19:56:39,Baseline,Deep_Learning,3.5,140.45,,,,0.93,True,False
19:56:39,Baseline,Heuristic,0.1,1.01,0.267,0.004,0.001,,False,False
19:56:39,Baseline,Deep_Learning,2.58,140.45,,,,0.93,True,False
19:56:39,Baseline,Heuristic,0.1,1.01,0.266,0.004,0.001,,False,False
19:56:39,Baseline,Deep_Learning,2.25,140.43,,,,0.977,True,False
19:56:39,Baseline,Heuristic,0.11,1.01,0.266,0.004,0.001,,False,False
19:56:39,Baseline,Deep_Learning,2.24,140.43,,,,0.93,True,False
19:56:39,Baseline,Heuristic,0.11,1.01,0.266,0.004,0.001,,False,False
19:56:39,Baseline,Deep_Learning,2.31,140.22,,,,0.949,True,False
19:56:39,Baseline,Heuristic,0.1,1.01,0.266,0.003,0.001,,False,False
19:56:39,Baseline,Deep_Learning,2.42,140.22,,,,0.949,True,False
19:56:39,Baseline,Heuristic,0.11,1.01,0.266,0.003,0.001,,False,False
19:56:39,Baseline,Deep_Learning,2.37,140.22,,,,0.941,True,False
19:56:39,Baseline,Heuristic,0.16,1.01,0.266,0.003,0.001,,False,False
19:56:39,Baseline,Deep_Learning,2.45,139.96,,,,0.996,True,False
19:56:39,Baseline,Heuristic,0.11,1.01,0.265,0.003,0.001,,False,False
19:56:39,Baseline,Deep_Learning,2.36,140.2,,,,0.996,True,False
19:56:39,Baseline,Heuristic,0.11,1.01,0.265,0.003,0.001,,False,False
19:56:39,Baseline,Deep_Learning,2.39,139.96,,,,0.996,True,False
19:56:39,Baseline,Heuristic,0.11,1.01,0.265,0.003,0.001,,False,False
19:56:39,Baseline,Deep_Learning,2.33,139.96,,,,0.996,True,False
19:56:39,Baseline,Heuristic,0.11,1.01,0.265,0.003,0.001,,False,False
19:56:39,Baseline,Deep_Learning,2.31,140.18,,,,0.188,False,False
19:56:39,Baseline,Heuristic,0.11,1.01,0.265,0.003,0.001,,False,False
19:56:39,Baseline,Deep_Learning,2.43,139.96,,,,0.902,True,False
19:56:39,Baseline,Heuristic,0.11,1.01,0.265,0.003,0.001,,False,False
19:56:39,Baseline,Deep_Learning,2.35,139.94,,,,0.98,True,False
19:56:39,Baseline,Heuristic,0.11,1.01,0.264,0.003,0.001,,False,False
19:56:39,Baseline,Deep_Learning,2.67,139.71,,,,0.918,True,False
19:56:39,Baseline,Heuristic,0.11,1.27,0.264,0.003,0.001,,False,False
19:56:39,Baseline,Deep_Learning,2.38,139.31,,,,0.93,True,False
19:56:39,Baseline,Heuristic,0.11,1.01,0.264,0.003,0.001,,False,False
19:56:39,Baseline,Deep_Learning,2.34,139.54,,,,0.547,False,False
19:56:39,Baseline,Heuristic,0.11,1.01,0.264,0.003,0.001,,False,False
19:56:39,Baseline,Deep_Learning,2.4,139.54,,,,0.547,False,False
19:56:39,Baseline,Heuristic,0.1,1.01,0.264,0.003,0.001,,False,False
19:56:39,Baseline,Deep_Learning,2.31,139.75,,,,0.02,False,False
19:56:39,Baseline,Heuristic,0.11,1.01,0.263,0.003,0.001,,False,False
19:56:39,Baseline,Deep_Learning,2.35,139.75,,,,0.02,False,False
19:56:40,Baseline,Heuristic,0.14,1.01,0.263,0.003,0.001,,False,False
19:56:40,Baseline,Deep_Learning,2.88,139.75,,,,0.098,False,False
19:56:40,Baseline,Heuristic,0.11,1.01,0.263,0.003,0.001,,False,False
19:56:40,Baseline,Deep_Learning,2.39,139.96,,,,0.117,False,False
19:56:40,Baseline,Heuristic,0.11,1.01,0.263,0.003,0.001,,False,False
19:56:40,Baseline,Deep_Learning,2.47,139.96,,,,0.25,False,False
19:56:40,Baseline,Heuristic,0.11,1.01,0.263,0.003,0.001,,False,False
19:56:40,Baseline,Deep_Learning,2.28,139.75,,,,0.984,True,False
19:56:40,Baseline,Heuristic,0.1,1.01,0.263,0.003,0.001,,False,False
19:56:40,Baseline,Deep_Learning,2.41,139.54,,,,0.988,True,False
19:56:40,Baseline,Heuristic,0.11,1.01,0.263,0.003,0.001,,False,False
19:56:40,Baseline,Deep_Learning,2.38,139.75,,,,0.863,True,False
19:56:40,Baseline,Heuristic,0.11,1.01,0.263,0.003,0.001,,False,False
19:56:40,Baseline,Deep_Learning,2.35,139.75,,,,0.863,True,False
19:56:40,Baseline,Heuristic,0.11,1.01,0.264,0.003,0.001,,False,False
19:56:40,Baseline,Deep_Learning,2.32,139.54,,,,0.996,True,False
19:56:40,Baseline,Heuristic,0.16,1.01,0.264,0.003,0.001,,False,False
19:56:40,Baseline,Deep_Learning,2.83,139.54,,,,0.996,True,False
19:56:40,Baseline,Heuristic,0.11,1.01,0.264,0.003,0.001,,False,False
19:56:40,Baseline,Deep_Learning,2.37,139.78,,,,0.93,True,False
19:56:40,Baseline,Heuristic,0.11,1.01,0.264,0.003,0.001,,False,False
19:56:40,Baseline,Deep_Learning,4.03,139.54,,,,0.676,False,False
19:56:40,Baseline,Heuristic,0.11,1.01,0.264,0.003,0.001,,False,False
19:56:40,Baseline,Deep_Learning,2.49,139.56,,,,0.41,False,False
19:56:40,Baseline,Heuristic,0.11,1.01,0.265,0.003,0.001,,False,False
19:56:40,Baseline,Deep_Learning,2.69,139.78,,,,0.75,False,False
19:56:40,Baseline,Heuristic,0.11,1.01,0.265,0.003,0.001,,False,False
19:56:40,Baseline,Deep_Learning,2.66,139.54,,,,0.547,False,False
19:56:40,Baseline,Heuristic,0.11,1.01,0.265,0.003,0.001,,False,False
19:56:40,Baseline,Deep_Learning,2.7,139.54,,,,0.051,False,False
19:56:40,Baseline,Heuristic,0.19,1.01,0.265,0.003,0.001,,False,False
19:56:40,Baseline,Deep_Learning,3.87,139.54,,,,0.051,False,False
19:56:40,Baseline,Heuristic,0.13,1.01,0.265,0.003,0.001,,False,False
19:56:40,Baseline,Deep_Learning,2.58,139.54,,,,0.941,True,False
19:56:40,Baseline,Heuristic,0.1,1.01,0.265,0.003,0.001,,False,False
19:56:40,Baseline,Deep_Learning,2.99,139.75,,,,0.812,True,False
19:56:40,Baseline,Heuristic,0.11,1.01,0.265,0.003,0.001,,False,False
19:56:40,Baseline,Deep_Learning,2.59,139.75,,,,0.988,True,False
19:56:40,Baseline,Heuristic,0.11,1.01,0.265,0.003,0.001,,False,False
19:56:40,Baseline,Deep_Learning,2.77,139.99,,,,0.984,True,False
19:56:40,Baseline,Heuristic,0.16,1.01,0.265,0.003,0.001,,False,False
19:56:40,Baseline,Deep_Learning,2.71,139.52,,,,0.547,False,False
19:56:40,Baseline,Heuristic,0.11,1.01,0.265,0.003,0.001,,False,False
19:56:40,Baseline,Deep_Learning,2.43,139.52,,,,0.547,False,False
19:56:40,Baseline,Heuristic,0.1,1.01,0.265,0.003,0.001,,False,False
19:56:40,Baseline,Deep_Learning,2.38,139.52,,,,0.082,False,False
19:56:40,Baseline,Heuristic,0.12,1.01,0.265,0.003,0.001,,False,False
19:56:40,Baseline,Deep_Learning,2.82,139.52,,,,0.453,False,False
19:56:40,Baseline,Heuristic,0.11,1.01,0.265,0.003,0.001,,False,False
19:56:40,Baseline,Deep_Learning,2.55,139.33,,,,0.082,False,False
19:56:40,Baseline,Heuristic,0.11,1.01,0.265,0.003,0.001,,False,False
19:56:40,Baseline,Deep_Learning,3.09,139.54,,,,0.41,False,False
19:56:40,Baseline,Heuristic,0.11,1.01,0.265,0.003,0.001,,False,False
19:56:40,Baseline,Deep_Learning,2.34,139.31,,,,0.547,False,False
19:56:40,Baseline,Heuristic,0.11,1.27,0.265,0.003,0.001,,False,False
19:56:40,Baseline,Deep_Learning,2.37,139.31,,,,0.117,False,False
19:56:40,Baseline,Heuristic,0.11,1.01,0.265,0.003,0.001,,False,False
19:56:40,Baseline,Deep_Learning,3.82,139.31,,,,0.117,False,False
19:56:40,Baseline,Heuristic,0.11,1.01,0.265,0.003,0.001,,False,False
19:56:40,Baseline,Deep_Learning,2.29,139.31,,,,0.988,True,False
19:56:40,Baseline,Heuristic,0.11,1.01,0.265,0.003,0.001,,False,False
19:56:40,Baseline,Deep_Learning,2.57,139.75,,,,0.988,True,False
19:56:41,Baseline,Heuristic,0.11,1.01,0.265,0.003,0.001,,False,False
19:56:41,Baseline,Deep_Learning,2.41,139.54,,,,0.918,True,False
19:56:41,Baseline,Heuristic,0.12,1.01,0.265,0.003,0.001,,False,False
19:56:41,Baseline,Deep_Learning,2.49,139.54,,,,0.918,True,False
19:56:41,Baseline,Heuristic,0.11,1.01,0.265,0.003,0.001,,False,False
19:56:41,Baseline,Deep_Learning,2.51,139.54,,,,0.082,False,False
19:56:41,Baseline,Heuristic,0.11,1.01,0.265,0.003,0.001,,False,False
19:56:41,Baseline,Deep_Learning,2.45,139.99,,,,0.012,False,False
19:56:41,Baseline,Heuristic,0.11,1.01,0.265,0.003,0.001,,False,False
19:56:41,Baseline,Deep_Learning,2.45,140.2,,,,0.043,False,False
19:56:41,Baseline,Heuristic,0.11,1.01,0.265,0.003,0.001,,False,False
19:56:41,Baseline,Deep_Learning,2.38,139.96,,,,0.918,True,False
19:56:41,Baseline,Heuristic,0.18,1.01,0.265,0.003,0.001,,False,False
19:56:41,Baseline,Deep_Learning,3.04,139.96,,,,0.918,True,False
19:56:41,Baseline,Heuristic,0.11,1.01,0.265,0.003,0.001,,False,False
19:56:41,Baseline,Deep_Learning,3.0,139.96,,,,0.984,True,False
19:56:41,Baseline,Heuristic,0.11,1.01,0.264,0.003,0.001,,False,False
19:56:41,Baseline,Deep_Learning,2.46,139.96,,,,0.984,True,False
19:56:41,Baseline,Heuristic,0.11,1.01,0.264,0.003,0.001,,False,False
19:56:41,Baseline,Deep_Learning,2.48,139.96,,,,0.883,True,False
19:56:41,Baseline,Heuristic,0.11,1.01,0.264,0.003,0.001,,False,False
19:56:41,Baseline,Deep_Learning,2.4,139.75,,,,0.363,False,False
19:56:41,Baseline,Heuristic,0.11,1.01,0.264,0.003,0.001,,False,False
19:56:41,Baseline,Deep_Learning,2.56,139.75,,,,0.363,False,False
19:56:41,Baseline,Heuristic,0.1,1.01,0.264,0.003,0.001,,False,False
19:56:41,Baseline,Deep_Learning,2.29,140.43,,,,0.285,False,False
19:56:41,Baseline,Heuristic,0.11,1.01,0.265,0.003,0.001,,False,False
19:56:41,Baseline,Deep_Learning,2.78,140.65,,,,0.785,False,False
19:56:41,Baseline,Heuristic,0.17,1.01,0.265,0.003,0.001,,False,False
19:56:41,Baseline,Deep_Learning,4.59,139.99,,,,0.965,True,False
19:56:41,Baseline,Heuristic,0.12,1.01,0.265,0.003,0.001,,False,False
19:56:41,Baseline,Deep_Learning,2.45,139.78,,,,0.023,False,False
19:56:41,Baseline,Heuristic,0.11,1.01,0.266,0.003,0.001,,False,False
19:56:41,Baseline,Deep_Learning,3.13,139.78,,,,0.027,False,False
19:56:41,Baseline,Heuristic,0.1,1.01,0.266,0.003,0.001,,False,False
19:56:41,Baseline,Deep_Learning,2.3,139.99,,,,0.996,True,False
19:56:41,Baseline,Heuristic,0.11,1.01,0.266,0.003,0.001,,False,False
19:56:41,Baseline,Deep_Learning,2.75,139.78,,,,0.996,True,False
19:56:41,Baseline,Heuristic,0.11,1.01,0.267,0.003,0.001,,False,False
19:56:41,Baseline,Deep_Learning,2.49,139.99,,,,0.715,False,False
19:56:41,Baseline,Heuristic,0.11,1.01,0.267,0.003,0.001,,False,False
19:56:41,Baseline,Deep_Learning,2.4,139.99,,,,0.715,False,False
19:56:41,Baseline,Heuristic,0.12,1.01,0.267,0.003,0.001,,False,False
19:56:41,Baseline,Deep_Learning,2.52,139.99,,,,0.41,False,False
19:56:41,Baseline,Heuristic,0.14,1.01,0.267,0.003,0.001,,False,False
19:56:41,Baseline,Deep_Learning,2.43,139.99,,,,0.41,False,False
19:56:41,Baseline,Heuristic,0.13,1.01,0.267,0.003,0.001,,False,False
19:56:41,Baseline,Deep_Learning,2.45,139.99,,,,0.324,False,False
19:56:41,Baseline,Heuristic,0.12,1.01,0.267,0.003,0.001,,False,False
19:56:41,Baseline,Deep_Learning,2.45,139.78,,,,0.16,False,False
19:56:41,Baseline,Heuristic,0.11,1.01,0.268,0.003,0.001,,False,False
19:56:41,Baseline,Deep_Learning,2.55,139.75,,,,0.676,False,False
19:56:41,Baseline,Heuristic,0.11,1.01,0.268,0.003,0.001,,False,False
19:56:41,Baseline,Deep_Learning,2.42,139.99,,,,0.75,False,False
19:56:41,Baseline,Heuristic,0.11,1.01,0.268,0.003,0.001,,False,False
19:56:41,Baseline,Deep_Learning,2.39,140.2,,,,0.996,True,False
19:56:41,Baseline,Heuristic,0.11,1.27,0.268,0.003,0.001,,False,False
19:56:41,Baseline,Deep_Learning,2.4,139.99,,,,0.996,True,False
19:56:41,Baseline,Heuristic,0.11,1.01,0.268,0.003,0.001,,False,False
19:56:41,Baseline,Deep_Learning,2.4,140.43,,,,0.996,True,False
19:56:42,Baseline,Heuristic,0.12,1.01,0.268,0.003,0.001,,False,False
19:56:42,Baseline,Deep_Learning,2.66,140.65,,,,0.996,True,False
19:56:42,Baseline,Heuristic,0.12,1.01,0.268,0.004,0.001,,False,False
19:56:42,Baseline,Deep_Learning,2.62,140.65,,,,0.996,True,False
19:56:42,Baseline,Heuristic,0.11,1.01,0.269,0.004,0.001,,False,False
19:56:42,Baseline,Deep_Learning,2.55,140.43,,,,0.996,True,False
19:56:42,Baseline,Heuristic,0.12,1.01,0.269,0.004,0.001,,False,False
19:56:42,Baseline,Deep_Learning,2.57,140.43,,,,0.996,True,False
19:56:42,Baseline,Heuristic,0.11,1.01,0.269,0.004,0.001,,False,False
19:56:42,Baseline,Deep_Learning,2.36,140.41,,,,0.863,True,False
19:56:42,Baseline,Heuristic,0.11,1.01,0.269,0.004,0.001,,False,False
19:56:42,Baseline,Deep_Learning,2.34,140.41,,,,0.863,True,False
19:56:42,Baseline,Heuristic,0.11,1.01,0.27,0.004,0.001,,False,False
19:56:42,Baseline,Deep_Learning,2.37,140.2,,,,0.949,True,False
19:56:42,Baseline,Heuristic,0.12,1.01,0.27,0.004,0.001,,False,False
19:56:42,Baseline,Deep_Learning,2.44,140.2,,,,0.996,True,False
19:56:42,Baseline,Heuristic,0.11,1.01,0.27,0.003,0.001,,False,False
19:56:42,Baseline,Deep_Learning,2.61,140.2,,,,0.902,True,False
19:56:42,Baseline,Heuristic,0.11,1.01,0.271,0.003,0.001,,False,False
19:56:42,Baseline,Deep_Learning,2.45,140.2,,,,0.902,True,False
19:56:42,Baseline,Heuristic,0.1,1.01,0.271,0.003,0.001,,False,False
19:56:42,Baseline,Deep_Learning,2.37,140.2,,,,0.988,True,False
19:56:42,Baseline,Heuristic,0.11,1.01,0.271,0.003,0.001,,False,False
19:56:42,Baseline,Deep_Learning,2.24,140.65,,,,0.996,True,False
19:56:42,Baseline,Heuristic,0.1,1.01,0.272,0.003,0.001,,False,False
19:56:42,Baseline,Deep_Learning,2.29,140.67,,,,0.996,True,False
19:56:42,Baseline,Heuristic,0.11,1.01,0.272,0.003,0.001,,False,False
19:56:42,Baseline,Deep_Learning,2.26,140.43,,,,0.996,True,False
19:56:42,Baseline,Heuristic,0.11,1.01,0.272,0.003,0.001,,False,False
19:56:42,Baseline,Deep_Learning,2.49,140.41,,,,0.996,True,False
19:56:42,Baseline,Heuristic,0.11,1.01,0.272,0.003,0.001,,False,False
19:56:42,Baseline,Deep_Learning,2.36,140.2,,,,0.5,False,False
19:56:42,Baseline,Heuristic,0.11,1.01,0.273,0.004,0.001,,False,False
19:56:42,Baseline,Deep_Learning,2.36,140.2,,,,0.5,False,False
19:56:42,Baseline,Heuristic,0.11,1.01,0.273,0.004,0.001,,False,False
19:56:42,Baseline,Deep_Learning,2.64,139.99,,,,0.84,True,False
19:56:42,Baseline,Heuristic,0.1,1.01,0.273,0.004,0.001,,False,False
19:56:42,Baseline,Deep_Learning,2.33,139.78,,,,0.996,True,False
19:56:42,Baseline,Heuristic,0.13,1.01,0.273,0.004,0.001,,False,False
19:56:42,Baseline,Deep_Learning,2.45,139.33,,,,0.996,True,False
19:56:42,Baseline,Heuristic,0.11,1.01,0.273,0.004,0.001,,False,False
19:56:42,Baseline,Deep_Learning,2.32,139.54,,,,0.996,True,False
19:56:42,Baseline,Heuristic,0.11,1.01,0.274,0.004,0.001,,False,False
19:56:42,Baseline,Deep_Learning,2.37,139.96,,,,0.996,True,False
19:56:42,Baseline,Heuristic,0.11,1.01,0.274,0.004,0.001,,False,False
19:56:42,Baseline,Deep_Learning,2.31,139.75,,,,0.996,True,False
19:56:42,Baseline,Heuristic,0.11,1.01,0.274,0.004,0.001,,False,False
19:56:42,Baseline,Deep_Learning,2.33,139.75,,,,0.996,True,False
19:56:42,Baseline,Heuristic,0.11,1.01,0.274,0.004,0.001,,False,False
19:56:42,Baseline,Deep_Learning,2.34,139.75,,,,0.996,True,False
19:56:42,Baseline,Heuristic,0.11,1.01,0.274,0.004,0.001,,False,False
19:56:42,Baseline,Deep_Learning,2.24,139.99,,,,0.715,False,False
19:56:42,Baseline,Heuristic,0.11,1.01,0.274,0.004,0.001,,False,False
19:56:42,Baseline,Deep_Learning,2.31,140.2,,,,0.984,True,False
19:56:42,Baseline,Heuristic,0.11,1.01,0.274,0.004,0.001,,False,False
19:56:42,Baseline,Deep_Learning,2.58,139.96,,,,0.996,True,False
19:56:42,Baseline,Heuristic,0.11,1.01,0.273,0.004,0.001,,False,False
19:56:42,Baseline,Deep_Learning,2.3,139.96,,,,0.996,True,False
19:56:43,Baseline,Heuristic,0.1,1.01,0.273,0.004,0.001,,False,False
19:56:43,Baseline,Deep_Learning,2.25,140.18,,,,0.996,True,False
19:56:43,Baseline,Heuristic,0.14,1.27,0.273,0.004,0.001,,False,False
19:56:43,Baseline,Deep_Learning,2.35,139.94,,,,0.988,True,False
19:56:43,Baseline,Heuristic,0.13,1.01,0.273,0.004,0.001,,False,False
19:56:43,Baseline,Deep_Learning,2.45,139.52,,,,0.977,True,False
19:56:43,Baseline,Heuristic,0.13,1.01,0.273,0.004,0.001,,False,False
19:56:43,Baseline,Deep_Learning,2.32,139.52,,,,0.977,True,False
19:56:43,Baseline,Heuristic,0.11,1.01,0.273,0.004,0.001,,False,False
19:56:43,Baseline,Deep_Learning,2.38,139.52,,,,0.996,True,False
19:56:43,Baseline,Heuristic,0.11,1.01,0.273,0.004,0.001,,False,False
19:56:43,Baseline,Deep_Learning,2.37,139.54,,,,0.996,True,False
19:56:43,Baseline,Heuristic,0.11,1.01,0.273,0.004,0.001,,False,False
19:56:43,Baseline,Deep_Learning,2.36,139.54,,,,0.883,True,False
19:56:43,Baseline,Heuristic,0.1,1.01,0.273,0.004,0.001,,False,False
19:56:43,Baseline,Deep_Learning,2.22,139.52,,,,0.973,True,False
19:56:43,Baseline,Heuristic,0.11,1.01,0.273,0.004,0.001,,False,False
19:56:43,Baseline,Deep_Learning,2.34,139.75,,,,0.75,False,False
19:56:43,Baseline,Heuristic,0.1,1.01,0.273,0.004,0.001,,False,False
19:56:43,Baseline,Deep_Learning,2.46,139.96,,,,0.984,True,False
19:56:43,Baseline,Heuristic,0.14,1.01,0.273,0.004,0.001,,False,False
19:56:43,Baseline,Deep_Learning,2.46,139.96,,,,0.984,True,False
19:56:43,Baseline,Heuristic,0.11,1.01,0.273,0.004,0.001,,False,False
19:56:43,Baseline,Deep_Learning,2.29,140.18,,,,0.996,True,False
19:56:43,Baseline,Heuristic,0.11,1.01,0.273,0.004,0.001,,False,False
19:56:43,Baseline,Deep_Learning,2.28,140.18,,,,0.996,True,False
19:56:43,Baseline,Heuristic,0.1,1.01,0.273,0.004,0.001,,False,False
19:56:43,Baseline,Deep_Learning,2.27,140.18,,,,0.996,True,False
19:56:43,Baseline,Heuristic,0.1,1.01,0.273,0.004,0.001,,False,False
19:56:43,Baseline,Deep_Learning,2.24,140.39,,,,0.996,True,False
19:56:43,Baseline,Heuristic,0.1,1.01,0.274,0.004,0.001,,False,False
19:56:43,Baseline,Deep_Learning,2.19,139.33,,,,0.992,True,False
19:56:43,Baseline,Heuristic,0.11,1.01,0.274,0.004,0.001,,False,False
19:56:43,Baseline,Deep_Learning,3.5,139.56,,,,0.984,True,False
19:56:43,Baseline,Heuristic,0.1,1.01,0.274,0.004,0.001,,False,False
19:56:43,Baseline,Deep_Learning,2.18,139.96,,,,0.996,True,False
19:56:43,Baseline,Heuristic,0.1,1.01,0.274,0.004,0.001,,False,False
19:56:43,Baseline,Deep_Learning,2.25,140.65,,,,0.996,True,False
19:56:43,Baseline,Heuristic,0.11,1.01,0.274,0.004,0.001,,False,False
19:56:43,Baseline,Deep_Learning,2.23,140.41,,,,0.996,True,False
19:56:43,Baseline,Heuristic,0.1,1.01,0.273,0.004,0.001,,False,False
19:56:43,Baseline,Deep_Learning,2.22,140.41,,,,0.996,True,False
19:56:43,Baseline,Heuristic,0.11,1.01,0.273,0.004,0.0,,False,False
19:56:43,Baseline,Deep_Learning,2.53,140.41,,,,0.996,True,False
19:56:43,Baseline,Heuristic,0.11,1.01,0.273,0.004,0.0,,False,False
19:56:43,Baseline,Deep_Learning,2.28,140.2,,,,0.676,False,False
19:56:43,Baseline,Heuristic,0.14,1.01,0.273,0.004,0.0,,False,False
19:56:43,Baseline,Deep_Learning,2.38,140.2,,,,0.676,False,False
19:56:43,Baseline,Heuristic,0.11,1.01,0.273,0.004,0.0,,False,False
19:56:43,Baseline,Deep_Learning,2.27,140.18,,,,0.984,True,False
19:56:43,Baseline,Heuristic,0.11,1.01,0.273,0.004,0.0,,False,False
19:56:43,Baseline,Deep_Learning,2.22,139.96,,,,0.988,True,False
19:56:43,Baseline,Heuristic,0.11,1.01,0.273,0.004,0.0,,False,False
19:56:43,Baseline,Deep_Learning,2.21,139.96,,,,0.996,True,False
19:56:43,Baseline,Heuristic,0.1,1.01,0.274,0.003,0.0,,False,False
19:56:43,Baseline,Deep_Learning,2.29,139.75,,,,0.996,True,False
19:56:43,Baseline,Heuristic,0.12,1.01,0.274,0.003,0.0,,False,False
19:56:43,Baseline,Deep_Learning,2.38,139.54,,,,0.98,True,False
19:56:43,Baseline,Heuristic,0.11,1.01,0.274,0.003,0.0,,False,False
19:56:43,Baseline,Deep_Learning,2.32,139.54,,,,0.984,True,False
19:56:43,Baseline,Heuristic,0.11,1.01,0.274,0.003,0.0,,False,False
19:56:43,Baseline,Deep_Learning,2.32,139.54,,,,0.984,True,False
19:56:44,Baseline,Heuristic,0.1,1.01,0.274,0.003,0.0,,False,False
19:56:44,Baseline,Deep_Learning,2.2,139.52,,,,0.5,False,False
19:56:44,Baseline,Heuristic,0.1,1.01,0.274,0.003,0.0,,False,False
19:56:44,Baseline,Deep_Learning,2.25,139.75,,,,0.59,False,False
19:56:44,Baseline,Heuristic,0.12,1.27,0.274,0.003,0.0,,False,False
19:56:44,Baseline,Deep_Learning,2.3,139.52,,,,0.043,False,False
19:56:44,Baseline,Heuristic,0.1,1.01,0.274,0.003,0.0,,False,False
19:56:44,Baseline,Deep_Learning,2.96,140.22,,,,0.949,True,False
19:56:44,Baseline,Heuristic,0.12,1.01,0.274,0.003,0.0,,False,False
19:56:44,Baseline,Deep_Learning,2.28,140.43,,,,0.75,False,False
19:56:44,Baseline,Heuristic,0.11,1.01,0.274,0.003,0.0,,False,False
19:56:44,Baseline,Deep_Learning,2.28,139.78,,,,0.996,True,False
19:56:44,Baseline,Heuristic,0.11,1.01,0.274,0.003,0.0,,False,False
19:56:44,Baseline,Deep_Learning,2.35,139.54,,,,0.98,True,False
19:56:44,Baseline,Heuristic,0.11,1.01,0.274,0.003,0.0,,False,False
19:56:44,Baseline,Deep_Learning,2.39,139.78,,,,0.949,True,False
19:56:44,Baseline,Heuristic,0.12,1.01,0.273,0.003,0.0,,False,False
19:56:44,Baseline,Deep_Learning,2.39,139.99,,,,0.973,True,False
19:56:44,Baseline,Heuristic,0.11,1.01,0.273,0.003,0.0,,False,False
19:56:44,Baseline,Deep_Learning,2.24,139.99,,,,0.637,False,False
19:56:44,Baseline,Heuristic,0.11,1.01,0.273,0.003,0.0,,False,False
19:56:44,Baseline,Deep_Learning,2.33,140.2,,,,0.637,False,False
19:56:44,Baseline,Heuristic,0.11,1.01,0.272,0.003,0.0,,False,False
19:56:44,Baseline,Deep_Learning,2.21,139.96,,,,0.996,True,False
19:56:44,Baseline,Heuristic,0.1,1.01,0.272,0.003,0.0,,False,False
19:56:44,Baseline,Deep_Learning,2.29,139.75,,,,0.996,True,False
19:56:44,Baseline,Heuristic,0.13,1.01,0.272,0.003,0.0,,False,False
19:56:44,Baseline,Deep_Learning,2.32,139.75,,,,0.996,True,False
19:56:44,Baseline,Heuristic,0.11,1.01,0.271,0.003,0.0,,False,False
19:56:44,Baseline,Deep_Learning,2.23,139.73,,,,0.996,True,False
19:56:44,Baseline,Heuristic,0.1,1.01,0.271,0.003,0.0,,False,False
19:56:44,Baseline,Deep_Learning,2.42,139.96,,,,0.996,True,False
19:56:44,Baseline,Heuristic,0.11,1.01,0.271,0.003,0.0,,False,False
19:56:44,Baseline,Deep_Learning,2.26,139.94,,,,0.996,True,False
19:56:44,Baseline,Heuristic,0.11,1.01,0.271,0.003,0.0,,False,False
19:56:44,Baseline,Deep_Learning,2.37,139.96,,,,0.996,True,False
19:56:44,Baseline,Heuristic,0.11,1.01,0.271,0.003,0.0,,False,False
19:56:44,Baseline,Deep_Learning,2.3,139.78,,,,0.996,True,False
19:56:44,Baseline,Heuristic,0.1,1.01,0.271,0.003,0.0,,False,False
19:56:44,Baseline,Deep_Learning,2.26,139.54,,,,0.996,True,False
19:56:44,Baseline,Heuristic,0.11,1.01,0.271,0.003,0.0,,False,False
19:56:44,Baseline,Deep_Learning,2.24,139.75,,,,0.996,True,False
19:56:44,Baseline,Heuristic,0.12,1.01,0.272,0.003,0.0,,False,False
19:56:44,Baseline,Deep_Learning,2.29,139.75,,,,0.996,True,False
19:56:44,Baseline,Heuristic,0.1,1.01,0.272,0.003,0.0,,False,False
19:56:44,Baseline,Deep_Learning,2.29,139.78,,,,0.996,True,False
19:56:44,Baseline,Heuristic,0.1,1.01,0.272,0.003,0.0,,False,False
19:56:44,Baseline,Deep_Learning,2.21,139.99,,,,0.996,True,False
19:56:44,Baseline,Heuristic,0.1,1.01,0.272,0.003,0.0,,False,False
19:56:44,Baseline,Deep_Learning,2.54,139.99,,,,0.996,True,False
19:56:44,Baseline,Heuristic,0.1,1.01,0.272,0.003,0.0,,False,False
19:56:44,Baseline,Deep_Learning,2.28,139.56,,,,0.996,True,False
19:56:44,Baseline,Heuristic,0.12,1.01,0.272,0.003,0.0,,False,False
19:56:44,Baseline,Deep_Learning,2.34,139.56,,,,0.996,True,False
19:56:44,Baseline,Heuristic,0.1,1.01,0.272,0.003,0.0,,False,False
19:56:44,Baseline,Deep_Learning,2.15,140.01,,,,0.996,True,False
19:56:44,Baseline,Heuristic,0.12,1.01,0.272,0.003,0.0,,False,False
19:56:44,Baseline,Deep_Learning,2.24,140.01,,,,0.996,True,False
19:56:44,Baseline,Heuristic,0.11,1.01,0.272,0.003,0.0,,False,False
19:56:44,Baseline,Deep_Learning,2.27,139.78,,,,0.996,True,False
19:56:45,Baseline,Heuristic,0.13,1.01,0.272,0.003,0.0,,False,False
19:56:45,Baseline,Deep_Learning,2.47,139.31,,,,0.996,True,False
19:56:45,Baseline,Heuristic,0.11,1.01,0.272,0.003,0.0,,False,False
19:56:45,Baseline,Deep_Learning,2.28,139.54,,,,0.996,True,False
19:56:45,Baseline,Heuristic,0.11,1.01,0.272,0.003,0.0,,False,False
19:56:45,Baseline,Deep_Learning,2.32,139.99,,,,0.996,True,False
19:56:45,Baseline,Heuristic,0.13,1.01,0.272,0.003,0.0,,False,False
19:56:45,Baseline,Deep_Learning,2.32,139.56,,,,0.996,True,False
19:56:45,Baseline,Heuristic,0.13,1.01,0.272,0.003,0.0,,False,False
19:56:45,Baseline,Deep_Learning,2.33,139.78,,,,0.996,True,False
19:56:45,Baseline,Heuristic,0.11,1.01,0.272,0.003,0.0,,False,False
19:56:45,Baseline,Deep_Learning,2.49,139.78,,,,0.996,True,False
19:56:45,Baseline,Heuristic,0.11,1.01,0.272,0.003,0.0,,False,False
19:56:45,Baseline,Deep_Learning,2.35,139.56,,,,0.996,True,False
19:56:45,Baseline,Heuristic,0.12,1.01,0.271,0.003,0.0,,False,False
19:56:45,Baseline,Deep_Learning,2.35,139.56,,,,0.996,True,False
19:56:45,Baseline,Heuristic,0.11,1.01,0.271,0.003,0.0,,False,False
19:56:45,Baseline,Deep_Learning,2.33,140.01,,,,0.996,True,False
19:56:45,Baseline,Heuristic,0.15,1.01,0.27,0.003,0.0,,False,False
19:56:45,Baseline,Deep_Learning,2.38,139.79,,,,0.996,True,False
19:56:45,Baseline,Heuristic,0.11,1.01,0.27,0.003,0.0,,False,False
19:56:45,Baseline,Deep_Learning,2.44,139.79,,,,0.996,True,False
19:56:45,Baseline,Heuristic,0.12,1.01,0.269,0.003,0.0,,False,False
19:56:45,Baseline,Deep_Learning,2.45,140.01,,,,0.996,True,False
19:56:45,Baseline,Heuristic,0.11,1.01,0.269,0.003,0.0,,False,False
19:56:45,Baseline,Deep_Learning,2.43,140.01,,,,0.996,True,False
19:56:45,Baseline,Heuristic,0.11,1.01,0.269,0.003,0.0,,False,False
19:56:45,Baseline,Deep_Learning,2.29,140.01,,,,0.996,True,False
19:56:45,Baseline,Heuristic,0.1,1.01,0.269,0.003,0.0,,False,False
19:56:45,Baseline,Deep_Learning,2.24,139.78,,,,0.996,True,False
19:56:45,Baseline,Heuristic,0.14,1.01,0.268,0.003,0.0,,False,False
19:56:45,Baseline,Deep_Learning,2.37,140.01,,,,0.996,True,False
19:56:45,Baseline,Heuristic,0.11,1.01,0.268,0.003,0.0,,False,False
19:56:45,Baseline,Deep_Learning,2.57,140.01,,,,0.996,True,False
19:56:45,Baseline,Heuristic,0.11,1.01,0.268,0.003,0.0,,False,False
19:56:45,Baseline,Deep_Learning,2.35,139.56,,,,0.996,True,False
19:56:45,Baseline,Heuristic,0.11,1.01,0.268,0.003,0.0,,False,False
19:56:45,Baseline,Deep_Learning,2.21,140.04,,,,0.996,True,False
19:56:45,Baseline,Heuristic,0.1,1.01,0.268,0.003,0.0,,False,False
19:56:45,Baseline,Deep_Learning,2.29,140.04,,,,0.996,True,False
19:56:45,Baseline,Heuristic,0.1,1.01,0.267,0.003,0.0,,False,False
19:56:45,Baseline,Deep_Learning,2.59,140.04,,,,0.996,True,False
19:56:45,Baseline,Heuristic,0.12,1.01,0.267,0.003,0.0,,False,False
19:56:45,Baseline,Deep_Learning,2.2,140.26,,,,0.996,True,False
19:56:45,Baseline,Heuristic,0.1,1.01,0.267,0.003,0.0,,False,False
19:56:45,Baseline,Deep_Learning,2.21,140.03,,,,0.996,True,False
19:56:45,Baseline,Heuristic,0.1,1.01,0.267,0.003,0.0,,False,False
19:56:45,Baseline,Deep_Learning,3.15,139.79,,,,0.996,True,False
19:56:45,Baseline,Heuristic,0.11,1.01,0.266,0.003,0.0,,False,False
19:56:45,Baseline,Deep_Learning,2.29,140.01,,,,0.996,True,False
19:56:45,Baseline,Heuristic,0.11,1.01,0.266,0.003,0.0,,False,False
19:56:45,Baseline,Deep_Learning,2.32,140.24,,,,0.996,True,False
19:56:45,Baseline,Heuristic,0.11,1.01,0.266,0.003,0.0,,False,False
19:56:45,Baseline,Deep_Learning,2.18,140.24,,,,0.996,True,False
19:56:45,Baseline,Heuristic,0.11,1.01,0.265,0.003,0.0,,False,False
19:56:45,Baseline,Deep_Learning,2.21,139.79,,,,0.996,True,False
19:56:45,Baseline,Heuristic,0.11,1.01,0.265,0.003,0.0,,False,False
19:56:45,Baseline,Deep_Learning,2.33,139.79,,,,0.996,True,False
19:56:46,Baseline,Heuristic,0.11,1.01,0.265,0.003,0.0,,False,False
19:56:46,Baseline,Deep_Learning,2.24,139.6,,,,0.988,True,False
19:56:46,Baseline,Heuristic,0.11,1.01,0.265,0.003,0.0,,False,False
19:56:46,Baseline,Deep_Learning,2.38,140.06,,,,0.988,True,False
19:56:46,Baseline,Heuristic,0.11,1.01,0.265,0.003,0.0,,False,False
19:56:46,Baseline,Deep_Learning,2.26,139.83,,,,0.98,True,False
19:56:46,Baseline,Heuristic,0.12,1.01,0.265,0.004,0.0,,False,False
19:56:46,Baseline,Deep_Learning,2.29,140.06,,,,0.984,True,False
19:56:46,Baseline,Heuristic,0.11,1.01,0.265,0.004,0.0,,False,False
19:56:46,Baseline,Deep_Learning,2.25,139.61,,,,0.996,True,False
19:56:46,Baseline,Heuristic,0.11,1.01,0.264,0.004,0.0,,False,False
19:56:46,Baseline,Deep_Learning,2.27,139.61,,,,0.996,True,False
19:56:46,Baseline,Heuristic,0.11,1.01,0.264,0.004,0.0,,False,False
19:56:46,Baseline,Deep_Learning,2.3,139.6,,,,0.996,True,False
19:56:46,Baseline,Heuristic,0.1,1.01,0.264,0.004,0.0,,False,False
19:56:46,Baseline,Deep_Learning,2.39,140.47,,,,0.996,True,False
19:56:46,Baseline,Heuristic,0.11,1.01,0.264,0.004,0.0,,False,False
19:56:46,Baseline,Deep_Learning,2.28,141.14,,,,0.996,True,False
19:56:46,Baseline,Heuristic,0.11,1.01,0.264,0.004,0.0,,False,False
19:56:46,Baseline,Deep_Learning,2.27,141.8,,,,0.996,True,False
19:56:46,Baseline,Heuristic,0.11,1.01,0.264,0.004,0.0,,False,False
19:56:46,Baseline,Deep_Learning,2.24,141.37,,,,0.996,True,False
19:56:46,Baseline,Heuristic,0.11,1.01,0.264,0.004,0.0,,False,False
19:56:46,Baseline,Deep_Learning,2.23,141.15,,,,0.996,True,False
19:56:46,Baseline,Heuristic,0.1,1.01,0.264,0.004,0.0,,False,False
19:56:46,Baseline,Deep_Learning,2.23,140.71,,,,0.996,True,False
19:56:46,Baseline,Heuristic,0.1,1.01,0.264,0.004,0.0,,False,False
19:56:46,Baseline,Deep_Learning,2.22,139.63,,,,0.996,True,False
19:56:46,Baseline,Heuristic,0.11,1.01,0.264,0.005,0.0,,False,False
19:56:46,Baseline,Deep_Learning,2.36,140.07,,,,0.996,True,False
19:56:46,Baseline,Heuristic,0.11,1.01,0.263,0.005,0.0,,False,False
19:56:46,Baseline,Deep_Learning,2.36,140.07,,,,0.996,True,False
19:56:46,Baseline,Heuristic,0.1,1.01,0.263,0.005,0.0,,False,False
19:56:46,Baseline,Deep_Learning,2.42,139.84,,,,0.996,True,False
19:56:46,Baseline,Heuristic,0.14,1.01,0.263,0.005,0.0,,False,False
19:56:46,Baseline,Deep_Learning,2.35,139.38,,,,0.996,True,False
19:56:46,Baseline,Heuristic,0.11,1.01,0.263,0.005,0.0,,False,False
19:56:46,Baseline,Deep_Learning,2.34,139.38,,,,0.996,True,False
19:56:46,Baseline,Heuristic,0.11,1.01,0.262,0.005,0.0,,False,False
19:56:46,Baseline,Deep_Learning,2.35,139.58,,,,0.996,True,False
19:56:46,Baseline,Heuristic,0.1,1.01,0.262,0.005,0.0,,False,False
19:56:46,Baseline,Deep_Learning,2.21,139.56,,,,0.996,True,False
19:56:46,Baseline,Heuristic,0.1,1.01,0.262,0.005,0.0,,False,False
19:56:46,Baseline,Deep_Learning,2.36,139.56,,,,0.996,True,False
19:56:46,Baseline,Heuristic,0.1,1.01,0.261,0.005,0.0,,False,False
19:56:46,Baseline,Deep_Learning,2.15,139.52,,,,0.996,True,False
19:56:46,Baseline,Heuristic,0.11,1.01,0.26,0.005,0.0,,False,False
19:56:46,Baseline,Deep_Learning,2.19,139.52,,,,0.996,True,False
19:56:46,Baseline,Heuristic,0.11,1.01,0.26,0.005,0.0,,False,False
19:56:46,Baseline,Deep_Learning,2.18,140.41,,,,0.973,True,False
19:56:46,Baseline,Heuristic,0.11,1.01,0.259,0.005,0.0,,False,False
19:56:46,Baseline,Deep_Learning,2.14,140.18,,,,0.996,True,False
19:56:46,Baseline,Heuristic,0.11,1.01,0.258,0.005,0.0,,False,False
19:56:46,Baseline,Deep_Learning,2.28,140.2,,,,0.992,True,False
19:56:46,Baseline,Heuristic,0.11,1.01,0.257,0.005,0.0,,False,False
19:56:46,Baseline,Deep_Learning,2.23,140.67,,,,0.996,True,False
19:56:46,Baseline,Heuristic,0.11,1.01,0.256,0.004,0.0,,False,False
19:56:46,Baseline,Deep_Learning,2.41,140.22,,,,0.996,True,False
19:56:46,Baseline,Heuristic,0.11,1.01,0.256,0.004,0.0,,False,False
19:56:46,Baseline,Deep_Learning,2.3,140.01,,,,0.996,True,False
19:56:47,Baseline,Heuristic,0.23,1.01,0.256,0.004,0.0,,False,False
19:56:47,Baseline,Deep_Learning,2.2,140.47,,,,0.996,True,False
19:56:47,Baseline,Heuristic,0.11,1.01,0.255,0.004,0.0,,False,False
19:56:47,Baseline,Deep_Learning,2.21,140.47,,,,0.984,True,False
19:56:47,Baseline,Heuristic,0.18,1.01,0.256,0.004,0.0,,False,False
19:56:47,Baseline,Deep_Learning,2.46,140.71,,,,0.984,True,False
19:56:47,Baseline,Heuristic,0.13,1.01,0.256,0.004,0.0,,False,False
19:56:47,Baseline,Deep_Learning,2.26,141.14,,,,0.98,True,False
19:56:47,Baseline,Heuristic,0.12,1.01,0.256,0.004,0.0,,False,False
19:56:47,Baseline,Deep_Learning,2.39,141.37,,,,0.957,True,False
19:56:47,Baseline,Heuristic,0.11,1.01,0.256,0.004,0.0,,False,False
19:56:47,Baseline,Deep_Learning,2.26,140.69,,,,0.996,True,False
19:56:47,Baseline,Heuristic,0.12,1.01,0.256,0.004,0.0,,False,False
19:56:47,Baseline,Deep_Learning,2.29,141.35,,,,0.996,True,False
19:56:47,Baseline,Heuristic,0.11,1.01,0.256,0.004,0.0,,False,False
19:56:47,Baseline,Deep_Learning,2.31,141.33,,,,0.996,True,False
19:56:47,Baseline,Heuristic,0.11,1.01,0.257,0.004,0.0,,False,False
19:56:47,Baseline,Deep_Learning,2.26,141.33,,,,0.785,False,False
19:56:47,Baseline,Heuristic,0.11,1.01,0.257,0.004,0.0,,False,False
19:56:47,Baseline,Deep_Learning,2.28,141.1,,,,0.902,True,False
19:56:47,Baseline,Heuristic,0.11,1.01,0.257,0.004,0.0,,False,False
19:56:47,Baseline,Deep_Learning,2.3,141.35,,,,0.59,False,False
19:56:47,Baseline,Heuristic,0.11,1.01,0.257,0.004,0.0,,False,False
19:56:47,Baseline,Deep_Learning,2.3,141.35,,,,0.812,True,False
19:56:47,Baseline,Heuristic,0.11,1.01,0.257,0.005,0.0,,False,False
19:56:47,Baseline,Deep_Learning,2.26,140.67,,,,0.051,False,False
19:56:47,Baseline,Heuristic,0.1,1.01,0.257,0.005,0.0,,False,False
19:56:47,Baseline,Deep_Learning,2.28,140.22,,,,0.035,False,False
19:56:47,Baseline,Heuristic,0.11,1.01,0.257,0.005,0.0,,False,False
19:56:47,Baseline,Deep_Learning,2.33,140.41,,,,0.918,True,False
19:56:47,Baseline,Heuristic,0.15,1.01,0.257,0.005,0.0,,False,False
19:56:47,Baseline,Deep_Learning,2.63,140.45,,,,0.637,False,False
19:56:47,Baseline,Heuristic,0.11,1.01,0.257,0.006,0.0,,False,False
19:56:47,Baseline,Deep_Learning,2.28,139.75,,,,0.996,True,False
19:56:47,Baseline,Heuristic,0.11,1.01,0.257,0.006,0.0,,False,False
19:56:47,Baseline,Deep_Learning,2.43,140.2,,,,0.996,True,False
19:56:47,Baseline,Heuristic,0.11,1.01,0.257,0.006,0.0,,False,False
19:56:47,Baseline,Deep_Learning,2.25,139.05,,,,0.996,True,False
19:56:47,Baseline,Heuristic,0.1,1.01,0.257,0.006,0.0,,False,False
19:56:47,Baseline,Deep_Learning,2.21,139.29,,,,0.996,True,False
19:56:47,Baseline,Heuristic,0.11,1.01,0.257,0.007,0.0,,False,False
19:56:47,Baseline,Deep_Learning,2.27,139.26,,,,0.996,True,False
19:56:47,Baseline,Heuristic,0.1,1.01,0.257,0.007,0.0,,False,False
19:56:47,Baseline,Deep_Learning,2.15,138.59,,,,0.996,True,False
19:56:47,Baseline,Heuristic,0.11,1.01,0.256,0.007,0.0,,False,False
19:56:47,Baseline,Deep_Learning,2.38,138.59,,,,0.996,True,False
19:56:47,Baseline,Heuristic,0.13,1.01,0.256,0.007,0.0,,False,False
19:56:47,Baseline,Deep_Learning,2.47,139.31,,,,0.996,True,False
19:56:47,Baseline,Heuristic,0.11,1.01,0.255,0.008,0.0,,False,False
19:56:47,Baseline,Deep_Learning,2.39,139.54,,,,0.996,True,False
19:56:47,Baseline,Heuristic,0.11,1.01,0.255,0.008,0.0,,False,False
19:56:47,Baseline,Deep_Learning,2.29,140.03,,,,0.992,True,False
19:56:47,Baseline,Heuristic,0.11,1.01,0.255,0.008,0.0,,False,False
19:56:47,Baseline,Deep_Learning,2.33,140.26,,,,0.996,True,False
19:56:47,Baseline,Heuristic,0.11,1.01,0.254,0.008,0.0,,False,False
19:56:47,Baseline,Deep_Learning,2.28,140.5,,,,0.996,True,False
19:56:47,Baseline,Heuristic,0.11,1.01,0.254,0.008,0.0,,False,False
19:56:47,Baseline,Deep_Learning,2.23,140.71,,,,0.996,True,False
19:56:47,Baseline,Heuristic,0.1,1.01,0.254,0.009,0.0,,False,False
19:56:47,Baseline,Deep_Learning,3.73,141.17,,,,0.996,True,False
19:56:48,Baseline,Heuristic,0.11,1.01,0.254,0.009,0.0,,False,False
19:56:48,Baseline,Deep_Learning,2.3,141.18,,,,0.996,True,False
19:56:48,Baseline,Heuristic,0.11,1.01,0.254,0.01,0.0,,False,False
19:56:48,Baseline,Deep_Learning,2.39,141.18,,,,0.996,True,False
19:56:48,Baseline,Heuristic,0.11,1.01,0.254,0.01,0.0,,False,False
19:56:48,Baseline,Deep_Learning,2.3,140.72,,,,0.996,True,False
19:56:48,Baseline,Heuristic,0.11,1.01,0.255,0.011,0.0,,False,False
19:56:48,Baseline,Deep_Learning,2.36,140.72,,,,0.996,True,False
19:56:48,Baseline,Heuristic,0.11,1.01,0.255,0.011,0.0,,False,False
19:56:48,Baseline,Deep_Learning,2.39,140.27,,,,0.996,True,False
19:56:48,Baseline,Heuristic,0.1,1.01,0.255,0.011,0.0,,False,False
19:56:48,Baseline,Deep_Learning,2.24,140.26,,,,0.996,True,False
19:56:48,Baseline,Heuristic,0.11,1.01,0.256,0.012,0.0,,False,False
19:56:48,Baseline,Deep_Learning,2.24,140.5,,,,0.984,True,False
19:56:48,Baseline,Heuristic,0.1,1.01,0.256,0.012,0.0,,False,False
19:56:48,Baseline,Deep_Learning,2.34,139.37,,,,0.996,True,False
19:56:48,Baseline,Heuristic,0.11,1.01,0.256,0.012,0.0,,False,False
19:56:48,Baseline,Deep_Learning,2.22,139.38,,,,0.988,True,False
19:56:48,Baseline,Heuristic,0.34,1.01,0.257,0.012,0.0,,False,False
19:56:48,Baseline,Deep_Learning,2.31,140.07,,,,0.996,True,False
19:56:48,Baseline,Heuristic,0.13,1.01,0.256,0.012,0.0,,False,False
19:56:48,Baseline,Deep_Learning,2.34,140.08,,,,0.996,True,False
19:56:48,Baseline,Heuristic,0.1,1.01,0.256,0.012,0.0,,False,False
19:56:48,Baseline,Deep_Learning,2.23,140.75,,,,0.117,False,False
19:56:48,Baseline,Heuristic,0.1,1.01,0.255,0.012,0.0,,False,False
19:56:48,Baseline,Deep_Learning,2.28,139.6,,,,0.977,True,False
19:56:48,Baseline,Heuristic,0.11,1.01,0.255,0.012,0.0,,False,False
19:56:48,Baseline,Deep_Learning,2.41,139.83,,,,0.023,False,False
19:56:48,Baseline,Heuristic,0.11,1.01,0.254,0.012,0.0,,False,False
19:56:48,Baseline,Deep_Learning,2.33,139.81,,,,0.996,True,False
19:56:48,Baseline,Heuristic,0.1,1.01,0.253,0.012,0.0,,False,False
19:56:48,Baseline,Deep_Learning,2.24,140.04,,,,0.992,True,False
19:56:48,Baseline,Heuristic,0.1,1.01,0.253,0.012,0.0,,False,False
19:56:48,Baseline,Deep_Learning,2.23,139.81,,,,0.785,False,False
19:56:48,Baseline,Heuristic,0.11,1.01,0.252,0.012,0.0,,False,False
19:56:48,Baseline,Deep_Learning,2.32,139.37,,,,0.547,False,False
19:56:48,Baseline,Heuristic,0.11,1.01,0.252,0.012,0.0,,False,False
19:56:48,Baseline,Deep_Learning,2.27,139.16,,,,0.137,False,False
19:56:48,Baseline,Heuristic,0.12,1.01,0.252,0.012,0.0,,False,False
19:56:48,Baseline,Deep_Learning,2.22,139.4,,,,0.75,False,False
19:56:48,Baseline,Heuristic,0.1,1.01,0.252,0.012,0.0,,False,False
19:56:48,Baseline,Deep_Learning,2.31,139.84,,,,0.785,False,False
19:56:48,Baseline,Heuristic,0.12,1.01,0.252,0.012,0.0,,False,False
19:56:48,Baseline,Deep_Learning,3.25,140.3,,,,0.918,True,False
19:56:48,Baseline,Heuristic,0.1,1.01,0.253,0.011,0.0,,False,False
19:56:48,Baseline,Deep_Learning,2.29,140.3,,,,0.324,False,False
19:56:48,Baseline,Heuristic,0.11,1.01,0.253,0.011,0.0,,False,False
19:56:48,Baseline,Deep_Learning,2.25,140.75,,,,0.98,True,False
19:56:48,Baseline,Heuristic,0.11,1.01,0.253,0.011,0.0,,False,False
19:56:48,Baseline,Deep_Learning,2.22,139.38,,,,0.996,True,False
19:56:48,Baseline,Heuristic,0.11,1.01,0.253,0.011,0.0,,False,False
19:56:48,Baseline,Deep_Learning,2.22,139.83,,,,0.996,True,False
19:56:48,Baseline,Heuristic,0.13,1.01,0.254,0.011,0.0,,False,False
19:56:48,Baseline,Deep_Learning,2.26,140.49,,,,0.93,True,False
19:56:48,Baseline,Heuristic,0.1,1.01,0.254,0.011,0.0,,False,False
19:56:48,Baseline,Deep_Learning,2.39,140.06,,,,0.996,True,False
19:56:48,Baseline,Heuristic,0.1,1.01,0.254,0.011,0.0,,False,False
19:56:48,Baseline,Deep_Learning,2.34,140.06,,,,0.996,True,False
19:56:48,Baseline,Heuristic,0.11,1.01,0.253,0.011,0.0,,False,False
19:56:48,Baseline,Deep_Learning,2.22,140.5,,,,0.902,True,False
19:56:49,Baseline,Heuristic,0.1,1.01,0.253,0.01,0.0,,False,False
19:56:49,Baseline,Deep_Learning,2.21,140.5,,,,0.902,True,False
19:56:49,Baseline,Heuristic,0.1,1.01,0.253,0.01,0.0,,False,False
19:56:49,Baseline,Deep_Learning,2.25,140.49,,,,0.984,True,False
19:56:49,Baseline,Heuristic,0.16,1.01,0.253,0.01,0.0,,False,False
19:56:49,Baseline,Deep_Learning,2.45,140.04,,,,0.941,True,False
19:56:49,Baseline,Heuristic,0.11,1.01,0.253,0.01,0.0,,False,False
19:56:49,Baseline,Deep_Learning,2.28,139.83,,,,0.16,False,False
19:56:49,Baseline,Heuristic,0.11,1.01,0.254,0.01,0.0,,False,False
19:56:49,Baseline,Deep_Learning,2.67,140.29,,,,0.027,False,False
19:56:49,Baseline,Heuristic,0.1,1.01,0.254,0.01,0.0,,False,False
19:56:49,Baseline,Deep_Learning,2.41,140.5,,,,0.012,False,False
19:56:49,Baseline,Heuristic,0.11,1.01,0.254,0.009,0.0,,False,False
19:56:49,Baseline,Deep_Learning,2.31,139.6,,,,0.188,False,False
19:56:49,Baseline,Heuristic,0.11,1.01,0.254,0.009,0.0,,False,False
19:56:49,Baseline,Deep_Learning,2.23,139.6,,,,0.027,False,False
19:56:49,Baseline,Heuristic,0.1,1.01,0.255,0.009,0.0,,False,False
19:56:49,Baseline,Deep_Learning,2.27,138.93,,,,0.996,True,False
19:56:49,Baseline,Heuristic,0.11,1.01,0.255,0.009,0.0,,False,False
19:56:49,Baseline,Deep_Learning,2.25,138.93,,,,0.996,True,False
19:56:49,Baseline,Heuristic,0.11,1.01,0.255,0.009,0.0,,False,False
19:56:49,Baseline,Deep_Learning,2.34,137.62,,,,0.996,True,False
19:56:49,Baseline,Heuristic,0.11,1.01,0.256,0.009,0.0,,False,False
19:56:49,Baseline,Deep_Learning,2.43,137.84,,,,0.996,True,False
19:56:49,Baseline,Heuristic,0.11,1.01,0.256,0.009,0.0,,False,False
19:56:49,Baseline,Deep_Learning,2.53,138.26,,,,0.996,True,False
19:56:49,Baseline,Heuristic,0.11,1.01,0.256,0.009,0.0,,False,False
19:56:49,Baseline,Deep_Learning,2.36,138.49,,,,0.996,True,False
19:56:49,Baseline,Heuristic,0.11,1.01,0.256,0.009,0.0,,False,False
19:56:49,Baseline,Deep_Learning,2.45,138.7,,,,0.996,True,False
19:56:49,Baseline,Heuristic,0.11,1.01,0.257,0.009,0.0,,False,False
19:56:49,Baseline,Deep_Learning,2.43,138.72,,,,0.547,False,False
19:56:49,Baseline,Heuristic,0.14,1.01,0.257,0.008,0.0,,False,False
19:56:49,Baseline,Deep_Learning,2.42,138.94,,,,0.812,True,False
19:56:49,Baseline,Heuristic,0.11,1.01,0.257,0.008,0.0,,False,False
19:56:49,Baseline,Deep_Learning,2.4,139.17,,,,0.715,False,False
19:56:49,Baseline,Heuristic,0.12,1.01,0.257,0.008,0.0,,False,False
19:56:49,Baseline,Deep_Learning,2.45,139.84,,,,0.676,False,False
19:56:49,Baseline,Heuristic,0.12,1.01,0.258,0.008,0.0,,False,False
19:56:49,Baseline,Deep_Learning,2.45,140.08,,,,0.215,False,False
19:56:49,Baseline,Heuristic,0.11,1.01,0.258,0.008,0.0,,False,False
19:56:49,Baseline,Deep_Learning,2.43,139.61,,,,0.93,True,False
19:56:49,Baseline,Heuristic,0.11,1.01,0.258,0.008,0.0,,False,False
19:56:49,Baseline,Deep_Learning,2.24,140.06,,,,0.453,False,False
19:56:49,Baseline,Heuristic,0.11,1.01,0.258,0.009,0.0,,False,False
19:56:49,Baseline,Deep_Learning,2.28,140.04,,,,0.996,True,False
19:56:49,Baseline,Heuristic,0.11,1.01,0.258,0.009,0.0,,False,False
19:56:49,Baseline,Deep_Learning,2.96,140.27,,,,0.996,True,False
19:56:49,Baseline,Heuristic,0.11,1.01,0.258,0.009,0.0,,False,False
19:56:49,Baseline,Deep_Learning,2.23,140.49,,,,0.996,True,False
19:56:49,Baseline,Heuristic,0.11,1.01,0.258,0.009,0.0,,False,False
19:56:49,Baseline,Deep_Learning,2.55,140.26,,,,0.996,True,False
19:56:49,Baseline,Heuristic,0.11,1.01,0.258,0.008,0.0,,False,False
19:56:49,Baseline,Deep_Learning,2.3,140.71,,,,0.996,True,False
19:56:49,Baseline,Heuristic,0.1,1.01,0.258,0.008,0.0,,False,False
19:56:49,Baseline,Deep_Learning,2.3,140.71,,,,0.996,True,False
19:56:49,Baseline,Heuristic,0.11,1.01,0.259,0.008,0.0,,False,False
19:56:49,Baseline,Deep_Learning,2.3,140.47,,,,0.996,True,False
19:56:49,Baseline,Heuristic,0.11,1.01,0.259,0.008,0.0,,False,False
19:56:49,Baseline,Deep_Learning,2.41,140.49,,,,0.941,True,False
19:56:49,Baseline,Heuristic,0.11,1.01,0.259,0.008,0.0,,False,False
19:56:49,Baseline,Deep_Learning,2.34,140.95,,,,0.812,True,False
19:56:50,Baseline,Heuristic,0.11,1.01,0.259,0.008,0.0,,False,False
19:56:50,Baseline,Deep_Learning,2.31,139.38,,,,0.676,False,False
19:56:50,Baseline,Heuristic,0.11,1.01,0.259,0.008,0.0,,False,False
19:56:50,Baseline,Deep_Learning,2.29,139.6,,,,0.547,False,False
19:56:50,Baseline,Heuristic,0.11,1.01,0.26,0.008,0.0,,False,False
19:56:50,Baseline,Deep_Learning,2.38,140.49,,,,0.008,False,False
19:56:50,Baseline,Heuristic,0.11,1.01,0.26,0.008,0.0,,False,False
19:56:50,Baseline,Deep_Learning,2.42,140.49,,,,0.004,False,False
19:56:50,Baseline,Heuristic,0.11,1.01,0.26,0.008,0.0,,False,False
19:56:50,Baseline,Deep_Learning,2.24,139.83,,,,0.941,True,False
19:56:50,Baseline,Heuristic,0.11,1.01,0.26,0.008,0.0,,False,False
19:56:50,Baseline,Deep_Learning,2.43,139.38,,,,0.5,False,False
19:56:50,Baseline,Heuristic,0.11,1.01,0.26,0.008,0.0,,False,False
19:56:50,Baseline,Deep_Learning,2.33,139.38,,,,0.363,False,False
19:56:50,Baseline,Heuristic,0.11,1.01,0.26,0.008,0.0,,False,False
19:56:50,Baseline,Deep_Learning,2.46,139.16,,,,0.453,False,False
19:56:50,Baseline,Heuristic,0.11,1.01,0.26,0.008,0.0,,False,False
19:56:50,Baseline,Deep_Learning,2.52,138.93,,,,0.324,False,False
19:56:50,Baseline,Heuristic,0.11,1.01,0.261,0.008,0.0,,False,False
19:56:50,Baseline,Deep_Learning,2.33,138.7,,,,0.547,False,False
19:56:50,Baseline,Heuristic,0.11,1.01,0.261,0.008,0.0,,False,False
19:56:50,Baseline,Deep_Learning,2.35,139.14,,,,0.996,True,False
19:56:50,Baseline,Heuristic,0.11,1.01,0.261,0.008,0.0,,False,False
19:56:50,Baseline,Deep_Learning,2.25,138.93,,,,0.027,False,False
19:56:50,Baseline,Heuristic,0.15,1.01,0.261,0.008,0.0,,False,False
19:56:50,Baseline,Deep_Learning,2.4,139.16,,,,0.035,False,False
19:56:50,Baseline,Heuristic,0.11,1.01,0.262,0.008,0.0,,False,False
19:56:50,Baseline,Deep_Learning,2.25,139.4,,,,0.285,False,False
19:56:50,Baseline,Heuristic,0.12,1.01,0.262,0.008,0.0,,False,False
19:56:50,Baseline,Deep_Learning,2.44,139.84,,,,0.453,False,False
19:56:50,Baseline,Heuristic,0.11,1.01,0.262,0.008,0.0,,False,False
19:56:50,Baseline,Deep_Learning,2.38,139.84,,,,0.996,True,False
19:56:50,Baseline,Heuristic,0.11,1.01,0.262,0.008,0.0,,False,False
19:56:50,Baseline,Deep_Learning,2.53,139.83,,,,0.992,True,False
19:56:50,Baseline,Heuristic,0.11,1.01,0.263,0.008,0.0,,False,False
19:56:50,Baseline,Deep_Learning,2.36,139.83,,,,0.996,True,False
19:56:50,Baseline,Heuristic,0.11,1.01,0.263,0.008,0.0,,False,False
19:56:50,Baseline,Deep_Learning,2.4,140.06,,,,0.996,True,False
19:56:50,Baseline,Heuristic,0.11,1.01,0.264,0.008,0.0,,False,False
19:56:50,Baseline,Deep_Learning,2.38,140.04,,,,0.996,True,False
19:56:50,Baseline,Heuristic,0.1,1.01,0.264,0.008,0.0,,False,False
19:56:50,Baseline,Deep_Learning,2.47,139.81,,,,0.996,True,False
19:56:50,Baseline,Heuristic,0.11,1.01,0.264,0.008,0.0,,False,False
19:56:50,Baseline,Deep_Learning,2.5,140.27,,,,0.996,True,False
19:56:50,Baseline,Heuristic,0.1,1.01,0.265,0.008,0.0,,False,False
19:56:50,Baseline,Deep_Learning,2.23,140.27,,,,0.996,True,False
19:56:50,Baseline,Heuristic,0.12,1.01,0.265,0.008,0.0,,False,False
19:56:50,Baseline,Deep_Learning,2.32,140.27,,,,0.996,True,False
19:56:50,Baseline,Heuristic,0.1,1.01,0.265,0.008,0.0,,False,False
19:56:50,Baseline,Deep_Learning,2.22,140.04,,,,0.93,True,False
19:56:50,Baseline,Heuristic,0.13,1.01,0.266,0.008,0.0,,False,False
19:56:50,Baseline,Deep_Learning,2.75,139.6,,,,0.547,False,False
19:56:50,Baseline,Heuristic,0.1,1.01,0.266,0.009,0.0,,False,False
19:56:50,Baseline,Deep_Learning,2.27,140.26,,,,0.453,False,False
19:56:50,Baseline,Heuristic,0.11,1.01,0.266,0.009,0.0,,False,False
19:56:50,Baseline,Deep_Learning,2.2,140.04,,,,0.98,True,False
19:56:50,Baseline,Heuristic,0.1,1.01,0.267,0.009,0.0,,False,False
19:56:50,Baseline,Deep_Learning,2.34,139.38,,,,0.996,True,False
19:56:51,Baseline,Heuristic,0.12,1.01,0.267,0.009,0.0,,False,False
19:56:51,Baseline,Deep_Learning,2.27,139.63,,,,0.984,True,False
19:56:51,Baseline,Heuristic,0.1,1.01,0.267,0.009,0.0,,False,False
19:56:51,Baseline,Deep_Learning,2.24,139.41,,,,0.996,True,False
19:56:51,Baseline,Heuristic,0.1,1.01,0.266,0.009,0.0,,False,False
19:56:51,Baseline,Deep_Learning,2.16,138.93,,,,0.977,True,False
19:56:51,Baseline,Heuristic,0.1,1.01,0.266,0.009,0.0,,False,False
19:56:51,Baseline,Deep_Learning,2.34,139.14,,,,0.98,True,False
19:56:51,Baseline,Heuristic,0.11,1.01,0.266,0.009,0.0,,False,False
19:56:51,Baseline,Deep_Learning,2.22,138.64,,,,0.988,True,False
19:56:51,Baseline,Heuristic,0.11,1.01,0.266,0.009,0.0,,False,False
19:56:51,Baseline,Deep_Learning,2.31,138.41,,,,0.988,True,False
19:56:51,Baseline,Heuristic,0.11,1.01,0.266,0.009,0.0,,False,False
19:56:51,Baseline,Deep_Learning,2.49,139.29,,,,0.977,True,False
19:56:51,Baseline,Heuristic,0.1,1.01,0.266,0.01,0.0,,False,False
19:56:51,Baseline,Deep_Learning,2.17,139.03,,,,0.941,True,False
19:56:51,Baseline,Heuristic,0.11,1.01,0.266,0.01,0.0,,False,False
19:56:51,Baseline,Deep_Learning,2.38,139.03,,,,0.941,True,False
19:56:51,Baseline,Heuristic,0.1,1.01,0.265,0.01,0.0,,False,False
19:56:51,Baseline,Deep_Learning,2.23,139.05,,,,0.973,True,False
19:56:51,Baseline,Heuristic,0.15,1.01,0.265,0.01,0.0,,False,False
19:56:51,Baseline,Deep_Learning,3.07,139.05,,,,0.973,True,False
19:56:51,Baseline,Heuristic,0.11,1.01,0.264,0.01,0.0,,False,False
19:56:51,Baseline,Deep_Learning,2.31,138.87,,,,0.996,True,False
19:56:51,Baseline,Heuristic,0.11,1.01,0.263,0.01,0.0,,False,False
19:56:51,Baseline,Deep_Learning,2.29,139.1,,,,0.984,True,False
19:56:51,Baseline,Heuristic,0.11,1.01,0.263,0.011,0.0,,False,False
19:56:51,Baseline,Deep_Learning,2.2,139.79,,,,0.996,True,False
19:56:51,Baseline,Heuristic,0.11,1.01,0.262,0.011,0.0,,False,False
19:56:51,Baseline,Deep_Learning,2.35,139.79,,,,0.996,True,False
19:56:51,Baseline,Heuristic,0.11,1.01,0.261,0.011,0.0,,False,False
19:56:51,Baseline,Deep_Learning,2.28,139.79,,,,0.98,True,False
19:56:51,Baseline,Heuristic,0.11,1.01,0.26,0.011,0.0,,False,False
19:56:51,Baseline,Deep_Learning,2.26,140.24,,,,0.996,True,False
19:56:51,Baseline,Heuristic,0.1,1.01,0.259,0.012,0.0,,False,False
19:56:51,Baseline,Deep_Learning,2.23,139.99,,,,0.996,True,False
19:56:51,Baseline,Heuristic,0.11,1.01,0.259,0.012,0.0,,False,False
19:56:51,Baseline,Deep_Learning,2.26,140.86,,,,0.996,True,False
19:56:51,Baseline,Heuristic,0.11,1.01,0.258,0.012,0.0,,False,False
19:56:51,Baseline,Deep_Learning,2.28,140.86,,,,0.996,True,False
19:56:51,Baseline,Heuristic,0.1,1.01,0.258,0.012,0.0,,False,False
19:56:51,Baseline,Deep_Learning,2.26,140.39,,,,0.996,True,False
19:56:51,Baseline,Heuristic,0.12,1.01,0.258,0.012,0.0,,False,False
19:56:51,Baseline,Deep_Learning,2.42,140.39,,,,0.996,True,False
19:56:51,Baseline,Heuristic,0.11,1.01,0.258,0.012,0.0,,False,False
19:56:51,Baseline,Deep_Learning,2.2,139.99,,,,0.996,True,False
19:56:51,Baseline,Heuristic,0.11,1.01,0.258,0.012,0.0,,False,False
19:56:51,Baseline,Deep_Learning,2.24,140.01,,,,0.996,True,False
19:56:51,Baseline,Heuristic,0.1,1.01,0.259,0.013,0.0,,False,False
19:56:51,Baseline,Deep_Learning,2.21,140.03,,,,0.996,True,False
19:56:51,Baseline,Heuristic,0.1,1.01,0.259,0.013,0.0,,False,False
19:56:51,Baseline,Deep_Learning,2.36,139.81,,,,0.996,True,False
19:56:51,Baseline,Heuristic,0.1,1.01,0.259,0.013,0.0,,False,False
19:56:51,Baseline,Deep_Learning,2.18,139.16,,,,0.996,True,False
19:56:51,Baseline,Heuristic,0.13,1.01,0.258,0.013,0.0,,False,False
19:56:51,Baseline,Deep_Learning,2.47,139.4,,,,0.996,True,False
19:56:51,Baseline,Heuristic,0.11,1.01,0.258,0.013,0.0,,False,False
19:56:51,Baseline,Deep_Learning,2.42,138.93,,,,0.965,True,False
19:56:51,Baseline,Heuristic,0.11,1.01,0.258,0.013,0.0,,False,False
19:56:51,Baseline,Deep_Learning,2.24,137.99,,,,0.883,True,False
19:56:51,Baseline,Heuristic,0.11,1.01,0.258,0.013,0.0,,False,False
19:56:51,Baseline,Deep_Learning,2.28,137.74,,,,0.93,True,False
19:56:52,Baseline,Heuristic,0.11,1.01,0.258,0.013,0.0,,False,False
19:56:52,Baseline,Deep_Learning,2.21,137.48,,,,0.984,True,False
19:56:52,Baseline,Heuristic,0.26,1.01,0.257,0.013,0.0,,False,False
19:56:52,Baseline,Deep_Learning,2.82,137.94,,,,0.988,True,False
19:56:52,Baseline,Heuristic,0.11,1.01,0.257,0.013,0.0,,False,False
19:56:52,Baseline,Deep_Learning,2.22,137.94,,,,0.84,True,False
19:56:52,Baseline,Heuristic,0.12,1.01,0.257,0.013,0.0,,False,False
19:56:52,Baseline,Deep_Learning,2.32,138.17,,,,0.75,False,False
19:56:52,Baseline,Heuristic,0.11,1.01,0.257,0.013,0.0,,False,False
19:56:52,Baseline,Deep_Learning,2.24,137.48,,,,0.973,True,False
19:56:52,Baseline,Heuristic,0.1,1.01,0.257,0.014,0.0,,False,False
19:56:52,Baseline,Deep_Learning,2.19,137.51,,,,0.715,False,False
19:56:52,Baseline,Heuristic,0.11,1.01,0.257,0.014,0.0,,False,False
19:56:52,Baseline,Deep_Learning,2.15,137.51,,,,0.715,False,False
19:56:52,Baseline,Heuristic,0.11,1.01,0.257,0.014,0.0,,False,False
19:56:52,Baseline,Deep_Learning,2.26,137.07,,,,0.973,True,False
19:56:52,Baseline,Heuristic,0.11,1.01,0.257,0.014,0.0,,False,False
19:56:52,Baseline,Deep_Learning,2.38,137.07,,,,0.949,True,False
19:56:52,Baseline,Heuristic,0.11,1.01,0.256,0.014,0.0,,False,False
19:56:52,Baseline,Deep_Learning,2.32,138.2,,,,0.996,True,False
19:56:52,Baseline,Heuristic,0.1,1.01,0.256,0.014,0.0,,False,False
19:56:52,Baseline,Deep_Learning,2.26,137.97,,,,0.996,True,False
19:56:52,Baseline,Heuristic,0.12,1.01,0.256,0.014,0.0,,False,False
19:56:52,Baseline,Deep_Learning,2.36,138.24,,,,0.996,True,False
19:56:52,Baseline,Heuristic,0.11,1.01,0.255,0.014,0.0,,False,False
19:56:52,Baseline,Deep_Learning,2.57,138.49,,,,0.98,True,False
19:56:52,Baseline,Heuristic,0.11,1.01,0.254,0.014,0.0,,False,False
19:56:52,Baseline,Deep_Learning,2.39,138.49,,,,0.988,True,False
19:56:52,Baseline,Heuristic,0.1,1.01,0.254,0.014,0.0,,False,False
19:56:52,Baseline,Deep_Learning,2.29,138.26,,,,0.996,True,False
19:56:52,Baseline,Heuristic,0.11,1.01,0.253,0.014,0.0,,False,False
19:56:52,Baseline,Deep_Learning,2.29,138.26,,,,0.996,True,False
19:56:52,Baseline,Heuristic,0.1,1.01,0.252,0.014,0.0,,False,False
19:56:52,Baseline,Deep_Learning,2.24,138.24,,,,0.996,True,False
19:56:52,Baseline,Heuristic,0.11,1.01,0.252,0.014,0.0,,False,False
19:56:52,Baseline,Deep_Learning,2.24,138.01,,,,0.996,True,False
19:56:52,Baseline,Heuristic,0.12,1.01,0.252,0.014,0.0,,False,False
19:56:52,Baseline,Deep_Learning,2.25,137.6,,,,0.996,True,False
19:56:52,Baseline,Heuristic,0.11,1.01,0.252,0.014,0.0,,False,False
19:56:52,Baseline,Deep_Learning,2.32,137.16,,,,0.996,True,False
19:56:52,Baseline,Heuristic,0.1,1.01,0.252,0.014,0.0,,False,False
19:56:52,Baseline,Deep_Learning,2.25,137.2,,,,0.996,True,False
19:56:52,Baseline,Heuristic,0.11,1.01,0.252,0.015,0.0,,False,False
19:56:52,Baseline,Deep_Learning,2.3,136.99,,,,0.992,True,False
19:56:52,Baseline,Heuristic,0.1,1.01,0.251,0.015,0.0,,False,False
19:56:52,Baseline,Deep_Learning,2.19,136.77,,,,0.996,True,False
19:56:52,Baseline,Heuristic,0.11,1.01,0.251,0.015,0.0,,False,False
19:56:52,Baseline,Deep_Learning,2.16,135.69,,,,0.965,True,False
19:56:52,Baseline,Heuristic,0.11,1.01,0.251,0.016,0.0,,False,False
19:56:52,Baseline,Deep_Learning,2.26,135.89,,,,0.98,True,False
19:56:52,Baseline,Heuristic,0.12,1.01,0.25,0.016,0.0,,False,False
19:56:52,Baseline,Deep_Learning,2.15,135.01,,,,0.883,True,False
19:56:52,Baseline,Heuristic,0.11,1.01,0.25,0.016,0.0,,False,False
19:56:52,Baseline,Deep_Learning,2.38,134.8,,,,0.973,True,False
19:56:52,Baseline,Heuristic,0.11,1.01,0.249,0.017,0.0,,False,False
19:56:52,Baseline,Deep_Learning,2.19,134.74,,,,0.59,False,False
19:56:52,Baseline,Heuristic,0.11,1.01,0.249,0.017,0.0,,False,False
19:56:52,Baseline,Deep_Learning,2.31,135.16,,,,0.965,True,False
19:56:52,Baseline,Heuristic,0.11,1.01,0.249,0.017,0.0,,False,False
19:56:52,Baseline,Deep_Learning,2.21,135.38,,,,0.992,True,False
19:56:53,Baseline,Heuristic,0.11,1.01,0.249,0.018,0.0,,False,False
19:56:53,Baseline,Deep_Learning,2.19,135.36,,,,0.996,True,False
19:56:53,Baseline,Heuristic,0.11,1.01,0.249,0.018,0.0,,False,False
19:56:53,Baseline,Deep_Learning,2.2,135.23,,,,0.973,True,False
19:56:53,Baseline,Heuristic,0.1,1.01,0.249,0.018,0.0,,False,False
19:56:53,Baseline,Deep_Learning,2.22,134.8,,,,0.984,True,False
19:56:53,Baseline,Heuristic,0.11,1.01,0.249,0.018,0.0,,False,False
19:56:53,Baseline,Deep_Learning,2.26,135.08,,,,0.324,False,False
19:56:53,Baseline,Heuristic,0.11,1.01,0.248,0.018,0.0,,False,False
19:56:53,Baseline,Deep_Learning,2.31,134.66,,,,0.324,False,False
19:56:53,Baseline,Heuristic,0.1,1.01,0.248,0.019,0.0,,False,False
19:56:53,Baseline,Deep_Learning,2.26,131.55,,,,0.84,True,False
19:56:53,Baseline,Heuristic,0.1,1.01,0.247,0.019,0.0,,False,False
19:56:53,Baseline,Deep_Learning,2.22,129.78,,,,0.0,False,False
19:56:53,Baseline,Heuristic,0.11,1.01,0.247,0.019,0.0,,False,False
19:56:53,Baseline,Deep_Learning,2.35,126.47,,,,0.0,False,False
19:56:53,Baseline,Heuristic,0.1,1.01,0.246,0.019,0.0,,False,False
19:56:53,Baseline,Deep_Learning,2.34,129.98,,,,0.027,False,False
19:56:53,Baseline,Heuristic,0.11,1.01,0.246,0.018,0.0,,False,False
19:56:53,Baseline,Deep_Learning,2.41,130.37,,,,0.07,False,False
19:56:53,Baseline,Heuristic,0.11,1.01,0.246,0.018,0.0,,False,False
19:56:53,Baseline,Deep_Learning,2.35,131.75,,,,0.996,True,False
19:56:53,Baseline,Heuristic,0.13,1.01,0.246,0.018,0.0,,False,False
19:56:53,Baseline,Deep_Learning,2.34,131.32,,,,0.996,True,False
19:56:53,Baseline,Heuristic,0.11,1.01,0.247,0.018,0.0,,False,False
19:56:53,Baseline,Deep_Learning,2.3,131.33,,,,0.996,True,False
19:56:53,Baseline,Heuristic,0.11,1.01,0.247,0.018,0.0,,False,False
19:56:53,Baseline,Deep_Learning,2.28,130.68,,,,0.984,True,False
19:56:53,Baseline,Heuristic,0.11,1.01,0.248,0.017,0.0,,False,False
19:56:53,Baseline,Deep_Learning,2.43,130.89,,,,0.996,True,False
19:56:53,Baseline,Heuristic,0.1,1.01,0.248,0.017,0.0,,False,False
19:56:53,Baseline,Deep_Learning,2.21,129.23,,,,0.812,True,False
19:56:53,Baseline,Heuristic,0.11,1.01,0.249,0.017,0.0,,False,False
19:56:53,Baseline,Deep_Learning,2.24,129.23,,,,0.812,True,False
19:56:53,Baseline,Heuristic,0.11,1.01,0.249,0.016,0.0,,False,False
19:56:53,Baseline,Deep_Learning,2.45,128.88,,,,0.0,False,False
19:56:53,Baseline,Heuristic,0.12,1.01,0.249,0.016,0.0,,False,False
19:56:53,Baseline,Deep_Learning,2.27,129.3,,,,0.02,False,False
19:56:53,Baseline,Heuristic,0.1,1.01,0.248,0.016,0.0,,False,False
19:56:53,Baseline,Deep_Learning,2.19,126.06,,,,0.637,False,False
19:56:53,Baseline,Heuristic,0.1,1.01,0.248,0.015,0.0,,False,False
19:56:53,Baseline,Deep_Learning,2.21,124.58,,,,0.25,False,False
19:56:53,Baseline,Heuristic,0.19,1.01,0.248,0.015,0.0,,False,False
19:56:53,Baseline,Deep_Learning,2.62,124.21,,,,0.0,False,False
19:56:53,Baseline,Heuristic,0.11,1.01,0.248,0.015,0.0,,False,False
19:56:53,Baseline,Deep_Learning,2.23,125.5,,,,0.02,False,False
19:56:53,Baseline,Heuristic,0.12,1.01,0.249,0.015,0.0,,False,False
19:56:53,Baseline,Deep_Learning,2.2,125.68,,,,0.016,False,False
19:56:53,Baseline,Heuristic,0.11,1.01,0.249,0.015,0.0,,False,False
19:56:53,Baseline,Deep_Learning,2.25,126.03,,,,0.082,False,False
19:56:53,Baseline,Heuristic,0.11,1.01,0.25,0.015,0.0,,False,False
19:56:53,Baseline,Deep_Learning,2.33,126.59,,,,0.84,True,False
19:56:53,Baseline,Heuristic,0.11,1.01,0.251,0.014,0.0,,False,False
19:56:53,Baseline,Deep_Learning,2.35,126.05,,,,0.941,True,False
19:56:53,Baseline,Heuristic,0.13,1.01,0.251,0.014,0.0,,False,False
19:56:53,Baseline,Deep_Learning,2.3,126.23,,,,0.941,True,False
19:56:53,Baseline,Heuristic,0.11,1.01,0.252,0.014,0.0,,False,False
19:56:53,Baseline,Deep_Learning,2.25,125.42,,,,0.41,False,False
19:56:54,Baseline,Heuristic,0.11,1.01,0.253,0.014,0.0,,False,False
19:56:54,Baseline,Deep_Learning,2.22,125.02,,,,0.285,False,False
19:56:54,Baseline,Heuristic,0.1,1.01,0.254,0.014,0.0,,False,False
19:56:54,Baseline,Deep_Learning,2.38,124.87,,,,0.137,False,False
19:56:54,Baseline,Heuristic,0.11,1.01,0.255,0.014,0.0,,False,False
19:56:54,Baseline,Deep_Learning,2.25,124.65,,,,0.918,True,False
19:56:54,Baseline,Heuristic,0.1,1.01,0.256,0.014,0.0,,False,False
19:56:54,Baseline,Deep_Learning,2.22,124.63,,,,0.547,False,False
19:56:54,Baseline,Heuristic,0.11,1.01,0.257,0.014,0.0,,False,False
19:56:54,Baseline,Deep_Learning,2.23,124.08,,,,0.941,True,False
19:56:54,Baseline,Heuristic,0.11,1.01,0.258,0.014,0.0,,False,False
19:56:54,Baseline,Deep_Learning,2.51,124.26,,,,0.84,True,False
19:56:54,Baseline,Heuristic,0.11,1.01,0.259,0.014,0.0,,False,False
19:56:54,Baseline,Deep_Learning,2.25,123.52,,,,0.965,True,False
19:56:54,Baseline,Heuristic,0.1,1.01,0.26,0.015,0.0,,False,False
19:56:54,Baseline,Deep_Learning,2.32,123.52,,,,0.965,True,False
19:56:54,Baseline,Heuristic,0.11,1.01,0.261,0.015,0.0,,False,False
19:56:54,Baseline,Deep_Learning,2.31,123.15,,,,0.75,False,False
19:56:54,Baseline,Heuristic,0.11,1.01,0.262,0.016,0.0,,False,False
19:56:54,Baseline,Deep_Learning,2.15,123.18,,,,0.715,False,False
19:56:54,Baseline,Heuristic,0.11,1.01,0.263,0.016,0.0,,False,False
19:56:54,Baseline,Deep_Learning,2.29,122.64,,,,0.285,False,False
19:56:54,Baseline,Heuristic,0.11,1.01,0.264,0.017,0.0,,False,False
19:56:54,Baseline,Deep_Learning,2.21,122.62,,,,0.215,False,False
19:56:54,Baseline,Heuristic,0.1,1.01,0.265,0.018,0.0,,False,False
19:56:54,Baseline,Deep_Learning,2.28,122.28,,,,0.25,False,False
19:56:54,Baseline,Heuristic,0.1,1.01,0.265,0.02,0.0,,False,False
19:56:54,Baseline,Deep_Learning,2.14,121.95,,,,0.715,False,False
19:56:54,Baseline,Heuristic,0.11,1.01,0.265,0.021,0.0,,False,False
19:56:54,Baseline,Deep_Learning,2.21,121.76,,,,0.75,False,False
19:56:54,Baseline,Heuristic,0.1,1.01,0.264,0.023,0.0,,False,False
19:56:54,Baseline,Deep_Learning,2.28,121.61,,,,0.863,True,False
19:56:54,Baseline,Heuristic,0.1,1.01,0.263,0.024,0.0,,False,False
19:56:54,Baseline,Deep_Learning,2.1,121.42,,,,0.902,True,False
19:56:54,Baseline,Heuristic,0.11,1.01,0.261,0.027,0.0,,False,False
19:56:54,Baseline,Deep_Learning,2.16,121.95,,,,0.676,False,False
19:56:54,Baseline,Heuristic,0.11,1.01,0.259,0.029,0.0,,False,False
19:56:54,Baseline,Deep_Learning,2.21,121.78,,,,0.547,False,False
19:56:54,Baseline,Heuristic,0.11,1.01,0.257,0.031,0.0,,False,False
19:56:54,Baseline,Deep_Learning,2.12,121.59,,,,0.883,True,False
19:56:54,Baseline,Heuristic,0.11,1.01,0.254,0.033,0.0,,False,False
19:56:54,Baseline,Deep_Learning,2.23,121.78,,,,0.84,True,False
19:56:54,Baseline,Heuristic,0.18,1.01,0.251,0.036,0.0,,False,False
19:56:54,Baseline,Deep_Learning,2.31,121.44,,,,0.949,True,False
19:56:54,Baseline,Heuristic,0.1,1.01,0.249,0.038,0.0,,False,False
19:56:54,Baseline,Deep_Learning,2.18,121.25,,,,0.902,True,False
19:56:54,Baseline,Heuristic,0.1,1.01,0.246,0.041,0.0,,False,False
19:56:54,Baseline,Deep_Learning,2.12,121.07,,,,0.863,True,False
19:56:54,Baseline,Heuristic,0.14,1.01,0.243,0.044,0.0,,False,False
19:56:54,Baseline,Deep_Learning,2.22,120.72,,,,0.75,False,False
19:56:54,Baseline,Heuristic,0.11,1.01,0.241,0.046,0.0,,False,False
19:56:54,Baseline,Deep_Learning,2.1,120.55,,,,0.812,True,False
19:56:54,Baseline,Heuristic,0.1,1.01,0.239,0.049,0.0,,False,False
19:56:54,Baseline,Deep_Learning,2.16,120.37,,,,0.715,False,False
19:56:54,Baseline,Heuristic,0.1,1.01,0.237,0.052,0.0,,False,False
19:56:54,Baseline,Deep_Learning,2.26,120.18,,,,0.785,False,False
19:56:54,Baseline,Heuristic,0.1,1.01,0.235,0.054,0.0,,False,False
19:56:54,Baseline,Deep_Learning,2.11,120.55,,,,0.637,False,False
19:56:54,Baseline,Heuristic,0.11,1.01,0.233,0.057,0.0,,False,False
19:56:54,Baseline,Deep_Learning,2.2,120.73,,,,0.453,False,False
19:56:54,Baseline,Heuristic,0.1,1.01,0.231,0.06,0.0,,False,False
19:56:54,Baseline,Deep_Learning,2.08,120.9,,,,0.051,False,False
19:56:55,Baseline,Heuristic,0.1,1.01,0.229,0.063,0.0,,False,False
19:56:55,Baseline,Deep_Learning,2.11,121.42,,,,0.098,False,False
19:56:55,Baseline,Heuristic,0.1,1.01,0.227,0.065,0.0,,False,False
19:56:55,Baseline,Deep_Learning,2.12,121.42,,,,0.098,False,False
19:56:55,Baseline,Heuristic,0.11,1.01,0.225,0.068,0.0,,False,False
19:56:55,Baseline,Deep_Learning,2.16,121.78,,,,0.25,False,False
19:56:55,Baseline,Heuristic,0.11,1.01,0.223,0.07,0.0,,False,False
19:56:55,Baseline,Deep_Learning,2.19,121.95,,,,0.07,False,False
19:56:55,Baseline,Heuristic,0.11,1.01,0.222,0.073,0.0,,False,False
19:56:55,Baseline,Deep_Learning,2.15,121.76,,,,0.996,True,False
19:56:55,Baseline,Heuristic,0.1,1.01,0.22,0.076,0.0,,False,False
19:56:55,Baseline,Deep_Learning,2.13,121.95,,,,0.996,True,False
19:56:55,Baseline,Heuristic,0.1,1.01,0.219,0.078,0.0,,False,False
19:56:55,Baseline,Deep_Learning,2.12,122.09,,,,0.918,True,False
19:56:55,Baseline,Heuristic,0.1,1.01,0.217,0.081,0.0,,False,False
19:56:55,Baseline,Deep_Learning,2.18,122.62,,,,0.5,False,False
19:56:55,Baseline,Heuristic,0.1,1.01,0.216,0.083,0.0,,False,False
19:56:55,Baseline,Deep_Learning,2.35,122.62,,,,0.5,False,False
19:56:55,Baseline,Heuristic,0.11,1.01,0.215,0.085,0.0,,False,False
19:56:55,Baseline,Deep_Learning,2.54,122.79,,,,0.285,False,False
19:56:55,Baseline,Heuristic,0.14,1.01,0.214,0.088,0.0,,False,False
19:56:55,Baseline,Deep_Learning,2.2,122.43,,,,0.547,False,False
19:56:55,Baseline,Heuristic,0.11,1.01,0.213,0.09,0.0,,False,False
19:56:55,Baseline,Deep_Learning,2.2,122.79,,,,0.84,True,False
19:56:55,Baseline,Heuristic,0.1,1.01,0.212,0.092,0.0,,False,False
19:56:55,Baseline,Deep_Learning,2.13,122.79,,,,0.918,True,False
19:56:55,Baseline,Heuristic,0.11,1.01,0.211,0.095,0.0,,False,False
19:56:55,Baseline,Deep_Learning,2.3,123.52,,,,0.75,False,False
19:56:55,Baseline,Heuristic,0.1,1.01,0.21,0.097,0.0,,False,False
19:56:55,Baseline,Deep_Learning,2.58,123.52,,,,0.75,False,False
19:56:55,Baseline,Heuristic,0.11,1.01,0.21,0.098,0.0,,False,False
19:56:55,Baseline,Deep_Learning,2.46,123.71,,,,0.676,False,False
19:56:55,Baseline,Heuristic,0.11,1.01,0.209,0.1,0.0,,False,False
19:56:55,Baseline,Deep_Learning,2.36,123.52,,,,0.812,True,False
19:56:55,Baseline,Heuristic,0.11,1.01,0.209,0.102,0.0,,False,False
19:56:55,Baseline,Deep_Learning,2.21,124.26,,,,0.785,False,False
19:56:55,Baseline,Heuristic,0.1,1.01,0.208,0.103,0.0,,False,False
19:56:55,Baseline,Deep_Learning,2.12,124.43,,,,0.715,False,False
19:56:55,Baseline,Heuristic,0.11,1.01,0.209,0.104,0.0,,False,False
19:56:55,Baseline,Deep_Learning,2.21,124.43,,,,0.715,False,False
19:56:55,Baseline,Heuristic,0.11,1.01,0.209,0.105,0.0,,False,False
19:56:55,Baseline,Deep_Learning,2.24,125.0,,,,0.137,False,False
19:56:55,Baseline,Heuristic,0.11,1.01,0.21,0.105,0.0,,False,False
19:56:55,Baseline,Deep_Learning,2.27,125.38,,,,0.16,False,False
19:56:55,Baseline,Heuristic,0.1,1.01,0.21,0.105,0.0,,False,False
19:56:55,Baseline,Deep_Learning,2.16,125.73,,,,0.117,False,False
19:56:55,Baseline,Heuristic,0.11,1.01,0.211,0.105,0.0,,False,False
19:56:55,Baseline,Deep_Learning,2.29,125.55,,,,0.215,False,False
19:56:55,Baseline,Heuristic,0.1,1.01,0.213,0.104,0.0,,False,False
19:56:55,Baseline,Deep_Learning,2.25,125.38,,,,0.215,False,False
19:56:55,Baseline,Heuristic,0.11,1.01,0.214,0.104,0.0,,False,False
19:56:55,Baseline,Deep_Learning,2.26,125.38,,,,0.215,False,False
19:56:55,Baseline,Heuristic,0.11,1.01,0.215,0.103,0.0,,False,False
19:56:55,Baseline,Deep_Learning,2.18,125.95,,,,0.676,False,False
19:56:55,Baseline,Heuristic,0.11,1.01,0.216,0.102,0.0,,False,False
19:56:55,Baseline,Deep_Learning,2.19,126.33,,,,0.5,False,False
19:56:55,Baseline,Heuristic,0.11,1.01,0.218,0.101,0.0,,False,False
19:56:55,Baseline,Deep_Learning,2.22,126.33,,,,0.59,False,False
19:56:55,Baseline,Heuristic,0.1,1.01,0.219,0.099,0.0,,False,False
19:56:55,Baseline,Deep_Learning,2.11,126.89,,,,0.324,False,False
19:56:56,Baseline,Heuristic,0.11,1.01,0.221,0.098,0.0,,False,False
19:56:56,Baseline,Deep_Learning,2.23,126.69,,,,0.676,False,False
19:56:56,Baseline,Heuristic,0.1,1.01,0.222,0.097,0.0,,False,False
19:56:56,Baseline,Deep_Learning,2.15,126.69,,,,0.715,False,False
19:56:56,Baseline,Heuristic,0.1,1.01,0.224,0.095,0.0,,False,False
19:56:56,Baseline,Deep_Learning,2.12,126.89,,,,0.59,False,False
19:56:56,Baseline,Heuristic,0.1,1.01,0.225,0.093,0.0,,False,False
19:56:56,Baseline,Deep_Learning,2.09,127.07,,,,0.59,False,False
19:56:56,Baseline,Heuristic,0.11,1.01,0.227,0.092,0.0,,False,False
19:56:56,Baseline,Deep_Learning,2.22,127.46,,,,0.16,False,False
19:56:56,Baseline,Heuristic,0.11,1.01,0.228,0.09,0.0,,False,False
19:56:56,Baseline,Deep_Learning,2.18,127.28,,,,0.75,False,False
19:56:56,Baseline,Heuristic,0.14,1.01,0.23,0.088,0.0,,False,False
19:56:56,Baseline,Deep_Learning,2.22,127.46,,,,0.453,False,False
19:56:56,Baseline,Heuristic,0.1,1.01,0.232,0.087,0.0,,False,False
19:56:56,Baseline,Deep_Learning,2.12,127.67,,,,0.637,False,False
19:56:56,Baseline,Heuristic,0.1,1.01,0.233,0.085,0.0,,False,False
19:56:56,Baseline,Deep_Learning,2.16,128.03,,,,0.812,True,False
19:56:56,Baseline,Heuristic,0.11,1.01,0.235,0.083,0.0,,False,False
19:56:56,Baseline,Deep_Learning,2.19,128.24,,,,0.812,True,False
19:56:56,Baseline,Heuristic,0.11,1.01,0.236,0.082,0.0,,False,False
19:56:56,Baseline,Deep_Learning,2.17,128.65,,,,0.363,False,False
19:56:56,Baseline,Heuristic,0.11,1.01,0.238,0.08,0.0,,False,False
19:56:56,Baseline,Deep_Learning,2.17,128.84,,,,0.324,False,False
19:56:56,Baseline,Heuristic,0.11,1.01,0.24,0.079,0.0,,False,False
19:56:56,Baseline,Deep_Learning,2.23,128.84,,,,0.324,False,False
19:56:56,Baseline,Heuristic,0.11,1.01,0.241,0.077,0.0,,False,False
19:56:56,Baseline,Deep_Learning,2.27,128.86,,,,0.188,False,False
19:56:56,Baseline,Heuristic,0.11,1.01,0.243,0.076,0.0,,False,False
19:56:56,Baseline,Deep_Learning,2.2,129.67,,,,0.117,False,False
19:56:56,Baseline,Heuristic,0.1,1.01,0.244,0.074,0.0,,False,False
19:56:56,Baseline,Deep_Learning,2.1,129.28,,,,0.07,False,False
19:56:56,Baseline,Heuristic,0.12,1.01,0.246,0.073,0.0,,False,False
19:56:56,Baseline,Deep_Learning,2.35,129.28,,,,0.07,False,False
19:56:56,Baseline,Heuristic,0.11,1.01,0.247,0.072,0.0,,False,False
19:56:56,Baseline,Deep_Learning,2.26,129.67,,,,0.59,False,False
19:56:56,Baseline,Heuristic,0.12,1.01,0.249,0.07,0.0,,False,False
19:56:56,Baseline,Deep_Learning,2.19,129.88,,,,0.785,False,False
19:56:56,Baseline,Heuristic,0.11,1.01,0.25,0.069,0.0,,False,False
19:56:56,Baseline,Deep_Learning,2.15,130.07,,,,0.285,False,False
19:56:56,Baseline,Heuristic,0.11,1.01,0.251,0.068,0.0,,False,False
19:56:56,Baseline,Deep_Learning,2.09,130.26,,,,0.324,False,False
19:56:56,Baseline,Heuristic,0.11,1.01,0.253,0.066,0.0,,False,False
19:56:56,Baseline,Deep_Learning,2.15,130.45,,,,0.715,False,False
19:56:56,Baseline,Heuristic,0.11,1.01,0.254,0.065,0.0,,False,False
19:56:56,Baseline,Deep_Learning,2.14,130.88,,,,0.59,False,False
19:56:56,Baseline,Heuristic,0.11,1.01,0.255,0.064,0.0,,False,False
19:56:56,Baseline,Deep_Learning,2.18,130.07,,,,0.547,False,False
19:56:56,Baseline,Heuristic,0.11,1.01,0.257,0.063,0.0,,False,False
19:56:56,Baseline,Deep_Learning,2.25,130.09,,,,0.941,True,False
19:56:56,Baseline,Heuristic,0.12,1.01,0.258,0.062,0.0,,False,False
19:56:56,Baseline,Deep_Learning,2.68,130.09,,,,0.93,True,False
19:56:56,Baseline,Heuristic,0.1,1.01,0.259,0.061,0.0,,False,False
19:56:56,Baseline,Deep_Learning,2.14,130.09,,,,0.676,False,False
19:56:56,Baseline,Heuristic,0.11,1.01,0.26,0.059,0.0,,False,False
19:56:56,Baseline,Deep_Learning,2.27,130.3,,,,0.715,False,False
19:56:56,Baseline,Heuristic,0.11,1.01,0.261,0.058,0.0,,False,False
19:56:56,Baseline,Deep_Learning,2.41,129.88,,,,0.98,True,False
19:56:56,Baseline,Heuristic,0.12,1.01,0.262,0.057,0.0,,False,False
19:56:56,Baseline,Deep_Learning,2.39,129.9,,,,0.965,True,False
19:56:57,Baseline,Heuristic,0.11,1.01,0.263,0.056,0.0,,False,False
19:56:57,Baseline,Deep_Learning,2.22,129.69,,,,0.715,False,False
19:56:57,Baseline,Heuristic,0.11,1.01,0.264,0.055,0.0,,False,False
19:56:57,Baseline,Deep_Learning,2.26,128.9,,,,0.84,True,False
19:56:57,Baseline,Heuristic,0.11,1.01,0.265,0.054,0.0,,False,False
19:56:57,Baseline,Deep_Learning,2.32,129.49,,,,0.863,True,False
19:56:57,Baseline,Heuristic,0.12,1.01,0.265,0.053,0.0,,False,False
19:56:57,Baseline,Deep_Learning,2.29,129.49,,,,0.863,True,False
19:56:57,Baseline,Heuristic,0.11,1.01,0.265,0.052,0.0,,False,False
19:56:57,Baseline,Deep_Learning,2.34,129.67,,,,0.75,False,False
19:56:57,Baseline,Heuristic,0.11,1.01,0.265,0.051,0.0,,False,False
19:56:57,Baseline,Deep_Learning,2.18,130.26,,,,0.715,False,False
19:56:57,Baseline,Heuristic,0.13,1.01,0.265,0.05,0.0,,False,False
19:56:57,Baseline,Deep_Learning,2.21,130.26,,,,0.973,True,False
19:56:57,Baseline,Heuristic,0.11,1.01,0.264,0.05,0.0,,False,False
19:56:57,Baseline,Deep_Learning,2.25,130.47,,,,0.988,True,False
19:56:57,Baseline,Heuristic,0.11,1.01,0.264,0.049,0.0,,False,False
19:56:57,Baseline,Deep_Learning,2.48,130.28,,,,0.984,True,False
19:56:57,Baseline,Heuristic,0.11,1.01,0.263,0.048,0.0,,False,False
19:56:57,Baseline,Deep_Learning,2.33,130.49,,,,0.941,True,False
19:56:57,Baseline,Heuristic,0.11,1.01,0.263,0.047,0.0,,False,False
19:56:57,Baseline,Deep_Learning,2.27,130.28,,,,0.965,True,False
19:56:57,Baseline,Heuristic,0.12,1.01,0.263,0.046,0.0,,False,False
19:56:57,Baseline,Deep_Learning,2.59,130.09,,,,0.25,False,False
19:56:57,Baseline,Heuristic,0.11,1.01,0.262,0.045,0.0,,False,False
19:56:57,Baseline,Deep_Learning,2.35,130.3,,,,0.098,False,False
19:56:57,Baseline,Heuristic,0.11,1.01,0.262,0.045,0.0,,False,False
19:56:57,Baseline,Deep_Learning,2.33,130.49,,,,0.957,True,False
19:56:57,Baseline,Heuristic,0.11,1.01,0.262,0.044,0.0,,False,False
19:56:57,Baseline,Deep_Learning,2.25,130.49,,,,0.957,True,False
19:56:57,Baseline,Heuristic,0.11,1.01,0.262,0.043,0.0,,False,False
19:56:57,Baseline,Deep_Learning,2.18,130.49,,,,0.957,True,False
19:56:57,Baseline,Heuristic,0.11,1.01,0.262,0.042,0.0,,False,False
19:56:57,Baseline,Deep_Learning,2.15,131.09,,,,0.988,True,False
19:56:57,Baseline,Heuristic,0.14,1.01,0.262,0.042,0.0,,False,False
19:56:57,Baseline,Deep_Learning,2.27,131.3,,,,0.977,True,False
19:56:57,Baseline,Heuristic,0.11,1.01,0.262,0.041,0.0,,False,False
19:56:57,Baseline,Deep_Learning,2.21,131.12,,,,0.996,True,False
19:56:57,Baseline,Heuristic,0.11,1.01,0.262,0.04,0.0,,False,False
19:56:57,Baseline,Deep_Learning,2.19,130.91,,,,0.996,True,False
19:56:57,Baseline,Heuristic,0.11,1.01,0.263,0.04,0.0,,False,False
19:56:57,Baseline,Deep_Learning,2.2,130.89,,,,0.988,True,False
19:56:57,Baseline,Heuristic,0.12,1.01,0.263,0.039,0.0,,False,False
19:56:57,Baseline,Deep_Learning,2.2,130.68,,,,0.988,True,False
19:56:57,Baseline,Heuristic,0.1,1.01,0.264,0.038,0.0,,False,False
19:56:57,Baseline,Deep_Learning,2.25,130.32,,,,0.965,True,False
19:56:57,Baseline,Heuristic,0.1,1.01,0.264,0.037,0.0,,False,False
19:56:57,Baseline,Deep_Learning,2.25,130.51,,,,0.676,False,False
19:56:57,Baseline,Heuristic,0.1,1.01,0.265,0.037,0.0,,False,False
19:56:57,Baseline,Deep_Learning,2.18,130.51,,,,0.547,False,False
19:56:57,Baseline,Heuristic,0.11,1.01,0.266,0.036,0.0,,False,False
19:56:57,Baseline,Deep_Learning,2.18,130.32,,,,0.996,True,False
19:56:57,Baseline,Heuristic,0.11,1.01,0.266,0.036,0.0,,False,False
19:56:57,Baseline,Deep_Learning,2.25,130.51,,,,0.996,True,False
19:56:57,Baseline,Heuristic,0.11,1.01,0.267,0.035,0.0,,False,False
19:56:57,Baseline,Deep_Learning,2.18,130.32,,,,0.996,True,False
19:56:57,Baseline,Heuristic,0.11,1.01,0.267,0.034,0.0,,False,False
19:56:57,Baseline,Deep_Learning,2.27,130.32,,,,0.996,True,False
19:56:57,Baseline,Heuristic,0.11,1.01,0.268,0.034,0.0,,False,False
19:56:57,Baseline,Deep_Learning,2.28,130.72,,,,0.949,True,False
19:56:58,Baseline,Heuristic,0.11,1.01,0.269,0.033,0.0,,False,False
19:56:58,Baseline,Deep_Learning,2.2,130.3,,,,0.863,True,False
19:56:58,Baseline,Heuristic,0.11,1.01,0.269,0.033,0.0,,False,False
19:56:58,Baseline,Deep_Learning,2.25,130.51,,,,0.5,False,False
19:56:58,Baseline,Heuristic,0.11,1.01,0.27,0.032,0.0,,False,False
19:56:58,Baseline,Deep_Learning,2.14,130.51,,,,0.016,False,False
19:56:58,Baseline,Heuristic,0.17,1.01,0.271,0.032,0.0,,False,False
19:56:58,Baseline,Deep_Learning,2.22,130.3,,,,0.043,False,False
19:56:58,Baseline,Heuristic,0.11,1.01,0.272,0.031,0.0,,False,False
19:56:58,Baseline,Deep_Learning,2.17,130.7,,,,0.676,False,False
19:56:58,Baseline,Heuristic,0.1,1.01,0.273,0.03,0.0,,False,False
19:56:58,Baseline,Deep_Learning,2.22,130.49,,,,0.93,True,False
19:56:58,Baseline,Heuristic,0.1,1.01,0.273,0.03,0.0,,False,False
19:56:58,Baseline,Deep_Learning,2.2,130.7,,,,0.992,True,False
19:56:58,Baseline,Heuristic,0.11,1.01,0.274,0.029,0.0,,False,False
19:56:58,Baseline,Deep_Learning,2.26,130.89,,,,0.965,True,False
19:56:58,Baseline,Heuristic,0.11,1.01,0.275,0.029,0.0,,False,False
19:56:58,Baseline,Deep_Learning,2.25,130.89,,,,0.988,True,False
19:56:58,Baseline,Heuristic,0.13,1.01,0.276,0.028,0.0,,False,False
19:56:58,Baseline,Deep_Learning,2.67,131.09,,,,0.988,True,False
19:56:58,Baseline,Heuristic,0.11,1.01,0.277,0.028,0.0,,False,False
19:56:58,Baseline,Deep_Learning,2.2,130.91,,,,0.965,True,False
19:56:58,Baseline,Heuristic,0.11,1.01,0.278,0.028,0.0,,False,False
19:56:58,Baseline,Deep_Learning,2.18,130.91,,,,0.637,False,False
19:56:58,Baseline,Heuristic,0.11,1.01,0.279,0.027,0.0,,False,False
19:56:58,Baseline,Deep_Learning,2.36,130.7,,,,0.812,True,False
19:56:58,Baseline,Heuristic,0.11,1.01,0.279,0.027,0.0,,False,False
19:56:58,Baseline,Deep_Learning,2.26,130.89,,,,0.004,False,False
19:56:58,Baseline,Heuristic,0.11,1.01,0.28,0.026,0.0,,False,False
19:56:58,Baseline,Deep_Learning,2.42,130.89,,,,0.004,False,False
19:56:58,Baseline,Heuristic,0.11,1.01,0.281,0.026,0.0,,False,False
19:56:58,Baseline,Deep_Learning,2.29,130.89,,,,0.051,False,False
19:56:58,Baseline,Heuristic,0.13,1.01,0.282,0.025,0.0,,False,False
19:56:58,Baseline,Deep_Learning,2.22,131.3,,,,0.016,False,False
19:56:58,Baseline,Heuristic,0.11,1.01,0.282,0.025,0.0,,False,False
19:56:58,Baseline,Deep_Learning,2.39,130.89,,,,0.082,False,False
19:56:58,Baseline,Heuristic,0.11,1.01,0.283,0.024,0.0,,False,False
19:56:58,Baseline,Deep_Learning,2.22,130.68,,,,0.059,False,False
19:56:58,Baseline,Heuristic,0.1,1.01,0.284,0.024,0.0,,False,False
19:56:58,Baseline,Deep_Learning,2.12,131.09,,,,0.324,False,False
19:56:58,Baseline,Heuristic,0.11,1.01,0.284,0.024,0.0,,False,False
19:56:58,Baseline,Deep_Learning,2.29,130.89,,,,0.41,False,False
19:56:58,Baseline,Heuristic,0.1,1.01,0.285,0.023,0.0,,False,False
19:56:58,Baseline,Deep_Learning,2.15,131.47,,,,0.5,False,False
19:56:58,Baseline,Heuristic,0.11,1.01,0.286,0.023,0.0,,False,False
19:56:58,Baseline,Deep_Learning,2.16,131.66,,,,0.676,False,False
19:56:58,Baseline,Heuristic,0.1,1.01,0.286,0.023,0.0,,False,False
19:56:58,Baseline,Deep_Learning,2.13,131.28,,,,0.324,False,False
19:56:58,Baseline,Heuristic,0.1,1.01,0.287,0.022,0.0,,False,False
19:56:58,Baseline,Deep_Learning,2.24,131.28,,,,0.324,False,False
19:56:58,Baseline,Heuristic,0.1,1.01,0.287,0.022,0.0,,False,False
19:56:58,Baseline,Deep_Learning,2.13,131.28,,,,0.324,False,False
19:56:58,Baseline,Heuristic,0.16,1.01,0.288,0.022,0.0,,False,False
19:56:58,Baseline,Deep_Learning,2.93,130.51,,,,0.957,True,False
19:56:58,Baseline,Heuristic,0.12,1.01,0.289,0.021,0.0,,False,False
19:56:58,Baseline,Deep_Learning,3.06,130.32,,,,0.949,True,False
19:56:59,Baseline,Heuristic,0.11,1.01,0.289,0.021,0.0,,False,False
19:56:59,Baseline,Deep_Learning,2.13,129.92,,,,0.957,True,False
19:56:59,Baseline,Heuristic,0.15,1.01,0.29,0.02,0.0,,False,False
19:56:59,Baseline,Deep_Learning,2.78,129.92,,,,0.957,True,False
19:56:59,Baseline,Heuristic,0.12,1.01,0.291,0.02,0.0,,False,False
19:56:59,Baseline,Deep_Learning,2.34,129.34,,,,0.0,False,False
19:56:59,Baseline,Heuristic,0.11,1.01,0.291,0.02,0.0,,False,False
19:56:59,Baseline,Deep_Learning,2.14,129.15,,,,0.0,False,False
19:56:59,Baseline,Heuristic,0.11,1.01,0.292,0.019,0.0,,False,False
19:56:59,Baseline,Deep_Learning,2.36,128.76,,,,0.0,False,False
19:56:59,Baseline,Heuristic,0.11,1.01,0.293,0.019,0.0,,False,False
19:56:59,Baseline,Deep_Learning,2.48,129.15,,,,0.637,False,False
19:56:59,Baseline,Heuristic,0.11,1.01,0.293,0.019,0.0,,False,False
19:56:59,Baseline,Deep_Learning,2.19,129.93,,,,0.363,False,False
19:56:59,Baseline,Heuristic,0.11,1.01,0.293,0.018,0.0,,False,False
19:56:59,Baseline,Deep_Learning,2.39,128.92,,,,0.5,False,False
19:56:59,Baseline,Heuristic,0.11,1.01,0.294,0.018,0.0,,False,False
19:56:59,Baseline,Deep_Learning,2.29,128.71,,,,0.637,False,False
19:56:59,Baseline,Heuristic,0.11,1.01,0.294,0.018,0.0,,False,False
19:56:59,Baseline,Deep_Learning,2.2,128.51,,,,0.883,True,False
19:56:59,Baseline,Heuristic,0.1,1.01,0.294,0.017,0.0,,False,False
19:56:59,Baseline,Deep_Learning,2.11,128.32,,,,0.5,False,False
19:56:59,Baseline,Heuristic,0.1,1.01,0.295,0.017,0.0,,False,False
19:56:59,Baseline,Deep_Learning,2.18,128.12,,,,0.715,False,False
19:56:59,Baseline,Heuristic,0.11,1.01,0.295,0.017,0.0,,False,False
19:56:59,Baseline,Deep_Learning,2.15,127.93,,,,0.363,False,False
19:56:59,Baseline,Heuristic,0.11,1.01,0.295,0.016,0.0,,False,False
19:56:59,Baseline,Deep_Learning,2.24,127.93,,,,0.363,False,False
19:56:59,Baseline,Heuristic,0.11,1.01,0.295,0.016,0.0,,False,False
19:56:59,Baseline,Deep_Learning,2.2,128.08,,,,0.41,False,False
19:56:59,Baseline,Heuristic,0.1,1.01,0.295,0.016,0.0,,False,False
19:56:59,Baseline,Deep_Learning,2.63,127.87,,,,0.5,False,False
19:56:59,Baseline,Heuristic,0.11,1.01,0.295,0.016,0.0,,False,False
19:56:59,Baseline,Deep_Learning,2.41,127.67,,,,0.41,False,False
19:56:59,Baseline,Heuristic,0.1,1.01,0.294,0.015,0.0,,False,False
19:56:59,Baseline,Deep_Learning,2.19,128.24,,,,0.973,True,False
19:56:59,Baseline,Heuristic,0.1,1.01,0.293,0.015,0.0,,False,False
19:56:59,Baseline,Deep_Learning,2.25,128.45,,,,0.957,True,False
19:56:59,Baseline,Heuristic,0.1,1.01,0.292,0.015,0.0,,False,False
19:56:59,Baseline,Deep_Learning,2.29,128.45,,,,0.996,True,False
19:56:59,Baseline,Heuristic,0.11,1.01,0.291,0.015,0.0,,False,False
19:56:59,Baseline,Deep_Learning,2.4,128.45,,,,0.996,True,False
19:56:59,Baseline,Heuristic,0.13,1.01,0.29,0.015,0.0,,False,False
19:56:59,Baseline,Deep_Learning,2.47,128.63,,,,0.996,True,False
19:56:59,Baseline,Heuristic,0.11,1.01,0.289,0.014,0.0,,False,False
19:56:59,Baseline,Deep_Learning,2.24,129.02,,,,0.059,False,False
19:56:59,Baseline,Heuristic,0.11,1.01,0.289,0.014,0.0,,False,False
19:56:59,Baseline,Deep_Learning,2.44,129.23,,,,0.117,False,False
19:56:59,Baseline,Heuristic,0.11,1.01,0.288,0.014,0.0,,False,False
19:56:59,Baseline,Deep_Learning,2.22,129.23,,,,0.117,False,False
19:56:59,Baseline,Heuristic,0.11,1.01,0.288,0.014,0.0,,False,False
19:56:59,Baseline,Deep_Learning,2.16,129.23,,,,0.117,False,False
19:56:59,Baseline,Heuristic,0.11,1.01,0.287,0.014,0.0,,False,False
19:56:59,Baseline,Deep_Learning,2.29,129.05,,,,0.453,False,False
19:56:59,Baseline,Heuristic,0.12,1.01,0.287,0.014,0.0,,False,False
19:56:59,Baseline,Deep_Learning,2.84,129.05,,,,0.453,False,False
19:56:59,Baseline,Heuristic,0.1,1.01,0.287,0.013,0.0,,False,False
19:56:59,Baseline,Deep_Learning,2.28,129.05,,,,0.453,False,False
19:56:59,Baseline,Heuristic,0.1,1.01,0.287,0.013,0.0,,False,False
19:56:59,Baseline,Deep_Learning,2.23,128.84,,,,0.363,False,False
19:56:59,Baseline,Heuristic,0.1,1.01,0.287,0.013,0.0,,False,False
19:56:59,Baseline,Deep_Learning,2.23,128.84,,,,0.363,False,False
19:57:00,Baseline,Heuristic,0.1,1.01,0.287,0.013,0.0,,False,False
19:57:00,Baseline,Deep_Learning,2.16,128.84,,,,0.84,True,False
19:57:00,Baseline,Heuristic,0.13,1.01,0.287,0.013,0.0,,False,False
19:57:00,Baseline,Deep_Learning,3.46,128.84,,,,0.84,True,False
19:57:00,Baseline,Heuristic,0.11,1.01,0.288,0.012,0.0,,False,False
19:57:00,Baseline,Deep_Learning,2.21,128.84,,,,0.84,True,False
19:57:00,Baseline,Heuristic,0.1,1.01,0.288,0.012,0.0,,False,False
19:57:00,Baseline,Deep_Learning,2.26,128.84,,,,0.215,False,False
19:57:00,Baseline,Heuristic,0.1,1.01,0.288,0.012,0.0,,False,False
19:57:00,Baseline,Deep_Learning,2.26,129.05,,,,0.285,False,False
19:57:00,Baseline,Heuristic,0.1,1.01,0.288,0.012,0.0,,False,False
19:57:00,Baseline,Deep_Learning,2.18,129.05,,,,0.285,False,False
19:57:00,Baseline,Heuristic,0.1,1.01,0.289,0.012,0.0,,False,False
19:57:00,Baseline,Deep_Learning,2.33,129.23,,,,0.785,False,False
19:57:00,Baseline,Heuristic,0.1,1.01,0.289,0.012,0.0,,False,False
19:57:00,Baseline,Deep_Learning,2.16,129.44,,,,0.117,False,False
19:57:00,Baseline,Heuristic,0.11,1.01,0.289,0.011,0.0,,False,False
19:57:00,Baseline,Deep_Learning,2.22,129.84,,,,0.16,False,False
19:57:00,Baseline,Heuristic,0.1,1.01,0.289,0.011,0.0,,False,False
19:57:00,Baseline,Deep_Learning,2.13,129.46,,,,0.059,False,False
19:57:00,Baseline,Heuristic,0.11,1.01,0.289,0.011,0.0,,False,False
19:57:00,Baseline,Deep_Learning,2.22,129.46,,,,0.059,False,False
19:57:00,Baseline,Heuristic,0.13,1.01,0.29,0.011,0.0,,False,False
19:57:00,Baseline,Deep_Learning,2.34,129.46,,,,0.059,False,False
19:57:00,Baseline,Heuristic,0.1,1.01,0.29,0.011,0.0,,False,False
19:57:00,Baseline,Deep_Learning,2.15,129.65,,,,0.5,False,False
19:57:00,Baseline,Heuristic,0.11,1.01,0.29,0.011,0.0,,False,False
19:57:00,Baseline,Deep_Learning,2.27,130.45,,,,0.027,False,False
19:57:00,Baseline,Heuristic,0.11,1.01,0.29,0.011,0.0,,False,False
19:57:00,Baseline,Deep_Learning,2.24,131.04,,,,0.02,False,False
19:57:00,Baseline,Heuristic,0.12,1.01,0.29,0.01,0.0,,False,False
19:57:00,Baseline,Deep_Learning,2.37,131.04,,,,0.02,False,False
19:57:00,Baseline,Heuristic,0.11,1.01,0.291,0.01,0.0,,False,False
19:57:00,Baseline,Deep_Learning,2.17,131.42,,,,0.027,False,False
19:57:00,Baseline,Heuristic,0.11,1.01,0.291,0.01,0.0,,False,False
19:57:00,Baseline,Deep_Learning,2.16,131.62,,,,0.035,False,False
19:57:00,Baseline,Heuristic,0.11,1.01,0.291,0.01,0.0,,False,False
19:57:00,Baseline,Deep_Learning,2.23,131.42,,,,0.363,False,False
19:57:00,Baseline,Heuristic,0.12,1.01,0.291,0.01,0.0,,False,False
19:57:00,Baseline,Deep_Learning,2.17,131.42,,,,0.363,False,False
19:57:00,Baseline,Heuristic,0.12,1.01,0.292,0.01,0.0,,False,False
19:57:00,Baseline,Deep_Learning,2.21,131.64,,,,0.07,False,False
19:57:00,Baseline,Heuristic,0.11,1.01,0.292,0.01,0.0,,False,False
19:57:00,Baseline,Deep_Learning,2.19,131.64,,,,0.012,False,False
19:57:00,Baseline,Heuristic,0.11,1.01,0.292,0.01,0.0,,False,False
19:57:00,Baseline,Deep_Learning,2.14,131.64,,,,0.012,False,False
19:57:01,Baseline,Heuristic,0.11,1.01,0.293,0.009,0.0,,False,False
19:57:01,Baseline,Deep_Learning,2.13,131.64,,,,0.012,False,False
19:57:01,Baseline,Heuristic,0.11,1.01,0.293,0.009,0.0,,False,False
19:57:01,Baseline,Deep_Learning,2.15,131.64,,,,0.012,False,False
19:57:01,Baseline,Heuristic,0.15,1.01,0.294,0.009,0.0,,False,False
19:57:01,Baseline,Deep_Learning,2.15,131.64,,,,0.051,False,False
19:57:01,Baseline,Heuristic,0.11,1.01,0.294,0.009,0.0,,False,False
19:57:01,Baseline,Deep_Learning,2.23,131.64,,,,0.051,False,False
19:57:01,Baseline,Heuristic,0.11,1.01,0.295,0.009,0.0,,False,False
19:57:01,Baseline,Deep_Learning,2.17,131.64,,,,0.051,False,False
19:57:01,Baseline,Heuristic,0.1,1.01,0.295,0.009,0.0,,False,False
19:57:01,Baseline,Deep_Learning,2.13,131.64,,,,0.051,False,False
19:57:01,Baseline,Heuristic,0.11,1.01,0.296,0.009,0.0,,False,False
19:57:01,Baseline,Deep_Learning,2.16,131.64,,,,0.051,False,False
19:57:01,Baseline,Heuristic,0.1,1.01,0.296,0.009,0.0,,False,False
19:57:01,Baseline,Deep_Learning,2.1,131.04,,,,0.043,False,False
19:57:01,Baseline,Heuristic,0.1,1.01,0.296,0.009,0.0,,False,False
19:57:01,Baseline,Deep_Learning,2.08,131.04,,,,0.043,False,False
19:57:01,Baseline,Heuristic,0.14,1.01,0.297,0.008,0.0,,False,False
19:57:01,Baseline,Deep_Learning,2.33,130.85,,,,0.035,False,False
19:57:01,Baseline,Heuristic,0.1,1.01,0.297,0.008,0.0,,False,False
19:57:01,Baseline,Deep_Learning,2.22,130.85,,,,0.035,False,False
19:57:01,Baseline,Heuristic,0.11,1.01,0.298,0.008,0.0,,False,False
19:57:01,Baseline,Deep_Learning,2.23,130.85,,,,0.027,False,False
19:57:01,Baseline,Heuristic,0.11,1.01,0.298,0.008,0.0,,False,False
19:57:01,Baseline,Deep_Learning,2.17,130.85,,,,0.027,False,False
19:57:01,Baseline,Heuristic,0.15,1.01,0.299,0.008,0.0,,False,False
19:57:01,Baseline,Deep_Learning,2.49,130.85,,,,0.027,False,False
19:57:01,Baseline,Heuristic,0.11,1.01,0.299,0.008,0.0,,False,False
19:57:01,Baseline,Deep_Learning,2.25,131.04,,,,0.043,False,False
19:57:01,Baseline,Heuristic,0.1,1.01,0.3,0.008,0.0,,False,False
19:57:01,Baseline,Deep_Learning,2.36,131.04,,,,0.043,False,False
19:57:01,Baseline,Heuristic,0.11,1.01,0.3,0.008,0.0,,False,False
19:57:01,Baseline,Deep_Learning,2.39,131.04,,,,0.043,False,False
19:57:01,Baseline,Heuristic,0.11,1.01,0.3,0.008,0.0,,False,False
19:57:01,Baseline,Deep_Learning,2.15,131.04,,,,0.012,False,False
19:57:01,Baseline,Heuristic,0.15,1.01,0.301,0.008,0.0,,False,False
19:57:01,Baseline,Deep_Learning,2.22,131.04,,,,0.012,False,False
19:57:01,Baseline,Heuristic,0.1,1.01,0.301,0.007,0.0,,False,False
19:57:01,Baseline,Deep_Learning,2.28,131.26,,,,0.082,False,False
19:57:01,Baseline,Heuristic,0.1,1.01,0.302,0.007,0.0,,False,False
19:57:01,Baseline,Deep_Learning,2.11,131.26,,,,0.082,False,False
19:57:01,Baseline,Heuristic,0.17,1.01,0.302,0.007,0.0,,False,False
19:57:01,Baseline,Deep_Learning,2.54,131.26,,,,0.082,False,False
19:57:01,Baseline,Heuristic,0.11,1.01,0.303,0.007,0.0,,False,False
19:57:01,Baseline,Deep_Learning,2.15,132.27,,,,0.027,False,False
19:57:01,Baseline,Heuristic,0.11,1.01,0.303,0.007,0.0,,False,False
19:57:01,Baseline,Deep_Learning,2.13,132.48,,,,0.016,False,False
19:57:01,Baseline,Heuristic,0.11,1.01,0.304,0.007,0.0,,False,False
19:57:01,Baseline,Deep_Learning,2.23,132.27,,,,0.035,False,False
19:57:01,Baseline,Heuristic,0.1,1.01,0.304,0.007,0.0,,False,False
19:57:01,Baseline,Deep_Learning,2.17,132.48,,,,0.016,False,False
19:57:01,Baseline,Heuristic,0.14,1.01,0.305,0.007,0.0,,False,False
19:57:01,Baseline,Deep_Learning,2.17,132.07,,,,0.324,False,False
19:57:01,Baseline,Heuristic,0.11,1.01,0.305,0.007,0.0,,False,False
19:57:01,Baseline,Deep_Learning,2.28,131.66,,,,0.188,False,False
19:57:02,Baseline,Heuristic,0.11,1.01,0.306,0.007,0.0,,False,False
19:57:02,Baseline,Deep_Learning,2.16,131.09,,,,0.035,False,False
19:57:02,Baseline,Heuristic,0.11,1.01,0.306,0.007,0.0,,False,False
19:57:02,Baseline,Deep_Learning,2.17,131.3,,,,0.016,False,False
19:57:02,Baseline,Heuristic,0.1,1.01,0.307,0.008,0.0,,False,False
19:57:02,Baseline,Deep_Learning,2.19,131.3,,,,0.016,False,False
19:57:02,Baseline,Heuristic,0.11,1.01,0.308,0.009,0.0,,False,False
19:57:02,Baseline,Deep_Learning,2.19,131.3,,,,0.016,False,False
19:57:02,Baseline,Heuristic,0.1,1.01,0.308,0.01,0.0,,False,False
19:57:02,Baseline,Deep_Learning,2.12,130.73,,,,0.977,True,False
19:57:02,Baseline,Heuristic,0.18,1.01,0.309,0.012,0.0,,False,False
19:57:02,Baseline,Deep_Learning,2.12,129.93,,,,0.996,True,False
19:57:02,Baseline,Heuristic,0.1,1.01,0.309,0.014,0.0,,False,False
19:57:02,Baseline,Deep_Learning,2.27,129.74,,,,0.996,True,False
19:57:02,Baseline,Heuristic,0.11,1.01,0.31,0.017,0.0,,False,False
19:57:02,Baseline,Deep_Learning,2.28,128.92,,,,0.996,True,False
19:57:02,Baseline,Heuristic,0.12,1.01,0.31,0.019,0.0,,False,False
19:57:02,Baseline,Deep_Learning,2.25,129.3,,,,0.996,True,False
19:57:02,Baseline,Heuristic,0.1,1.01,0.311,0.022,0.0,,False,False
19:57:02,Baseline,Deep_Learning,2.24,129.67,,,,0.996,True,False
19:57:02,Baseline,Heuristic,0.11,1.01,0.311,0.025,0.0,,False,False
19:57:02,Baseline,Deep_Learning,2.18,129.44,,,,0.363,False,False
19:57:02,Baseline,Heuristic,0.1,1.01,0.311,0.028,0.0,,False,False
19:57:02,Baseline,Deep_Learning,2.29,129.26,,,,0.41,False,False
19:57:02,Baseline,Heuristic,0.1,1.01,0.311,0.031,0.0,,False,False
19:57:02,Baseline,Deep_Learning,2.15,130.62,,,,0.051,False,False
19:57:02,Baseline,Heuristic,0.11,1.01,0.311,0.034,0.0,,False,False
19:57:02,Baseline,Deep_Learning,2.12,130.59,,,,0.188,False,False
19:57:02,Baseline,Heuristic,0.1,1.01,0.31,0.037,0.0,,False,False
19:57:02,Baseline,Deep_Learning,2.11,130.78,,,,0.25,False,False
19:57:02,Baseline,Heuristic,0.13,1.01,0.309,0.04,0.0,,False,False
19:57:02,Baseline,Deep_Learning,2.24,130.96,,,,0.16,False,False
19:57:02,Baseline,Heuristic,0.11,1.01,0.308,0.043,0.0,,False,False
19:57:02,Baseline,Deep_Learning,2.24,131.4,,,,0.035,False,False
19:57:02,Baseline,Heuristic,0.12,1.01,0.307,0.046,0.0,,False,False
19:57:02,Baseline,Deep_Learning,2.18,131.42,,,,0.023,False,False
19:57:02,Baseline,Heuristic,0.11,1.01,0.306,0.049,0.0,,False,False
19:57:02,Baseline,Deep_Learning,2.2,132.05,,,,0.043,False,False
19:57:02,Baseline,Heuristic,0.13,1.01,0.305,0.052,0.0,,False,False
19:57:02,Baseline,Deep_Learning,2.14,132.05,,,,0.059,False,False
19:57:02,Baseline,Heuristic,0.11,1.01,0.304,0.055,0.0,,False,False
19:57:02,Baseline,Deep_Learning,2.13,132.05,,,,0.059,False,False
19:57:02,Baseline,Heuristic,0.11,1.01,0.304,0.057,0.0,,False,False
19:57:02,Baseline,Deep_Learning,2.22,132.27,,,,0.027,False,False
19:57:02,Baseline,Heuristic,0.11,1.01,0.303,0.059,0.0,,False,False
19:57:02,Baseline,Deep_Learning,2.22,132.05,,,,0.043,False,False
19:57:02,Baseline,Heuristic,0.11,1.01,0.303,0.061,0.0,,False,False
19:57:02,Baseline,Deep_Learning,2.25,132.05,,,,0.043,False,False
19:57:02,Baseline,Heuristic,0.11,1.01,0.302,0.063,0.0,,False,False
19:57:02,Baseline,Deep_Learning,2.34,132.05,,,,0.043,False,False
19:57:02,Baseline,Heuristic,0.1,1.01,0.302,0.064,0.0,,False,False
19:57:02,Baseline,Deep_Learning,2.31,132.46,,,,0.02,False,False
19:57:02,Baseline,Heuristic,0.1,1.01,0.302,0.066,0.0,,False,False
19:57:02,Baseline,Deep_Learning,2.26,132.65,,,,0.035,False,False
19:57:03,Baseline,Heuristic,0.12,1.01,0.302,0.067,0.0,,False,False
19:57:03,Baseline,Deep_Learning,2.22,132.65,,,,0.035,False,False
19:57:03,Baseline,Heuristic,0.11,1.01,0.302,0.068,0.0,,False,False
19:57:03,Baseline,Deep_Learning,2.12,132.65,,,,0.035,False,False
19:57:03,Baseline,Heuristic,0.1,1.01,0.302,0.069,0.0,,False,False
19:57:03,Baseline,Deep_Learning,2.16,132.65,,,,0.035,False,False
19:57:03,Baseline,Heuristic,0.16,1.01,0.302,0.07,0.0,,False,False
19:57:03,Baseline,Deep_Learning,2.22,132.87,,,,0.035,False,False
19:57:03,Baseline,Heuristic,0.1,1.01,0.303,0.07,0.0,,False,False
19:57:03,Baseline,Deep_Learning,2.21,132.46,,,,0.027,False,False
19:57:03,Baseline,Heuristic,0.1,1.01,0.303,0.07,0.0,,False,False
19:57:03,Baseline,Deep_Learning,2.1,132.46,,,,0.027,False,False
19:57:03,Baseline,Heuristic,0.11,1.01,0.303,0.07,0.0,,False,False
19:57:03,Baseline,Deep_Learning,2.17,132.46,,,,0.035,False,False
19:57:03,Baseline,Heuristic,0.11,1.01,0.303,0.07,0.0,,False,False
19:57:03,Baseline,Deep_Learning,2.12,132.46,,,,0.035,False,False
19:57:03,Baseline,Heuristic,0.1,1.01,0.303,0.069,0.0,,False,False
19:57:03,Baseline,Deep_Learning,2.17,132.27,,,,0.02,False,False
19:57:03,Baseline,Heuristic,0.11,1.01,0.303,0.069,0.0,,False,False
19:57:03,Baseline,Deep_Learning,2.33,132.05,,,,0.027,False,False
19:57:03,Baseline,Heuristic,0.1,1.01,0.303,0.068,0.0,,False,False
19:57:03,Baseline,Deep_Learning,2.2,132.05,,,,0.051,False,False
19:57:03,Baseline,Heuristic,0.1,1.01,0.304,0.068,0.0,,False,False
19:57:03,Baseline,Deep_Learning,2.11,131.83,,,,0.059,False,False
19:57:03,Baseline,Heuristic,0.32,1.01,0.304,0.067,0.0,,False,False
19:57:03,Baseline,Deep_Learning,2.46,131.83,,,,0.059,False,False
19:57:03,Baseline,Heuristic,0.11,1.01,0.304,0.066,0.0,,False,False
19:57:03,Baseline,Deep_Learning,2.21,131.83,,,,0.059,False,False
19:57:03,Baseline,Heuristic,0.1,1.01,0.304,0.065,0.0,,False,False
19:57:03,Baseline,Deep_Learning,2.19,131.83,,,,0.059,False,False
19:57:03,Baseline,Heuristic,0.19,1.01,0.305,0.064,0.0,,False,False
19:57:03,Baseline,Deep_Learning,2.6,131.83,,,,0.059,False,False
19:57:03,Baseline,Heuristic,0.11,1.01,0.305,0.063,0.0,,False,False
19:57:03,Baseline,Deep_Learning,2.29,131.83,,,,0.035,False,False
19:57:03,Baseline,Heuristic,0.11,1.01,0.305,0.062,0.0,,False,False
19:57:03,Baseline,Deep_Learning,2.25,131.83,,,,0.035,False,False
19:57:03,Baseline,Heuristic,0.11,1.01,0.306,0.061,0.0,,False,False
19:57:03,Baseline,Deep_Learning,2.25,131.83,,,,0.035,False,False
19:57:03,Baseline,Heuristic,0.11,1.01,0.306,0.061,0.0,,False,False
19:57:03,Baseline,Deep_Learning,2.3,132.05,,,,0.043,False,False
19:57:03,Baseline,Heuristic,0.11,1.01,0.306,0.06,0.0,,False,False
19:57:03,Baseline,Deep_Learning,2.26,132.05,,,,0.043,False,False
19:57:03,Baseline,Heuristic,0.11,1.01,0.307,0.059,0.0,,False,False
19:57:03,Baseline,Deep_Learning,2.27,132.05,,,,0.043,False,False
19:57:03,Baseline,Heuristic,0.11,1.01,0.307,0.058,0.0,,False,False
19:57:03,Baseline,Deep_Learning,2.24,132.05,,,,0.051,False,False
19:57:03,Baseline,Heuristic,0.16,1.01,0.307,0.057,0.0,,False,False
19:57:03,Baseline,Deep_Learning,2.35,132.27,,,,0.027,False,False
19:57:03,Baseline,Heuristic,0.11,1.01,0.308,0.057,0.0,,False,False
19:57:03,Baseline,Deep_Learning,2.42,132.27,,,,0.027,False,False
19:57:03,Baseline,Heuristic,0.11,1.01,0.308,0.056,0.0,,False,False
19:57:03,Baseline,Deep_Learning,2.29,132.27,,,,0.082,False,False
19:57:03,Baseline,Heuristic,0.11,1.01,0.308,0.055,0.0,,False,False
19:57:03,Baseline,Deep_Learning,2.19,132.27,,,,0.082,False,False
19:57:03,Baseline,Heuristic,0.11,1.01,0.308,0.055,0.0,,False,False
19:57:03,Baseline,Deep_Learning,2.15,132.27,,,,0.082,False,False
19:57:03,Baseline,Heuristic,0.11,1.01,0.309,0.054,0.0,,False,False
19:57:03,Baseline,Deep_Learning,2.22,131.86,,,,0.043,False,False
19:57:03,Baseline,Heuristic,0.11,1.01,0.309,0.054,0.0,,False,False
19:57:03,Baseline,Deep_Learning,2.2,131.86,,,,0.043,False,False
19:57:03,Baseline,Heuristic,0.1,1.01,0.309,0.053,0.0,,False,False
19:57:03,Baseline,Deep_Learning,2.15,131.86,,,,0.043,False,False
19:57:04,Baseline,Heuristic,0.12,1.01,0.309,0.053,0.0,,False,False
19:57:04,Baseline,Deep_Learning,2.21,131.86,,,,0.098,False,False
19:57:04,Baseline,Heuristic,0.11,1.01,0.309,0.052,0.0,,False,False
19:57:04,Baseline,Deep_Learning,2.24,132.05,,,,0.051,False,False
19:57:04,Baseline,Heuristic,0.1,1.01,0.309,0.052,0.0,,False,False
19:57:04,Baseline,Deep_Learning,2.22,132.05,,,,0.051,False,False
19:57:04,Baseline,Heuristic,0.11,1.01,0.31,0.051,0.0,,False,False
19:57:04,Baseline,Deep_Learning,2.17,132.05,,,,0.059,False,False
19:57:04,Baseline,Heuristic,0.1,1.01,0.31,0.051,0.0,,False,False
19:57:04,Baseline,Deep_Learning,2.23,132.05,,,,0.059,False,False
19:57:04,Baseline,Heuristic,0.11,1.01,0.31,0.05,0.0,,False,False
19:57:04,Baseline,Deep_Learning,2.21,132.05,,,,0.059,False,False
19:57:04,Baseline,Heuristic,0.11,1.01,0.31,0.05,0.0,,False,False
19:57:04,Baseline,Deep_Learning,2.27,132.24,,,,0.117,False,False
19:57:04,Baseline,Heuristic,0.11,1.01,0.31,0.049,0.0,,False,False
19:57:04,Baseline,Deep_Learning,2.19,132.24,,,,0.117,False,False
19:57:04,Baseline,Heuristic,0.11,1.01,0.31,0.049,0.0,,False,False
19:57:04,Baseline,Deep_Learning,2.28,132.24,,,,0.117,False,False
19:57:04,Baseline,Heuristic,0.11,1.01,0.31,0.048,0.0,,False,False
19:57:04,Baseline,Deep_Learning,2.19,132.05,,,,0.098,False,False
19:57:04,Baseline,Heuristic,0.11,1.01,0.31,0.047,0.0,,False,False
19:57:04,Baseline,Deep_Learning,2.17,132.05,,,,0.098,False,False
19:57:04,Baseline,Heuristic,0.11,1.01,0.31,0.047,0.0,,False,False
19:57:04,Baseline,Deep_Learning,2.27,132.05,,,,0.098,False,False
19:57:04,Baseline,Heuristic,0.11,1.01,0.31,0.046,0.0,,False,False
19:57:04,Baseline,Deep_Learning,2.14,132.05,,,,0.098,False,False
19:57:04,Baseline,Heuristic,0.12,1.01,0.31,0.045,0.0,,False,False
19:57:04,Baseline,Deep_Learning,2.27,132.27,,,,0.07,False,False
19:57:04,Baseline,Heuristic,0.17,1.01,0.31,0.045,0.0,,False,False
19:57:04,Baseline,Deep_Learning,2.61,132.27,,,,0.07,False,False
19:57:04,Baseline,Heuristic,0.11,1.01,0.31,0.044,0.0,,False,False
19:57:04,Baseline,Deep_Learning,2.16,132.27,,,,0.16,False,False
19:57:04,Baseline,Heuristic,0.11,1.01,0.31,0.044,0.0,,False,False
19:57:04,Baseline,Deep_Learning,2.2,131.86,,,,0.453,False,False
19:57:04,Baseline,Heuristic,0.1,1.01,0.31,0.043,0.0,,False,False
19:57:04,Baseline,Deep_Learning,2.42,131.86,,,,0.453,False,False
19:57:04,Baseline,Heuristic,0.1,1.01,0.31,0.042,0.0,,False,False
19:57:04,Baseline,Deep_Learning,2.18,131.86,,,,0.215,False,False
19:57:04,Baseline,Heuristic,0.11,1.01,0.31,0.042,0.0,,False,False
19:57:04,Baseline,Deep_Learning,2.14,131.66,,,,0.188,False,False
19:57:04,Baseline,Heuristic,0.11,1.01,0.31,0.041,0.0,,False,False
19:57:04,Baseline,Deep_Learning,2.29,131.66,,,,0.188,False,False
19:57:04,Baseline,Heuristic,0.11,1.01,0.31,0.041,0.0,,False,False
19:57:04,Baseline,Deep_Learning,2.16,131.66,,,,0.16,False,False
19:57:04,Baseline,Heuristic,0.11,1.01,0.31,0.04,0.0,,False,False
19:57:04,Baseline,Deep_Learning,2.16,131.66,,,,0.16,False,False
19:57:04,Baseline,Heuristic,0.11,1.01,0.31,0.04,0.0,,False,False
19:57:04,Baseline,Deep_Learning,2.19,131.66,,,,0.16,False,False
19:57:04,Baseline,Heuristic,0.1,1.01,0.309,0.039,0.0,,False,False
19:57:04,Baseline,Deep_Learning,2.18,131.66,,,,0.215,False,False
19:57:04,Baseline,Heuristic,0.11,1.01,0.309,0.039,0.0,,False,False
19:57:04,Baseline,Deep_Learning,2.17,131.45,,,,0.285,False,False
19:57:04,Baseline,Heuristic,0.11,1.01,0.309,0.038,0.0,,False,False
19:57:04,Baseline,Deep_Learning,2.16,131.45,,,,0.285,False,False
19:57:04,Baseline,Heuristic,0.11,1.01,0.309,0.038,0.0,,False,False
19:57:04,Baseline,Deep_Learning,2.26,131.64,,,,0.098,False,False
19:57:04,Baseline,Heuristic,0.12,1.01,0.309,0.037,0.0,,False,False
19:57:04,Baseline,Deep_Learning,2.19,131.64,,,,0.098,False,False
19:57:05,Baseline,Heuristic,0.11,1.01,0.309,0.037,0.0,,False,False
19:57:05,Baseline,Deep_Learning,2.34,131.64,,,,0.098,False,False
19:57:05,Baseline,Heuristic,0.11,1.01,0.308,0.036,0.0,,False,False
19:57:05,Baseline,Deep_Learning,2.35,131.64,,,,0.082,False,False
19:57:05,Baseline,Heuristic,0.11,1.01,0.308,0.036,0.0,,False,False
19:57:05,Baseline,Deep_Learning,2.27,131.45,,,,0.25,False,False
19:57:05,Baseline,Heuristic,0.11,1.01,0.308,0.035,0.0,,False,False
19:57:05,Baseline,Deep_Learning,2.27,131.45,,,,0.25,False,False
19:57:05,Baseline,Heuristic,0.11,1.01,0.308,0.035,0.0,,False,False
19:57:05,Baseline,Deep_Learning,2.32,131.64,,,,0.117,False,False
19:57:05,Baseline,Heuristic,0.11,1.01,0.308,0.034,0.0,,False,False
19:57:05,Baseline,Deep_Learning,2.28,131.64,,,,0.117,False,False
19:57:05,Baseline,Heuristic,0.11,1.01,0.308,0.034,0.0,,False,False
19:57:05,Baseline,Deep_Learning,2.18,131.64,,,,0.117,False,False
19:57:05,Baseline,Heuristic,0.1,1.01,0.308,0.033,0.0,,False,False
19:57:05,Baseline,Deep_Learning,2.21,131.86,,,,0.215,False,False
19:57:05,Baseline,Heuristic,0.11,1.01,0.307,0.033,0.0,,False,False
19:57:05,Baseline,Deep_Learning,2.09,131.86,,,,0.215,False,False
19:57:05,Baseline,Heuristic,0.1,1.01,0.307,0.032,0.0,,False,False
19:57:05,Baseline,Deep_Learning,2.17,131.86,,,,0.215,False,False
19:57:05,Baseline,Heuristic,0.11,1.01,0.307,0.032,0.0,,False,False
19:57:05,Baseline,Deep_Learning,2.16,131.86,,,,0.5,False,False
19:57:05,Baseline,Heuristic,0.11,1.01,0.307,0.031,0.0,,False,False
19:57:05,Baseline,Deep_Learning,2.16,131.86,,,,0.5,False,False
19:57:05,Baseline,Heuristic,0.11,1.01,0.307,0.031,0.0,,False,False
19:57:05,Baseline,Deep_Learning,2.37,131.86,,,,0.5,False,False
19:57:05,Baseline,Heuristic,0.11,1.01,0.307,0.03,0.0,,False,False
19:57:05,Baseline,Deep_Learning,2.32,131.86,,,,0.051,False,False
19:57:05,Baseline,Heuristic,0.18,1.01,0.307,0.03,0.0,,False,False
19:57:05,Baseline,Deep_Learning,2.32,131.86,,,,0.051,False,False
19:57:05,Baseline,Heuristic,0.11,1.01,0.306,0.029,0.0,,False,False
19:57:05,Baseline,Deep_Learning,2.18,131.86,,,,0.051,False,False
19:57:05,Baseline,Heuristic,0.11,1.01,0.306,0.029,0.0,,False,False
19:57:05,Baseline,Deep_Learning,2.26,131.86,,,,0.059,False,False
19:57:05,Baseline,Heuristic,0.12,1.01,0.306,0.028,0.0,,False,False
19:57:05,Baseline,Deep_Learning,2.14,131.86,,,,0.059,False,False
19:57:05,Baseline,Heuristic,0.1,1.01,0.306,0.028,0.0,,False,False
19:57:05,Baseline,Deep_Learning,2.18,131.86,,,,0.059,False,False
19:57:05,Baseline,Heuristic,0.11,1.01,0.307,0.028,0.0,,False,False
19:57:05,Baseline,Deep_Learning,2.3,131.86,,,,0.188,False,False
19:57:05,Baseline,Heuristic,0.11,1.01,0.307,0.027,0.0,,False,False
19:57:05,Baseline,Deep_Learning,2.34,131.64,,,,0.16,False,False
19:57:05,Baseline,Heuristic,0.11,1.01,0.307,0.027,0.0,,False,False
19:57:05,Baseline,Deep_Learning,2.17,131.64,,,,0.16,False,False
19:57:05,Baseline,Heuristic,0.1,1.01,0.307,0.027,0.0,,False,False
19:57:05,Baseline,Deep_Learning,2.11,131.23,,,,0.363,False,False
19:57:05,Baseline,Heuristic,0.11,1.01,0.307,0.026,0.0,,False,False
19:57:05,Baseline,Deep_Learning,2.17,131.42,,,,0.25,False,False
19:57:05,Baseline,Heuristic,0.1,1.01,0.307,0.026,0.0,,False,False
19:57:05,Baseline,Deep_Learning,2.13,131.42,,,,0.25,False,False
19:57:05,Baseline,Heuristic,0.11,1.01,0.307,0.026,0.0,,False,False
19:57:05,Baseline,Deep_Learning,2.24,131.23,,,,0.035,False,False
19:57:05,Baseline,Heuristic,0.1,1.01,0.307,0.025,0.0,,False,False
19:57:05,Baseline,Deep_Learning,2.19,131.23,,,,0.035,False,False
19:57:05,Baseline,Heuristic,0.11,1.01,0.307,0.025,0.0,,False,False
19:57:05,Baseline,Deep_Learning,2.17,131.02,,,,0.082,False,False
19:57:05,Baseline,Heuristic,0.1,1.01,0.307,0.025,0.0,,False,False
19:57:05,Baseline,Deep_Learning,2.12,131.23,,,,0.051,False,False
19:57:06,Baseline,Heuristic,0.13,1.01,0.308,0.024,0.0,,False,False
19:57:06,Baseline,Deep_Learning,2.37,131.23,,,,0.051,False,False
19:57:06,Baseline,Heuristic,0.1,1.01,0.308,0.024,0.0,,False,False
19:57:06,Baseline,Deep_Learning,2.46,131.23,,,,0.051,False,False
19:57:06,Baseline,Heuristic,0.11,1.01,0.308,0.024,0.0,,False,False
19:57:06,Baseline,Deep_Learning,2.56,131.02,,,,0.215,False,False
19:57:06,Baseline,Heuristic,0.11,1.01,0.308,0.023,0.0,,False,False
19:57:06,Baseline,Deep_Learning,2.47,131.23,,,,0.285,False,False
19:57:06,Baseline,Heuristic,0.1,1.01,0.308,0.023,0.0,,False,False
19:57:06,Baseline,Deep_Learning,2.24,131.23,,,,0.285,False,False
19:57:06,Baseline,Heuristic,0.15,1.01,0.308,0.023,0.0,,False,False
19:57:06,Baseline,Deep_Learning,2.29,131.23,,,,0.027,False,False
19:57:06,Baseline,Heuristic,0.1,1.01,0.309,0.022,0.0,,False,False
19:57:06,Baseline,Deep_Learning,2.25,131.02,,,,0.035,False,False
19:57:06,Baseline,Heuristic,0.11,1.01,0.309,0.022,0.0,,False,False
19:57:06,Baseline,Deep_Learning,2.24,131.02,,,,0.035,False,False
19:57:06,Baseline,Heuristic,0.11,1.01,0.309,0.022,0.0,,False,False
19:57:06,Baseline,Deep_Learning,2.24,130.83,,,,0.059,False,False
19:57:06,Baseline,Heuristic,0.11,1.01,0.309,0.022,0.0,,False,False
19:57:06,Baseline,Deep_Learning,2.44,130.83,,,,0.07,False,False
19:57:06,Baseline,Heuristic,0.11,1.01,0.309,0.021,0.0,,False,False
19:57:06,Baseline,Deep_Learning,2.21,130.83,,,,0.07,False,False
19:57:06,Baseline,Heuristic,0.11,1.01,0.309,0.021,0.0,,False,False
19:57:06,Baseline,Deep_Learning,2.16,130.4,,,,0.035,False,False
19:57:06,Baseline,Heuristic,0.11,1.01,0.309,0.021,0.0,,False,False
19:57:06,Baseline,Deep_Learning,2.19,130.62,,,,0.051,False,False
19:57:06,Baseline,Heuristic,0.1,1.01,0.309,0.021,0.0,,False,False
19:57:06,Baseline,Deep_Learning,2.37,130.62,,,,0.051,False,False
19:57:06,Baseline,Heuristic,0.1,1.01,0.309,0.021,0.0,,False,False
19:57:06,Baseline,Deep_Learning,2.19,130.83,,,,0.035,False,False
19:57:06,Baseline,Heuristic,0.1,1.01,0.31,0.021,0.0,,False,False
19:57:06,Baseline,Deep_Learning,2.19,130.83,,,,0.035,False,False
19:57:06,Baseline,Heuristic,0.1,1.01,0.31,0.02,0.0,,False,False
19:57:06,Baseline,Deep_Learning,2.21,130.64,,,,0.016,False,False
19:57:06,Baseline,Heuristic,0.11,1.01,0.31,0.02,0.0,,False,False
19:57:06,Baseline,Deep_Learning,2.18,130.43,,,,0.215,False,False
19:57:06,Baseline,Heuristic,0.1,1.01,0.31,0.02,0.0,,False,False
19:57:06,Baseline,Deep_Learning,2.22,130.43,,,,0.215,False,False
19:57:06,Baseline,Heuristic,0.11,1.01,0.31,0.02,0.0,,False,False
19:57:06,Baseline,Deep_Learning,2.27,130.64,,,,0.082,False,False
19:57:06,Baseline,Heuristic,0.1,1.01,0.31,0.02,0.0,,False,False
19:57:06,Baseline,Deep_Learning,2.63,130.4,,,,0.137,False,False
19:57:06,Baseline,Heuristic,0.11,1.01,0.31,0.02,0.0,,False,False
19:57:06,Baseline,Deep_Learning,2.14,130.4,,,,0.137,False,False
19:57:06,Baseline,Heuristic,0.13,1.01,0.31,0.02,0.0,,False,False
19:57:06,Baseline,Deep_Learning,2.24,130.4,,,,0.137,False,False
19:57:06,Baseline,Heuristic,0.12,1.01,0.31,0.02,0.0,,False,False
19:57:06,Baseline,Deep_Learning,2.15,130.21,,,,0.637,False,False
19:57:06,Baseline,Heuristic,0.11,1.01,0.31,0.02,0.0,,False,False
19:57:06,Baseline,Deep_Learning,2.29,130.21,,,,0.637,False,False
19:57:06,Baseline,Heuristic,0.11,1.01,0.31,0.019,0.0,,False,False
19:57:06,Baseline,Deep_Learning,2.36,130.21,,,,0.637,False,False
19:57:06,Baseline,Heuristic,0.11,1.01,0.31,0.019,0.0,,False,False
19:57:06,Baseline,Deep_Learning,2.18,130.43,,,,0.324,False,False
19:57:06,Baseline,Heuristic,0.11,1.01,0.311,0.019,0.0,,False,False
19:57:06,Baseline,Deep_Learning,2.32,130.24,,,,0.324,False,False
19:57:06,Baseline,Heuristic,0.11,1.01,0.311,0.019,0.0,,False,False
19:57:06,Baseline,Deep_Learning,2.31,130.03,,,,0.676,False,False
19:57:06,Baseline,Heuristic,0.1,1.01,0.311,0.019,0.0,,False,False
19:57:06,Baseline,Deep_Learning,2.28,130.43,,,,0.84,True,False
19:57:06,Baseline,Heuristic,0.11,1.01,0.311,0.019,0.0,,False,False
19:57:06,Baseline,Deep_Learning,2.16,130.62,,,,0.637,False,False
19:57:07,Baseline,Heuristic,0.11,1.01,0.311,0.019,0.0,,False,False
19:57:07,Baseline,Deep_Learning,2.19,130.62,,,,0.637,False,False
19:57:07,Baseline,Heuristic,0.1,1.01,0.312,0.019,0.0,,False,False
19:57:07,Baseline,Deep_Learning,2.13,130.43,,,,0.41,False,False
19:57:07,Baseline,Heuristic,0.1,1.01,0.312,0.018,0.0,,False,False
19:57:07,Baseline,Deep_Learning,2.35,130.24,,,,0.5,False,False
19:57:07,Baseline,Heuristic,0.1,1.01,0.312,0.018,0.0,,False,False
19:57:07,Baseline,Deep_Learning,2.18,130.24,,,,0.5,False,False
19:57:07,Baseline,Heuristic,0.11,1.01,0.313,0.018,0.0,,False,False
19:57:07,Baseline,Deep_Learning,2.23,130.24,,,,0.16,False,False
19:57:07,Baseline,Heuristic,0.11,1.01,0.313,0.018,0.0,,False,False
19:57:07,Baseline,Deep_Learning,2.21,130.05,,,,0.285,False,False
19:57:07,Baseline,Heuristic,0.11,1.01,0.314,0.018,0.0,,False,False
19:57:07,Baseline,Deep_Learning,2.15,130.05,,,,0.285,False,False
19:57:07,Baseline,Heuristic,0.11,1.01,0.314,0.018,0.0,,False,False
19:57:07,Baseline,Deep_Learning,2.17,130.24,,,,0.715,False,False
19:57:07,Baseline,Heuristic,0.1,1.01,0.314,0.017,0.0,,False,False
19:57:07,Baseline,Deep_Learning,2.3,130.24,,,,0.785,False,False
19:57:07,Baseline,Heuristic,0.1,1.01,0.314,0.017,0.0,,False,False
19:57:07,Baseline,Deep_Learning,2.11,130.43,,,,0.59,False,False
19:57:07,Baseline,Heuristic,0.11,1.01,0.315,0.017,0.0,,False,False
19:57:07,Baseline,Deep_Learning,2.2,130.03,,,,0.965,True,False
19:57:07,Baseline,Heuristic,0.18,1.01,0.315,0.017,0.0,,False,False
19:57:07,Baseline,Deep_Learning,2.26,130.03,,,,0.965,True,False
19:57:07,Baseline,Heuristic,0.15,1.01,0.315,0.016,0.0,,False,False
19:57:07,Baseline,Deep_Learning,2.31,129.84,,,,0.93,True,False
19:57:07,Baseline,Heuristic,0.11,1.01,0.316,0.016,0.0,,False,False
19:57:07,Baseline,Deep_Learning,2.21,130.03,,,,0.324,False,False
19:57:07,Baseline,Heuristic,0.1,1.01,0.316,0.016,0.0,,False,False
19:57:07,Baseline,Deep_Learning,2.13,130.03,,,,0.324,False,False
19:57:07,Baseline,Heuristic,0.1,1.01,0.316,0.016,0.0,,False,False
19:57:07,Baseline,Deep_Learning,2.19,130.03,,,,0.324,False,False
19:57:07,Baseline,Heuristic,0.11,1.01,0.317,0.015,0.0,,False,False
19:57:07,Baseline,Deep_Learning,2.16,130.03,,,,0.59,False,False
19:57:07,Baseline,Heuristic,0.1,1.01,0.317,0.015,0.0,,False,False
19:57:07,Baseline,Deep_Learning,2.17,129.84,,,,0.676,False,False
19:57:07,Baseline,Heuristic,0.1,1.01,0.317,0.015,0.0,,False,False
19:57:07,Baseline,Deep_Learning,2.11,129.84,,,,0.676,False,False
19:57:07,Baseline,Heuristic,0.11,1.01,0.317,0.015,0.0,,False,False
19:57:07,Baseline,Deep_Learning,2.2,129.84,,,,0.5,False,False
19:57:07,Baseline,Heuristic,0.11,1.01,0.317,0.014,0.0,,False,False
19:57:07,Baseline,Deep_Learning,2.31,130.05,,,,0.676,False,False
19:57:07,Baseline,Heuristic,0.11,1.01,0.317,0.014,0.0,,False,False
19:57:07,Baseline,Deep_Learning,2.22,130.05,,,,0.676,False,False
19:57:07,Baseline,Heuristic,0.1,1.01,0.317,0.014,0.0,,False,False
19:57:07,Baseline,Deep_Learning,2.17,129.65,,,,0.93,True,False
19:57:07,Baseline,Heuristic,0.1,1.01,0.317,0.014,0.0,,False,False
19:57:07,Baseline,Deep_Learning,2.24,129.65,,,,0.93,True,False
19:57:07,Baseline,Heuristic,0.11,1.01,0.318,0.013,0.0,,False,False
19:57:07,Baseline,Deep_Learning,2.25,129.65,,,,0.93,True,False
19:57:07,Baseline,Heuristic,0.1,1.01,0.318,0.013,0.0,,False,False
19:57:07,Baseline,Deep_Learning,2.21,129.65,,,,0.324,False,False
19:57:07,Baseline,Heuristic,0.1,1.01,0.318,0.013,0.0,,False,False
19:57:07,Baseline,Deep_Learning,2.16,129.65,,,,0.324,False,False
19:57:07,Baseline,Heuristic,0.22,1.01,0.318,0.013,0.0,,False,False
19:57:07,Baseline,Deep_Learning,3.68,129.44,,,,0.637,False,False
19:57:07,Baseline,Heuristic,0.1,1.01,0.318,0.012,0.0,,False,False
19:57:07,Baseline,Deep_Learning,2.35,129.86,,,,0.637,False,False
19:57:08,Baseline,Heuristic,0.1,1.01,0.318,0.012,0.0,,False,False
19:57:08,Baseline,Deep_Learning,2.14,130.05,,,,0.285,False,False
19:57:08,Baseline,Heuristic,0.11,1.01,0.318,0.012,0.0,,False,False
19:57:08,Baseline,Deep_Learning,2.23,130.05,,,,0.285,False,False
19:57:08,Baseline,Heuristic,0.1,1.01,0.318,0.012,0.0,,False,False
19:57:08,Baseline,Deep_Learning,2.19,129.84,,,,0.41,False,False
19:57:08,Baseline,Heuristic,0.12,1.01,0.318,0.012,0.0,,False,False
19:57:08,Baseline,Deep_Learning,2.27,129.84,,,,0.41,False,False
19:57:08,Baseline,Heuristic,0.1,1.01,0.318,0.011,0.0,,False,False
19:57:08,Baseline,Deep_Learning,2.25,129.84,,,,0.41,False,False
19:57:08,Baseline,Heuristic,0.11,1.01,0.318,0.011,0.0,,False,False
19:57:08,Baseline,Deep_Learning,2.25,129.84,,,,0.547,False,False
19:57:08,Baseline,Heuristic,0.11,1.01,0.318,0.011,0.0,,False,False
19:57:08,Baseline,Deep_Learning,2.16,129.84,,,,0.547,False,False
19:57:08,Baseline,Heuristic,0.14,1.01,0.318,0.011,0.0,,False,False
19:57:08,Baseline,Deep_Learning,2.27,129.84,,,,0.547,False,False
19:57:08,Baseline,Heuristic,0.1,1.01,0.318,0.011,0.0,,False,False
19:57:08,Baseline,Deep_Learning,2.14,129.84,,,,0.5,False,False
19:57:08,Baseline,Heuristic,0.11,1.01,0.318,0.01,0.0,,False,False
19:57:08,Baseline,Deep_Learning,2.2,129.84,,,,0.5,False,False
19:57:08,Baseline,Heuristic,0.11,1.01,0.318,0.01,0.0,,False,False
19:57:08,Baseline,Deep_Learning,2.31,129.84,,,,0.5,False,False
19:57:08,Baseline,Heuristic,0.11,1.01,0.319,0.01,0.0,,False,False
19:57:08,Baseline,Deep_Learning,2.32,129.65,,,,0.75,False,False
19:57:08,Baseline,Heuristic,0.1,1.01,0.319,0.01,0.0,,False,False
19:57:08,Baseline,Deep_Learning,2.16,129.65,,,,0.75,False,False
19:57:08,Baseline,Heuristic,0.13,1.01,0.319,0.01,0.0,,False,False
19:57:08,Baseline,Deep_Learning,2.61,129.65,,,,0.75,False,False
19:57:08,Baseline,Heuristic,0.11,1.01,0.319,0.009,0.0,,False,False
19:57:08,Baseline,Deep_Learning,2.27,129.65,,,,0.676,False,False
19:57:08,Baseline,Heuristic,0.1,1.01,0.319,0.009,0.0,,False,False
19:57:08,Baseline,Deep_Learning,2.16,129.65,,,,0.676,False,False
19:57:08,Baseline,Heuristic,0.11,1.01,0.32,0.009,0.0,,False,False
19:57:08,Baseline,Deep_Learning,2.26,129.65,,,,0.676,False,False
19:57:08,Baseline,Heuristic,0.11,1.01,0.32,0.009,0.0,,False,False
19:57:08,Baseline,Deep_Learning,2.29,129.44,,,,0.215,False,False
19:57:08,Baseline,Heuristic,0.11,1.01,0.32,0.009,0.0,,False,False
19:57:08,Baseline,Deep_Learning,2.18,129.44,,,,0.215,False,False
19:57:08,Baseline,Heuristic,0.11,1.01,0.32,0.009,0.0,,False,False
19:57:08,Baseline,Deep_Learning,2.23,129.63,,,,0.16,False,False
19:57:08,Baseline,Heuristic,0.1,1.01,0.32,0.009,0.0,,False,False
19:57:08,Baseline,Deep_Learning,2.22,129.84,,,,0.215,False,False
19:57:08,Baseline,Heuristic,0.11,1.01,0.321,0.008,0.0,,False,False
19:57:08,Baseline,Deep_Learning,2.49,129.84,,,,0.215,False,False
19:57:08,Baseline,Heuristic,0.1,1.01,0.321,0.008,0.0,,False,False
19:57:08,Baseline,Deep_Learning,2.35,130.05,,,,0.117,False,False
19:57:08,Baseline,Heuristic,0.11,1.01,0.321,0.008,0.0,,False,False
19:57:08,Baseline,Deep_Learning,2.27,130.05,,,,0.059,False,False
19:57:08,Baseline,Heuristic,0.12,1.01,0.321,0.008,0.0,,False,False
19:57:08,Baseline,Deep_Learning,2.28,129.84,,,,0.043,False,False
19:57:08,Baseline,Heuristic,0.11,1.01,0.322,0.008,0.0,,False,False
19:57:08,Baseline,Deep_Learning,2.55,129.84,,,,0.043,False,False
19:57:08,Baseline,Heuristic,0.11,1.01,0.322,0.008,0.0,,False,False
19:57:08,Baseline,Deep_Learning,2.26,129.84,,,,0.098,False,False
19:57:08,Baseline,Heuristic,0.13,1.01,0.322,0.008,0.0,,False,False
19:57:08,Baseline,Deep_Learning,2.4,129.84,,,,0.098,False,False
19:57:08,Baseline,Heuristic,0.11,1.01,0.322,0.008,0.0,,False,False
19:57:08,Baseline,Deep_Learning,2.24,129.84,,,,0.098,False,False
19:57:08,Baseline,Heuristic,0.11,1.01,0.322,0.007,0.0,,False,False
19:57:08,Baseline,Deep_Learning,2.31,129.84,,,,0.547,False,False
19:57:08,Baseline,Heuristic,0.15,1.01,0.322,0.007,0.0,,False,False
19:57:08,Baseline,Deep_Learning,2.5,129.84,,,,0.547,False,False
19:57:09,Baseline,Heuristic,0.11,1.01,0.323,0.007,0.0,,False,False
19:57:09,Baseline,Deep_Learning,2.19,129.84,,,,0.547,False,False
19:57:09,Baseline,Heuristic,0.14,1.01,0.323,0.007,0.0,,False,False
19:57:09,Baseline,Deep_Learning,2.35,129.84,,,,0.41,False,False
19:57:09,Baseline,Heuristic,0.11,1.01,0.323,0.007,0.0,,False,False
19:57:09,Baseline,Deep_Learning,2.27,129.84,,,,0.41,False,False
19:57:09,Baseline,Heuristic,0.12,1.01,0.323,0.007,0.0,,False,False
19:57:09,Baseline,Deep_Learning,2.23,129.84,,,,0.41,False,False
19:57:09,Baseline,Heuristic,0.11,1.01,0.323,0.007,0.0,,False,False
19:57:09,Baseline,Deep_Learning,2.31,129.84,,,,0.215,False,False
19:57:09,Baseline,Heuristic,0.11,1.01,0.323,0.007,0.0,,False,False
19:57:09,Baseline,Deep_Learning,2.28,129.86,,,,0.25,False,False
19:57:09,Baseline,Heuristic,0.11,1.01,0.323,0.007,0.0,,False,False
19:57:09,Baseline,Deep_Learning,2.2,129.86,,,,0.25,False,False
19:57:09,Baseline,Heuristic,0.11,1.01,0.323,0.007,0.0,,False,False
19:57:09,Baseline,Deep_Learning,2.28,129.86,,,,0.547,False,False
19:57:09,Baseline,Heuristic,0.11,1.01,0.323,0.007,0.0,,False,False
19:57:09,Baseline,Deep_Learning,2.31,129.65,,,,0.75,False,False
19:57:09,Baseline,Heuristic,0.11,1.01,0.324,0.006,0.0,,False,False
19:57:09,Baseline,Deep_Learning,2.23,129.65,,,,0.75,False,False
19:57:09,Baseline,Heuristic,0.11,1.01,0.324,0.006,0.0,,False,False
19:57:09,Baseline,Deep_Learning,2.12,129.46,,,,0.812,True,False
19:57:09,Baseline,Heuristic,0.11,1.01,0.324,0.006,0.0,,False,False
19:57:09,Baseline,Deep_Learning,2.21,129.46,,,,0.812,True,False
19:57:09,Baseline,Heuristic,0.11,1.01,0.324,0.006,0.0,,False,False
19:57:09,Baseline,Deep_Learning,2.2,129.46,,,,0.812,True,False
19:57:09,Baseline,Heuristic,0.11,1.01,0.324,0.006,0.0,,False,False
19:57:09,Baseline,Deep_Learning,2.33,129.46,,,,0.41,False,False
19:57:09,Baseline,Heuristic,0.11,1.01,0.324,0.006,0.0,,False,False
19:57:09,Baseline,Deep_Learning,2.28,129.46,,,,0.41,False,False
19:57:09,Baseline,Heuristic,0.11,1.01,0.324,0.006,0.0,,False,False
19:57:09,Baseline,Deep_Learning,2.27,129.65,,,,0.41,False,False
19:57:09,Baseline,Heuristic,0.11,1.01,0.324,0.006,0.0,,False,False
19:57:09,Baseline,Deep_Learning,2.2,129.65,,,,0.715,False,False
19:57:09,Baseline,Heuristic,0.11,1.01,0.324,0.006,0.0,,False,False
19:57:09,Baseline,Deep_Learning,2.58,129.84,,,,0.453,False,False
19:57:09,Baseline,Heuristic,0.11,1.01,0.324,0.006,0.0,,False,False
19:57:09,Baseline,Deep_Learning,2.23,129.84,,,,0.453,False,False
19:57:09,Baseline,Heuristic,0.11,1.01,0.323,0.006,0.0,,False,False
19:57:09,Baseline,Deep_Learning,2.36,129.65,,,,0.812,True,False
19:57:09,Baseline,Heuristic,0.18,1.01,0.323,0.006,0.0,,False,False
19:57:09,Baseline,Deep_Learning,3.66,129.44,,,,0.75,False,False
19:57:09,Baseline,Heuristic,0.13,1.01,0.323,0.005,0.0,,False,False
19:57:09,Baseline,Deep_Learning,2.61,129.44,,,,0.75,False,False
19:57:09,Baseline,Heuristic,0.11,1.01,0.323,0.005,0.0,,False,False
19:57:09,Baseline,Deep_Learning,2.27,129.65,,,,0.676,False,False
19:57:09,Baseline,Heuristic,0.11,1.01,0.324,0.005,0.0,,False,False
19:57:09,Baseline,Deep_Learning,2.3,129.84,,,,0.547,False,False
19:57:09,Baseline,Heuristic,0.12,1.01,0.324,0.005,0.0,,False,False
19:57:09,Baseline,Deep_Learning,2.21,129.84,,,,0.547,False,False
19:57:09,Baseline,Heuristic,0.11,1.01,0.324,0.005,0.0,,False,False
19:57:09,Baseline,Deep_Learning,2.24,129.65,,,,0.863,True,False
19:57:09,Baseline,Heuristic,0.1,1.01,0.323,0.005,0.0,,False,False
19:57:09,Baseline,Deep_Learning,2.11,129.65,,,,0.75,False,False
19:57:09,Baseline,Heuristic,0.1,1.01,0.323,0.005,0.0,,False,False
19:57:09,Baseline,Deep_Learning,2.36,129.65,,,,0.75,False,False
19:57:09,Baseline,Heuristic,0.1,1.01,0.323,0.005,0.0,,False,False
19:57:09,Baseline,Deep_Learning,2.12,129.65,,,,0.25,False,False
19:57:09,Baseline,Heuristic,0.1,1.01,0.322,0.005,0.0,,False,False
19:57:09,Baseline,Deep_Learning,2.19,129.65,,,,0.25,False,False
19:57:10,Baseline,Heuristic,0.11,1.01,0.322,0.005,0.0,,False,False
19:57:10,Baseline,Deep_Learning,2.19,129.65,,,,0.25,False,False
19:57:10,Baseline,Heuristic,0.12,1.01,0.321,0.005,0.0,,False,False
19:57:10,Baseline,Deep_Learning,2.34,129.65,,,,0.863,True,False
19:57:10,Baseline,Heuristic,0.12,1.01,0.321,0.005,0.0,,False,False
19:57:10,Baseline,Deep_Learning,2.32,129.46,,,,0.812,True,False
19:57:10,Baseline,Heuristic,0.14,1.01,0.321,0.005,0.0,,False,False
19:57:10,Baseline,Deep_Learning,3.2,129.65,,,,0.363,False,False
19:57:10,Baseline,Heuristic,0.11,1.01,0.32,0.005,0.0,,False,False
19:57:10,Baseline,Deep_Learning,2.23,129.65,,,,0.785,False,False
19:57:10,Baseline,Heuristic,0.12,1.01,0.32,0.005,0.0,,False,False
19:57:10,Baseline,Deep_Learning,2.18,129.46,,,,0.676,False,False
19:57:10,Baseline,Heuristic,0.11,1.01,0.32,0.005,0.0,,False,False
19:57:10,Baseline,Deep_Learning,2.52,129.46,,,,0.676,False,False
19:57:10,Baseline,Heuristic,0.11,1.01,0.32,0.005,0.0,,False,False
19:57:10,Baseline,Deep_Learning,2.24,129.65,,,,0.637,False,False
19:57:10,Baseline,Heuristic,0.11,1.01,0.319,0.005,0.0,,False,False
19:57:10,Baseline,Deep_Learning,2.26,129.84,,,,0.5,False,False
19:57:10,Baseline,Heuristic,0.1,1.01,0.319,0.005,0.0,,False,False
19:57:10,Baseline,Deep_Learning,2.27,129.84,,,,0.5,False,False
19:57:10,Baseline,Heuristic,0.11,1.01,0.319,0.005,0.0,,False,False
19:57:10,Baseline,Deep_Learning,2.35,129.84,,,,0.25,False,False
19:57:10,Baseline,Heuristic,0.1,1.01,0.318,0.005,0.0,,False,False
19:57:10,Baseline,Deep_Learning,2.21,129.65,,,,0.285,False,False
19:57:10,Baseline,Heuristic,0.11,1.01,0.318,0.004,0.0,,False,False
19:57:10,Baseline,Deep_Learning,2.23,129.65,,,,0.285,False,False
19:57:10,Baseline,Heuristic,0.11,1.01,0.317,0.004,0.0,,False,False
19:57:10,Baseline,Deep_Learning,2.32,129.84,,,,0.973,True,False
19:57:10,Baseline,Heuristic,0.11,1.01,0.317,0.004,0.0,,False,False
19:57:10,Baseline,Deep_Learning,2.52,129.84,,,,0.84,True,False
19:57:10,Baseline,Heuristic,0.11,1.01,0.317,0.004,0.0,,False,False
19:57:10,Baseline,Deep_Learning,2.34,129.63,,,,0.863,True,False
19:57:10,Baseline,Heuristic,0.11,1.01,0.317,0.004,0.0,,False,False
19:57:10,Baseline,Deep_Learning,2.23,130.05,,,,0.5,False,False
19:57:10,Baseline,Heuristic,0.12,1.01,0.317,0.004,0.0,,False,False
19:57:10,Baseline,Deep_Learning,2.36,130.05,,,,0.5,False,False
19:57:10,Baseline,Heuristic,0.11,1.01,0.317,0.004,0.0,,False,False
19:57:10,Baseline,Deep_Learning,2.18,130.24,,,,0.676,False,False
19:57:10,Baseline,Heuristic,0.35,1.01,0.317,0.004,0.0,,False,False
19:57:10,Baseline,Deep_Learning,2.21,130.24,,,,0.59,False,False
19:57:10,Baseline,Heuristic,0.11,1.01,0.317,0.004,0.0,,False,False
19:57:10,Baseline,Deep_Learning,2.23,130.24,,,,0.5,False,False
19:57:10,Baseline,Heuristic,0.11,1.01,0.316,0.004,0.0,,False,False
19:57:10,Baseline,Deep_Learning,2.23,130.24,,,,0.5,False,False
19:57:10,Baseline,Heuristic,0.1,1.01,0.316,0.004,0.0,,False,False
19:57:10,Baseline,Deep_Learning,2.18,129.63,,,,0.215,False,False
19:57:10,Baseline,Heuristic,0.1,1.01,0.316,0.004,0.0,,False,False
19:57:10,Baseline,Deep_Learning,2.25,129.63,,,,0.215,False,False
19:57:10,Baseline,Heuristic,0.11,1.01,0.315,0.004,0.0,,False,False
19:57:10,Baseline,Deep_Learning,2.21,129.63,,,,0.215,False,False
19:57:10,Baseline,Heuristic,0.11,1.01,0.315,0.004,0.0,,False,False
19:57:10,Baseline,Deep_Learning,2.23,129.63,,,,0.676,False,False
19:57:10,Baseline,Heuristic,0.11,1.01,0.315,0.004,0.0,,False,False
19:57:10,Baseline,Deep_Learning,2.15,129.63,,,,0.547,False,False
19:57:10,Baseline,Heuristic,0.1,1.01,0.314,0.004,0.0,,False,False
19:57:10,Baseline,Deep_Learning,2.11,129.84,,,,0.547,False,False
19:57:10,Baseline,Heuristic,0.13,1.01,0.314,0.004,0.0,,False,False
19:57:10,Baseline,Deep_Learning,2.28,130.03,,,,0.59,False,False
19:57:11,Baseline,Heuristic,0.14,1.01,0.314,0.004,0.0,,False,False
19:57:11,Baseline,Deep_Learning,2.15,130.03,,,,0.59,False,False
19:57:11,Baseline,Heuristic,0.12,1.01,0.314,0.004,0.0,,False,False
19:57:11,Baseline,Deep_Learning,2.27,130.03,,,,0.59,False,False
19:57:11,Baseline,Heuristic,0.11,1.01,0.314,0.004,0.0,,False,False
19:57:11,Baseline,Deep_Learning,2.22,130.21,,,,0.637,False,False
19:57:11,Baseline,Heuristic,0.11,1.01,0.314,0.004,0.0,,False,False
19:57:11,Baseline,Deep_Learning,2.29,130.21,,,,0.637,False,False
19:57:11,Baseline,Heuristic,0.11,1.01,0.314,0.004,0.0,,False,False
19:57:11,Baseline,Deep_Learning,2.25,130.03,,,,0.676,False,False
19:57:11,Baseline,Heuristic,0.1,1.01,0.314,0.004,0.0,,False,False
19:57:11,Baseline,Deep_Learning,2.18,130.24,,,,0.676,False,False
19:57:11,Baseline,Heuristic,0.12,1.01,0.314,0.004,0.0,,False,False
19:57:11,Baseline,Deep_Learning,2.19,130.05,,,,0.59,False,False
19:57:11,Baseline,Heuristic,0.11,1.01,0.314,0.004,0.0,,False,False
19:57:11,Baseline,Deep_Learning,2.24,130.05,,,,0.59,False,False
19:57:11,Baseline,Heuristic,0.1,1.01,0.313,0.004,0.0,,False,False
19:57:11,Baseline,Deep_Learning,2.11,129.86,,,,0.285,False,False
19:57:11,Baseline,Heuristic,0.1,1.01,0.313,0.004,0.0,,False,False
19:57:11,Baseline,Deep_Learning,2.25,129.46,,,,0.285,False,False
19:57:11,Baseline,Heuristic,0.11,1.01,0.313,0.004,0.0,,False,False
19:57:11,Baseline,Deep_Learning,2.28,129.65,,,,0.363,False,False
19:57:11,Baseline,Heuristic,0.1,1.01,0.313,0.004,0.0,,False,False
19:57:11,Baseline,Deep_Learning,2.21,129.65,,,,0.941,True,False
19:57:11,Baseline,Heuristic,0.1,1.01,0.313,0.004,0.0,,False,False
19:57:11,Baseline,Deep_Learning,2.17,129.65,,,,0.941,True,False
19:57:11,Baseline,Heuristic,0.1,1.01,0.313,0.004,0.0,,False,False
19:57:11,Baseline,Deep_Learning,2.24,129.44,,,,0.941,True,False
19:57:11,Baseline,Heuristic,0.11,1.01,0.313,0.004,0.0,,False,False
19:57:11,Baseline,Deep_Learning,2.29,129.63,,,,0.715,False,False
19:57:11,Baseline,Heuristic,0.11,1.01,0.313,0.004,0.0,,False,False
19:57:11,Baseline,Deep_Learning,2.29,129.44,,,,0.715,False,False
19:57:11,Baseline,Heuristic,0.1,1.01,0.314,0.004,0.0,,False,False
19:57:11,Baseline,Deep_Learning,2.17,129.44,,,,0.715,False,False
19:57:11,Baseline,Heuristic,0.11,1.01,0.314,0.004,0.0,,False,False
19:57:11,Baseline,Deep_Learning,2.16,129.84,,,,0.25,False,False
19:57:11,Baseline,Heuristic,0.11,1.01,0.314,0.004,0.0,,False,False
19:57:11,Baseline,Deep_Learning,2.14,129.84,,,,0.5,False,False
19:57:11,Baseline,Heuristic,0.11,1.01,0.313,0.004,0.0,,False,False
19:57:11,Baseline,Deep_Learning,2.17,129.65,,,,0.363,False,False
19:57:11,Baseline,Heuristic,0.11,1.01,0.313,0.004,0.0,,False,False
19:57:11,Baseline,Deep_Learning,2.23,129.65,,,,0.117,False,False
19:57:11,Baseline,Heuristic,0.1,1.01,0.313,0.004,0.0,,False,False
19:57:11,Baseline,Deep_Learning,2.24,129.26,,,,0.285,False,False
19:57:11,Baseline,Heuristic,0.11,1.01,0.313,0.004,0.0,,False,False
19:57:11,Baseline,Deep_Learning,2.21,129.26,,,,0.285,False,False
19:57:11,Baseline,Heuristic,0.11,1.01,0.312,0.004,0.0,,False,False
19:57:11,Baseline,Deep_Learning,2.31,129.23,,,,0.941,True,False
19:57:11,Baseline,Heuristic,0.1,1.01,0.312,0.004,0.0,,False,False
19:57:11,Baseline,Deep_Learning,2.25,129.05,,,,0.918,True,False
19:57:11,Baseline,Heuristic,0.11,1.01,0.312,0.004,0.0,,False,False
19:57:11,Baseline,Deep_Learning,2.19,128.84,,,,0.84,True,False
19:57:11,Baseline,Heuristic,0.11,1.01,0.312,0.004,0.0,,False,False
19:57:11,Baseline,Deep_Learning,2.17,129.05,,,,0.863,True,False
19:57:11,Baseline,Heuristic,0.1,1.01,0.312,0.004,0.0,,False,False
19:57:11,Baseline,Deep_Learning,2.19,129.26,,,,0.785,False,False
19:57:11,Baseline,Heuristic,0.1,1.01,0.312,0.004,0.0,,False,False
19:57:11,Baseline,Deep_Learning,2.12,129.44,,,,0.785,False,False
19:57:11,Baseline,Heuristic,0.11,1.01,0.312,0.004,0.0,,False,False
19:57:11,Baseline,Deep_Learning,2.31,129.26,,,,0.5,False,False
19:57:11,Baseline,Heuristic,0.11,1.01,0.312,0.004,0.0,,False,False
19:57:11,Baseline,Deep_Learning,2.18,129.05,,,,0.363,False,False
19:57:12,Baseline,Heuristic,0.11,1.01,0.312,0.004,0.0,,False,False
19:57:12,Baseline,Deep_Learning,2.22,129.05,,,,0.363,False,False
19:57:12,Baseline,Heuristic,0.1,1.01,0.312,0.004,0.0,,False,False
19:57:12,Baseline,Deep_Learning,2.14,129.05,,,,0.453,False,False
19:57:12,Baseline,Heuristic,0.11,1.01,0.312,0.004,0.0,,False,False
19:57:12,Baseline,Deep_Learning,2.25,129.05,,,,0.453,False,False
19:57:12,Baseline,Heuristic,0.11,1.01,0.311,0.004,0.0,,False,False
19:57:12,Baseline,Deep_Learning,2.3,129.05,,,,0.453,False,False
19:57:12,Baseline,Heuristic,0.11,1.01,0.311,0.004,0.0,,False,False
19:57:12,Baseline,Deep_Learning,2.18,129.23,,,,0.93,True,False
19:57:12,Baseline,Heuristic,0.1,1.01,0.311,0.004,0.0,,False,False
19:57:12,Baseline,Deep_Learning,2.48,129.05,,,,0.93,True,False
19:57:12,Baseline,Heuristic,0.11,1.01,0.311,0.004,0.0,,False,False
19:57:12,Baseline,Deep_Learning,2.16,129.05,,,,0.93,True,False
19:57:12,Baseline,Heuristic,0.11,1.01,0.311,0.004,0.0,,False,False
19:57:12,Baseline,Deep_Learning,2.15,129.26,,,,0.59,False,False
19:57:12,Baseline,Heuristic,0.11,1.01,0.31,0.004,0.0,,False,False
19:57:12,Baseline,Deep_Learning,2.17,129.26,,,,0.59,False,False
19:57:12,Baseline,Heuristic,0.19,1.01,0.31,0.004,0.0,,False,False
19:57:12,Baseline,Deep_Learning,2.17,129.26,,,,0.59,False,False
19:57:12,Baseline,Heuristic,0.1,1.01,0.31,0.004,0.0,,False,False
19:57:12,Baseline,Deep_Learning,2.13,129.23,,,,0.285,False,False
19:57:12,Baseline,Heuristic,0.11,1.01,0.31,0.004,0.0,,False,False
19:57:12,Baseline,Deep_Learning,2.24,129.23,,,,0.188,False,False
19:57:12,Baseline,Heuristic,0.1,1.01,0.31,0.004,0.0,,False,False
19:57:12,Baseline,Deep_Learning,2.18,129.23,,,,0.188,False,False
19:57:12,Baseline,Heuristic,0.1,1.01,0.31,0.004,0.0,,False,False
19:57:12,Baseline,Deep_Learning,2.74,129.23,,,,0.012,False,False
19:57:12,Baseline,Heuristic,0.1,1.01,0.31,0.004,0.0,,False,False
19:57:12,Baseline,Deep_Learning,2.22,129.23,,,,0.012,False,False
19:57:12,Baseline,Heuristic,0.11,1.01,0.31,0.004,0.0,,False,False
19:57:12,Baseline,Deep_Learning,2.34,129.23,,,,0.012,False,False
19:57:12,Baseline,Heuristic,0.12,1.01,0.31,0.004,0.0,,False,False
19:57:12,Baseline,Deep_Learning,3.03,129.23,,,,0.547,False,False
19:57:12,Baseline,Heuristic,0.1,1.01,0.31,0.003,0.0,,False,False
19:57:12,Baseline,Deep_Learning,2.11,129.05,,,,0.285,False,False
19:57:12,Baseline,Heuristic,0.12,1.01,0.311,0.003,0.0,,False,False
19:57:12,Baseline,Deep_Learning,2.34,129.05,,,,0.285,False,False
19:57:12,Baseline,Heuristic,0.11,1.01,0.311,0.003,0.0,,False,False
19:57:12,Baseline,Deep_Learning,2.2,129.23,,,,0.082,False,False
19:57:12,Baseline,Heuristic,0.1,1.01,0.311,0.003,0.0,,False,False
19:57:12,Baseline,Deep_Learning,2.17,129.23,,,,0.082,False,False
19:57:12,Baseline,Heuristic,0.1,1.01,0.311,0.003,0.0,,False,False
19:57:12,Baseline,Deep_Learning,2.25,129.44,,,,0.059,False,False
19:57:12,Baseline,Heuristic,0.11,1.01,0.311,0.003,0.0,,False,False
19:57:12,Baseline,Deep_Learning,2.32,129.23,,,,0.941,True,False
19:57:12,Baseline,Heuristic,0.11,1.01,0.311,0.003,0.0,,False,False
19:57:12,Baseline,Deep_Learning,2.66,129.44,,,,0.137,False,False
19:57:12,Baseline,Heuristic,0.1,1.01,0.311,0.003,0.0,,False,False
19:57:12,Baseline,Deep_Learning,2.16,129.44,,,,0.137,False,False
19:57:12,Baseline,Heuristic,0.11,1.01,0.311,0.003,0.0,,False,False
19:57:12,Baseline,Deep_Learning,2.35,129.44,,,,0.059,False,False
19:57:12,Baseline,Heuristic,0.11,1.01,0.312,0.004,0.0,,False,False
19:57:12,Baseline,Deep_Learning,2.35,129.44,,,,0.043,False,False
19:57:12,Baseline,Heuristic,0.1,1.01,0.312,0.004,0.0,,False,False
19:57:12,Baseline,Deep_Learning,2.15,129.44,,,,0.043,False,False
19:57:12,Baseline,Heuristic,0.1,1.01,0.312,0.004,0.0,,False,False
19:57:12,Baseline,Deep_Learning,2.22,129.46,,,,0.676,False,False
19:57:13,Baseline,Heuristic,0.11,1.01,0.312,0.004,0.0,,False,False
19:57:13,Baseline,Deep_Learning,2.39,129.46,,,,0.676,False,False
19:57:13,Baseline,Heuristic,0.11,1.01,0.312,0.004,0.0,,False,False
19:57:13,Baseline,Deep_Learning,2.14,129.67,,,,0.547,False,False
19:57:13,Baseline,Heuristic,0.11,1.01,0.312,0.004,0.0,,False,False
19:57:13,Baseline,Deep_Learning,2.21,129.46,,,,0.117,False,False
19:57:13,Baseline,Heuristic,0.1,1.01,0.312,0.004,0.0,,False,False
19:57:13,Baseline,Deep_Learning,2.15,129.67,,,,0.082,False,False
19:57:13,Baseline,Heuristic,0.11,1.01,0.313,0.004,0.0,,False,False
19:57:13,Baseline,Deep_Learning,2.18,130.07,,,,0.023,False,False
19:57:13,Baseline,Heuristic,0.11,1.01,0.313,0.004,0.0,,False,False
19:57:13,Baseline,Deep_Learning,2.22,130.26,,,,0.0,False,False
19:57:13,Baseline,Heuristic,0.1,1.01,0.313,0.004,0.0,,False,False
19:57:13,Baseline,Deep_Learning,2.18,130.07,,,,0.0,False,False
19:57:13,Baseline,Heuristic,0.1,1.01,0.314,0.004,0.0,,False,False
19:57:13,Baseline,Deep_Learning,2.3,130.26,,,,0.0,False,False
19:57:13,Baseline,Heuristic,0.1,1.01,0.314,0.004,0.0,,False,False
19:57:13,Baseline,Deep_Learning,2.16,130.07,,,,0.0,False,False
19:57:13,Baseline,Heuristic,0.11,1.01,0.314,0.004,0.0,,False,False
19:57:13,Baseline,Deep_Learning,2.23,130.07,,,,0.0,False,False
19:57:13,Baseline,Heuristic,0.11,1.01,0.315,0.004,0.0,,False,False
19:57:13,Baseline,Deep_Learning,2.15,130.07,,,,0.0,False,False
19:57:13,Baseline,Heuristic,0.11,1.01,0.315,0.004,0.0,,False,False
19:57:13,Baseline,Deep_Learning,2.18,129.46,,,,0.02,False,False
19:57:13,Baseline,Heuristic,0.11,1.01,0.315,0.004,0.0,,False,False
19:57:13,Baseline,Deep_Learning,2.13,129.67,,,,0.027,False,False
19:57:13,Baseline,Heuristic,0.11,1.01,0.315,0.004,0.0,,False,False
19:57:13,Baseline,Deep_Learning,2.17,129.67,,,,0.027,False,False
19:57:13,Baseline,Heuristic,0.11,1.01,0.316,0.004,0.0,,False,False
19:57:13,Baseline,Deep_Learning,2.17,128.88,,,,0.324,False,False
19:57:13,Baseline,Heuristic,0.11,1.01,0.316,0.004,0.0,,False,False
19:57:13,Baseline,Deep_Learning,2.37,128.68,,,,0.25,False,False
19:57:13,Baseline,Heuristic,0.1,1.01,0.316,0.004,0.0,,False,False
19:57:13,Baseline,Deep_Learning,2.1,128.49,,,,0.324,False,False
19:57:13,Baseline,Heuristic,0.11,1.01,0.316,0.004,0.0,,False,False
19:57:13,Baseline,Deep_Learning,2.24,128.1,,,,0.453,False,False
19:57:13,Baseline,Heuristic,0.1,1.01,0.317,0.004,0.0,,False,False
19:57:13,Baseline,Deep_Learning,2.17,127.92,,,,0.547,False,False
19:57:13,Baseline,Heuristic,0.11,1.01,0.317,0.004,0.0,,False,False
19:57:13,Baseline,Deep_Learning,2.3,127.92,,,,0.547,False,False
19:57:13,Baseline,Heuristic,0.1,1.01,0.318,0.004,0.0,,False,False
19:57:13,Baseline,Deep_Learning,2.16,127.16,,,,0.547,False,False
19:57:13,Baseline,Heuristic,0.11,1.01,0.318,0.004,0.0,,False,False
19:57:13,Baseline,Deep_Learning,2.24,127.16,,,,0.547,False,False
19:57:13,Baseline,Heuristic,0.11,1.01,0.318,0.004,0.0,,False,False
19:57:13,Baseline,Deep_Learning,2.23,127.16,,,,0.547,False,False
19:57:13,Baseline,Heuristic,0.1,1.01,0.318,0.004,0.0,,False,False
19:57:13,Baseline,Deep_Learning,2.18,126.96,,,,0.918,True,False
19:57:13,Baseline,Heuristic,0.11,1.01,0.319,0.004,0.0,,False,False
19:57:13,Baseline,Deep_Learning,2.19,126.96,,,,0.918,True,False
19:57:13,Baseline,Heuristic,0.11,1.01,0.319,0.004,0.0,,False,False
19:57:13,Baseline,Deep_Learning,2.12,126.96,,,,0.918,True,False
19:57:13,Baseline,Heuristic,0.11,1.01,0.319,0.004,0.0,,False,False
19:57:13,Baseline,Deep_Learning,2.18,126.2,,,,0.863,True,False
19:57:13,Baseline,Heuristic,0.11,1.01,0.319,0.004,0.0,,False,False
19:57:13,Baseline,Deep_Learning,2.24,126.01,,,,0.863,True,False
19:57:13,Baseline,Heuristic,0.13,1.01,0.319,0.004,0.0,,False,False
19:57:13,Baseline,Deep_Learning,2.24,125.82,,,,0.883,True,False
19:57:13,Baseline,Heuristic,0.11,1.01,0.32,0.004,0.0,,False,False
19:57:13,Baseline,Deep_Learning,2.25,124.89,,,,0.812,True,False
19:57:14,Baseline,Heuristic,0.1,1.01,0.32,0.004,0.0,,False,False
19:57:14,Baseline,Deep_Learning,2.18,124.71,,,,0.918,True,False
19:57:14,Baseline,Heuristic,0.11,1.01,0.32,0.004,0.0,,False,False
19:57:14,Baseline,Deep_Learning,2.89,124.71,,,,0.918,True,False
19:57:14,Baseline,Heuristic,0.11,1.01,0.32,0.004,0.0,,False,False
19:57:14,Baseline,Deep_Learning,2.34,124.3,,,,0.59,False,False
19:57:14,Baseline,Heuristic,0.11,1.01,0.321,0.004,0.0,,False,False
19:57:14,Baseline,Deep_Learning,2.23,124.3,,,,0.547,False,False
19:57:14,Baseline,Heuristic,0.1,1.01,0.321,0.004,0.0,,False,False
19:57:14,Baseline,Deep_Learning,2.21,124.13,,,,0.676,False,False
19:57:14,Baseline,Heuristic,0.1,1.01,0.321,0.004,0.0,,False,False
19:57:14,Baseline,Deep_Learning,2.28,123.58,,,,0.75,False,False
19:57:14,Baseline,Heuristic,0.12,1.01,0.322,0.004,0.0,,False,False
19:57:14,Baseline,Deep_Learning,2.35,123.39,,,,0.863,True,False
19:57:14,Baseline,Heuristic,0.1,1.01,0.322,0.004,0.0,,False,False
19:57:14,Baseline,Deep_Learning,2.21,123.22,,,,0.863,True,False
19:57:14,Baseline,Heuristic,0.1,1.01,0.322,0.004,0.0,,False,False
19:57:14,Baseline,Deep_Learning,2.18,122.87,,,,0.59,False,False
19:57:14,Baseline,Heuristic,0.11,1.01,0.322,0.004,0.0,,False,False
19:57:14,Baseline,Deep_Learning,2.39,122.68,,,,0.75,False,False
19:57:14,Baseline,Heuristic,0.17,1.01,0.323,0.004,0.0,,False,False
19:57:14,Baseline,Deep_Learning,2.77,122.68,,,,0.75,False,False
19:57:14,Baseline,Heuristic,0.1,1.01,0.323,0.004,0.0,,False,False
19:57:14,Baseline,Deep_Learning,2.24,121.78,,,,0.59,False,False
19:57:14,Baseline,Heuristic,0.11,1.01,0.323,0.004,0.0,,False,False
19:57:14,Baseline,Deep_Learning,2.29,121.59,,,,0.59,False,False
19:57:14,Baseline,Heuristic,0.1,1.01,0.323,0.004,0.0,,False,False
19:57:14,Baseline,Deep_Learning,2.19,121.59,,,,0.59,False,False
19:57:14,Baseline,Heuristic,0.11,1.01,0.323,0.004,0.0,,False,False
19:57:14,Baseline,Deep_Learning,2.18,121.21,,,,0.023,False,False
19:57:14,Baseline,Heuristic,0.11,1.01,0.324,0.004,0.0,,False,False
19:57:14,Baseline,Deep_Learning,2.43,121.03,,,,0.043,False,False
19:57:14,Baseline,Heuristic,0.1,1.01,0.324,0.004,0.0,,False,False
19:57:14,Baseline,Deep_Learning,2.14,121.03,,,,0.043,False,False
19:57:14,Baseline,Heuristic,0.1,1.01,0.324,0.004,0.0,,False,False
19:57:14,Baseline,Deep_Learning,2.18,122.68,,,,0.996,True,False
19:57:14,Baseline,Heuristic,0.11,1.01,0.324,0.004,0.0,,False,False
19:57:14,Baseline,Deep_Learning,2.22,122.84,,,,0.996,True,False
19:57:14,Baseline,Heuristic,0.1,1.01,0.324,0.004,0.0,,False,False
19:57:14,Baseline,Deep_Learning,2.25,123.01,,,,0.996,True,False
19:57:14,Baseline,Heuristic,0.11,1.01,0.324,0.004,0.0,,False,False
19:57:14,Baseline,Deep_Learning,2.3,122.88,,,,0.984,True,False
19:57:14,Baseline,Heuristic,0.11,1.01,0.324,0.004,0.0,,False,False
19:57:14,Baseline,Deep_Learning,2.28,122.21,,,,0.996,True,False
19:57:14,Baseline,Heuristic,0.12,1.01,0.323,0.004,0.0,,False,False
19:57:14,Baseline,Deep_Learning,2.28,122.21,,,,0.996,True,False
19:57:14,Baseline,Heuristic,0.1,1.01,0.322,0.005,0.0,,False,False
19:57:14,Baseline,Deep_Learning,2.24,122.24,,,,0.988,True,False
19:57:14,Baseline,Heuristic,0.1,1.01,0.321,0.005,0.0,,False,False
19:57:14,Baseline,Deep_Learning,2.22,122.79,,,,0.992,True,False
19:57:14,Baseline,Heuristic,0.11,1.01,0.321,0.005,0.0,,False,False
19:57:14,Baseline,Deep_Learning,2.34,122.62,,,,0.996,True,False
19:57:14,Baseline,Heuristic,0.12,1.01,0.32,0.005,0.0,,False,False
19:57:14,Baseline,Deep_Learning,2.24,122.84,,,,0.324,False,False
19:57:14,Baseline,Heuristic,0.11,1.01,0.319,0.005,0.0,,False,False
19:57:14,Baseline,Deep_Learning,2.24,123.18,,,,0.285,False,False
19:57:14,Baseline,Heuristic,0.1,1.01,0.319,0.006,0.0,,False,False
19:57:14,Baseline,Deep_Learning,2.25,123.37,,,,0.5,False,False
19:57:14,Baseline,Heuristic,0.11,1.01,0.319,0.006,0.0,,False,False
19:57:14,Baseline,Deep_Learning,2.25,122.89,,,,0.785,False,False
19:57:15,Baseline,Heuristic,0.11,1.01,0.32,0.006,0.0,,False,False
19:57:15,Baseline,Deep_Learning,2.18,122.51,,,,0.918,True,False
19:57:15,Baseline,Heuristic,0.11,1.01,0.32,0.006,0.0,,False,False
19:57:15,Baseline,Deep_Learning,2.26,122.34,,,,0.941,True,False
19:57:15,Baseline,Heuristic,0.11,1.01,0.321,0.006,0.0,,False,False
19:57:15,Baseline,Deep_Learning,2.35,124.3,,,,0.0,False,False
19:57:15,Baseline,Heuristic,0.11,1.01,0.322,0.006,0.0,,False,False
19:57:15,Baseline,Deep_Learning,2.34,125.24,,,,0.0,False,False
19:57:15,Baseline,Heuristic,0.1,1.01,0.322,0.007,0.0,,False,False
19:57:15,Baseline,Deep_Learning,2.2,125.42,,,,0.0,False,False
19:57:15,Baseline,Heuristic,0.11,1.01,0.323,0.007,0.0,,False,False
19:57:15,Baseline,Deep_Learning,2.3,125.44,,,,0.0,False,False
19:57:15,Baseline,Heuristic,0.11,1.01,0.324,0.007,0.0,,False,False
19:57:15,Baseline,Deep_Learning,2.37,127.69,,,,0.0,False,False
19:57:15,Baseline,Heuristic,0.13,1.01,0.325,0.007,0.0,,False,False
19:57:15,Baseline,Deep_Learning,2.31,127.89,,,,0.0,False,False
19:57:15,Baseline,Heuristic,0.1,1.01,0.326,0.006,0.0,,False,False
19:57:15,Baseline,Deep_Learning,2.16,132.07,,,,0.0,False,False
19:57:15,Baseline,Heuristic,0.1,1.01,0.327,0.006,0.0,,False,False
19:57:15,Baseline,Deep_Learning,2.4,132.46,,,,0.0,False,False
19:57:15,Baseline,Heuristic,0.11,1.01,0.328,0.006,0.0,,False,False
19:57:15,Baseline,Deep_Learning,2.19,132.89,,,,0.0,False,False
19:57:15,Baseline,Heuristic,0.11,1.01,0.329,0.006,0.0,,False,False
19:57:15,Baseline,Deep_Learning,2.27,137.35,,,,0.023,False,False
19:57:15,Baseline,Heuristic,0.11,1.01,0.329,0.006,0.0,,False,False
19:57:15,Baseline,Deep_Learning,2.16,139.05,,,,0.012,False,False
19:57:15,Baseline,Heuristic,0.12,1.01,0.33,0.006,0.0,,False,False
19:57:15,Baseline,Deep_Learning,2.19,139.05,,,,0.012,False,False
19:57:15,Baseline,Heuristic,0.1,1.01,0.33,0.006,0.0,,False,False
19:57:15,Baseline,Deep_Learning,2.13,148.25,,,,0.5,False,False
19:57:15,Baseline,Heuristic,0.11,1.01,0.331,0.006,0.0,,False,False
19:57:15,Baseline,Deep_Learning,2.24,151.86,,,,0.5,False,False
19:57:15,Baseline,Heuristic,0.11,1.01,0.331,0.006,0.0,,False,False
19:57:15,Baseline,Deep_Learning,2.23,152.33,,,,0.547,False,False
19:57:15,Baseline,Heuristic,0.1,1.01,0.331,0.006,0.0,,False,False
19:57:15,Baseline,Deep_Learning,2.2,152.59,,,,0.363,False,False
19:57:15,Baseline,Heuristic,0.1,1.01,0.332,0.006,0.0,,False,False
19:57:15,Baseline,Deep_Learning,2.21,162.44,,,,0.957,True,False
19:57:15,Baseline,Heuristic,0.11,1.01,0.332,0.006,0.0,,False,False
19:57:15,Baseline,Deep_Learning,2.33,165.07,,,,0.957,True,False
19:57:15,Baseline,Heuristic,0.1,1.01,0.332,0.005,0.0,,False,False
19:57:15,Baseline,Deep_Learning,2.04,173.76,,,,0.0,False,False
19:57:15,Baseline,Heuristic,0.11,1.01,0.332,0.005,0.0,,False,False
19:57:15,Baseline,Deep_Learning,2.05,172.57,,,,0.008,False,False
19:57:15,Baseline,Heuristic,0.11,1.01,0.333,0.005,0.0,,False,False
19:57:15,Baseline,Deep_Learning,2.31,172.57,,,,0.027,False,False
19:57:15,Baseline,Heuristic,0.11,1.01,0.333,0.005,0.0,,False,False
19:57:15,Baseline,Deep_Learning,2.11,169.43,,,,0.098,False,False
19:57:15,Baseline,Heuristic,0.1,1.01,0.333,0.005,0.0,,False,False
19:57:15,Baseline,Deep_Learning,2.03,169.43,,,,0.137,False,False
19:57:15,Baseline,Heuristic,0.11,1.01,0.333,0.005,0.0,,False,False
19:57:15,Baseline,Deep_Learning,2.25,169.43,,,,0.137,False,False
19:57:15,Baseline,Heuristic,0.1,1.01,0.333,0.005,0.0,,False,False
19:57:15,Baseline,Deep_Learning,2.16,165.59,,,,0.324,False,False
19:57:15,Baseline,Heuristic,0.1,1.01,0.334,0.005,0.0,,False,False
19:57:15,Baseline,Deep_Learning,2.08,163.92,,,,0.785,False,False
19:57:15,Baseline,Heuristic,0.1,1.01,0.334,0.005,0.0,,False,False
19:57:15,Baseline,Deep_Learning,3.13,163.67,,,,0.676,False,False
19:57:15,Baseline,Heuristic,0.1,1.01,0.334,0.005,0.0,,False,False
19:57:15,Baseline,Deep_Learning,2.15,163.38,,,,0.812,True,False
19:57:15,Baseline,Heuristic,0.11,1.01,0.334,0.005,0.0,,False,False
19:57:15,Baseline,Deep_Learning,2.21,156.42,,,,0.988,True,False
19:57:16,Baseline,Heuristic,0.1,1.01,0.334,0.005,0.0,,False,False
19:57:16,Baseline,Deep_Learning,2.16,155.94,,,,0.996,True,False
19:57:16,Baseline,Heuristic,0.11,1.01,0.333,0.005,0.0,,False,False
19:57:16,Baseline,Deep_Learning,2.15,150.51,,,,0.949,True,False
19:57:16,Baseline,Heuristic,0.11,1.01,0.333,0.005,0.0,,False,False
19:57:16,Baseline,Deep_Learning,2.28,150.58,,,,0.988,True,False
19:57:16,Baseline,Heuristic,0.1,1.01,0.332,0.005,0.0,,False,False
19:57:16,Baseline,Deep_Learning,2.24,150.58,,,,0.988,True,False
19:57:16,Baseline,Heuristic,0.1,1.01,0.332,0.006,0.0,,False,False
19:57:16,Baseline,Deep_Learning,2.21,147.38,,,,0.98,True,False
19:57:16,Baseline,Heuristic,0.1,1.01,0.332,0.006,0.0,,False,False
19:57:16,Baseline,Deep_Learning,2.16,147.9,,,,0.988,True,False
19:57:16,Baseline,Heuristic,0.1,1.01,0.331,0.006,0.0,,False,False
19:57:16,Baseline,Deep_Learning,2.19,147.9,,,,0.988,True,False
19:57:16,Baseline,Heuristic,0.11,1.01,0.331,0.007,0.0,,False,False
19:57:16,Baseline,Deep_Learning,2.26,147.04,,,,0.941,True,False
19:57:16,Baseline,Heuristic,0.1,1.01,0.33,0.007,0.0,,False,False
19:57:16,Baseline,Deep_Learning,2.18,146.84,,,,0.957,True,False
19:57:16,Baseline,Heuristic,0.1,1.01,0.33,0.007,0.0,,False,False
19:57:16,Baseline,Deep_Learning,2.21,147.29,,,,0.863,True,False
19:57:16,Baseline,Heuristic,0.12,1.01,0.329,0.007,0.0,,False,False
19:57:16,Baseline,Deep_Learning,2.48,147.06,,,,0.902,True,False
19:57:16,Baseline,Heuristic,0.1,1.01,0.328,0.007,0.0,,False,False
19:57:16,Baseline,Deep_Learning,2.27,145.62,,,,0.324,False,False
19:57:16,Baseline,Heuristic,0.11,1.01,0.328,0.007,0.0,,False,False
19:57:16,Baseline,Deep_Learning,2.26,145.4,,,,0.41,False,False
19:57:16,Baseline,Heuristic,0.11,1.01,0.327,0.007,0.0,,False,False
19:57:16,Baseline,Deep_Learning,2.29,145.87,,,,0.59,False,False
19:57:16,Baseline,Heuristic,0.1,1.01,0.326,0.008,0.0,,False,False
19:57:16,Baseline,Deep_Learning,2.19,146.31,,,,0.547,False,False
19:57:16,Baseline,Heuristic,0.14,1.01,0.326,0.008,0.0,,False,False
19:57:16,Baseline,Deep_Learning,2.44,146.09,,,,0.324,False,False
19:57:16,Baseline,Heuristic,0.11,1.01,0.325,0.008,0.0,,False,False
19:57:16,Baseline,Deep_Learning,2.27,146.56,,,,0.902,True,False
19:57:16,Baseline,Heuristic,0.11,1.01,0.324,0.008,0.0,,False,False
19:57:16,Baseline,Deep_Learning,2.28,147.26,,,,0.84,True,False
19:57:16,Baseline,Heuristic,0.12,1.01,0.324,0.008,0.0,,False,False
19:57:16,Baseline,Deep_Learning,2.33,146.79,,,,0.863,True,False
19:57:16,Baseline,Heuristic,0.1,1.01,0.323,0.008,0.0,,False,False
19:57:16,Baseline,Deep_Learning,2.23,148.64,,,,0.137,False,False
19:57:16,Baseline,Heuristic,0.11,1.01,0.323,0.008,0.0,,False,False
19:57:16,Baseline,Deep_Learning,2.25,149.15,,,,0.051,False,False
19:57:16,Baseline,Heuristic,0.11,1.01,0.322,0.008,0.0,,False,False
19:57:16,Baseline,Deep_Learning,2.3,148.93,,,,0.02,False,False
19:57:16,Baseline,Heuristic,0.11,1.01,0.322,0.009,0.0,,False,False
19:57:16,Baseline,Deep_Learning,2.39,149.18,,,,0.016,False,False
19:57:16,Baseline,Heuristic,0.1,1.01,0.322,0.009,0.0,,False,False
19:57:16,Baseline,Deep_Learning,2.26,149.44,,,,0.41,False,False
19:57:16,Baseline,Heuristic,0.1,1.01,0.322,0.009,0.0,,False,False
19:57:16,Baseline,Deep_Learning,2.21,149.47,,,,0.215,False,False
19:57:16,Baseline,Heuristic,0.1,1.01,0.321,0.009,0.0,,False,False
19:57:16,Baseline,Deep_Learning,2.17,149.87,,,,0.035,False,False
19:57:16,Baseline,Heuristic,0.1,1.01,0.321,0.009,0.0,,False,False
19:57:16,Baseline,Deep_Learning,2.85,150.64,,,,0.02,False,False
19:57:16,Baseline,Heuristic,0.13,1.01,0.321,0.009,0.0,,False,False
19:57:16,Baseline,Deep_Learning,2.45,150.64,,,,0.02,False,False
19:57:16,Baseline,Heuristic,0.11,1.01,0.321,0.009,0.0,,False,False
19:57:16,Baseline,Deep_Learning,2.2,151.86,,,,0.004,False,False
19:57:17,Baseline,Heuristic,0.15,1.01,0.32,0.009,0.0,,False,False
19:57:17,Baseline,Deep_Learning,2.24,152.12,,,,0.004,False,False
19:57:17,Baseline,Heuristic,0.11,1.01,0.32,0.009,0.0,,False,False
19:57:17,Baseline,Deep_Learning,2.25,152.12,,,,0.004,False,False
19:57:17,Baseline,Heuristic,0.11,1.01,0.32,0.009,0.0,,False,False
19:57:17,Baseline,Deep_Learning,2.21,152.12,,,,0.043,False,False
19:57:17,Baseline,Heuristic,0.11,1.01,0.319,0.009,0.0,,False,False
19:57:17,Baseline,Deep_Learning,2.21,152.12,,,,0.043,False,False
19:57:17,Baseline,Heuristic,0.11,1.01,0.319,0.009,0.0,,False,False
19:57:17,Baseline,Deep_Learning,2.29,152.12,,,,0.043,False,False
19:57:17,Baseline,Heuristic,0.12,1.01,0.318,0.009,0.0,,False,False
19:57:17,Baseline,Deep_Learning,2.32,151.89,,,,0.098,False,False
19:57:17,Baseline,Heuristic,0.11,1.01,0.318,0.009,0.0,,False,False
19:57:17,Baseline,Deep_Learning,2.42,152.65,,,,0.188,False,False
19:57:17,Baseline,Heuristic,0.11,1.01,0.318,0.009,0.0,,False,False
19:57:17,Baseline,Deep_Learning,2.29,152.88,,,,0.004,False,False
19:57:17,Baseline,Heuristic,0.11,1.01,0.318,0.009,0.0,,False,False
19:57:17,Baseline,Deep_Learning,2.28,151.92,,,,0.059,False,False
19:57:17,Baseline,Heuristic,0.11,1.01,0.318,0.009,0.0,,False,False
19:57:17,Baseline,Deep_Learning,2.39,151.42,,,,0.082,False,False
19:57:17,Baseline,Heuristic,0.13,1.01,0.318,0.009,0.0,,False,False
19:57:17,Baseline,Deep_Learning,2.35,151.42,,,,0.082,False,False
19:57:17,Baseline,Heuristic,0.11,1.01,0.318,0.008,0.0,,False,False
19:57:17,Baseline,Deep_Learning,2.41,150.93,,,,0.035,False,False
19:57:17,Baseline,Heuristic,0.11,1.01,0.318,0.008,0.0,,False,False
19:57:17,Baseline,Deep_Learning,2.17,151.42,,,,0.023,False,False
19:57:17,Baseline,Heuristic,0.11,1.01,0.318,0.008,0.0,,False,False
19:57:17,Baseline,Deep_Learning,2.68,151.66,,,,0.02,False,False
19:57:17,Baseline,Heuristic,0.11,1.01,0.318,0.008,0.0,,False,False
19:57:17,Baseline,Deep_Learning,2.17,151.66,,,,0.02,False,False
19:57:17,Baseline,Heuristic,0.11,1.01,0.317,0.008,0.0,,False,False
19:57:17,Baseline,Deep_Learning,2.31,151.89,,,,0.051,False,False
19:57:17,Baseline,Heuristic,0.12,1.01,0.317,0.008,0.0,,False,False
19:57:17,Baseline,Deep_Learning,2.16,152.15,,,,0.02,False,False
19:57:17,Baseline,Heuristic,0.1,1.01,0.317,0.009,0.0,,False,False
19:57:17,Baseline,Deep_Learning,2.14,152.12,,,,0.0,False,False
19:57:17,Baseline,Heuristic,0.18,1.01,0.317,0.009,0.0,,False,False
19:57:17,Baseline,Deep_Learning,2.16,152.15,,,,0.004,False,False
19:57:17,Baseline,Heuristic,0.11,1.01,0.317,0.009,0.0,,False,False
19:57:17,Baseline,Deep_Learning,2.2,151.89,,,,0.004,False,False
19:57:17,Baseline,Heuristic,0.1,1.01,0.317,0.009,0.0,,False,False
19:57:17,Baseline,Deep_Learning,2.2,151.16,,,,0.008,False,False
19:57:17,Baseline,Heuristic,0.1,1.01,0.317,0.009,0.0,,False,False
19:57:17,Baseline,Deep_Learning,2.22,151.16,,,,0.008,False,False
19:57:17,Baseline,Heuristic,0.1,1.01,0.317,0.009,0.0,,False,False
19:57:17,Baseline,Deep_Learning,2.17,151.4,,,,0.004,False,False
19:57:17,Baseline,Heuristic,0.1,1.01,0.316,0.009,0.0,,False,False
19:57:17,Baseline,Deep_Learning,2.42,151.4,,,,0.004,False,False
19:57:17,Baseline,Heuristic,0.1,1.01,0.316,0.009,0.0,,False,False
19:57:17,Baseline,Deep_Learning,2.29,151.16,,,,0.0,False,False
19:57:17,Baseline,Heuristic,0.1,1.01,0.316,0.009,0.0,,False,False
19:57:17,Baseline,Deep_Learning,2.13,151.16,,,,0.0,False,False
19:57:17,Baseline,Heuristic,0.13,1.01,0.316,0.009,0.0,,False,False
19:57:17,Baseline,Deep_Learning,2.31,151.19,,,,0.0,False,False
19:57:17,Baseline,Heuristic,0.1,1.01,0.316,0.009,0.0,,False,False
19:57:17,Baseline,Deep_Learning,2.15,151.42,,,,0.02,False,False
19:57:17,Baseline,Heuristic,0.1,1.01,0.316,0.009,0.0,,False,False
19:57:17,Baseline,Deep_Learning,2.21,151.66,,,,0.012,False,False
19:57:18,Baseline,Heuristic,0.1,1.01,0.316,0.009,0.0,,False,False
19:57:18,Baseline,Deep_Learning,2.22,152.41,,,,0.004,False,False
19:57:18,Baseline,Heuristic,0.1,1.01,0.316,0.009,0.0,,False,False
19:57:18,Baseline,Deep_Learning,2.49,151.92,,,,0.004,False,False
19:57:18,Baseline,Heuristic,0.1,1.01,0.316,0.009,0.0,,False,False
19:57:18,Baseline,Deep_Learning,2.16,151.92,,,,0.004,False,False
19:57:18,Baseline,Heuristic,0.11,1.01,0.315,0.009,0.0,,False,False
19:57:18,Baseline,Deep_Learning,2.24,151.92,,,,0.023,False,False
19:57:18,Baseline,Heuristic,0.11,1.01,0.315,0.009,0.0,,False,False
19:57:18,Baseline,Deep_Learning,2.21,151.68,,,,0.07,False,False
19:57:18,Baseline,Heuristic,0.11,1.01,0.315,0.009,0.0,,False,False
19:57:18,Baseline,Deep_Learning,2.84,151.92,,,,0.051,False,False
19:57:18,Baseline,Heuristic,0.11,1.01,0.315,0.009,0.0,,False,False
19:57:18,Baseline,Deep_Learning,2.21,151.66,,,,0.059,False,False
19:57:18,Baseline,Heuristic,0.11,1.01,0.315,0.009,0.0,,False,False
19:57:18,Baseline,Deep_Learning,2.17,151.42,,,,0.137,False,False
19:57:18,Baseline,Heuristic,0.11,1.01,0.315,0.009,0.0,,False,False
19:57:18,Baseline,Deep_Learning,2.58,151.42,,,,0.137,False,False
19:57:18,Baseline,Heuristic,0.11,1.01,0.315,0.009,0.0,,False,False
19:57:18,Baseline,Deep_Learning,2.23,151.42,,,,0.137,False,False
19:57:18,Baseline,Heuristic,0.1,1.01,0.315,0.009,0.0,,False,False
19:57:18,Baseline,Deep_Learning,2.22,151.16,,,,0.004,False,False
19:57:18,Baseline,Heuristic,0.11,1.01,0.315,0.009,0.0,,False,False
19:57:18,Baseline,Deep_Learning,2.2,151.4,,,,0.004,False,False
19:57:18,Baseline,Heuristic,0.1,1.01,0.315,0.009,0.0,,False,False
19:57:18,Baseline,Deep_Learning,2.15,151.4,,,,0.016,False,False
19:57:18,Baseline,Heuristic,0.12,1.01,0.315,0.009,0.0,,False,False
19:57:18,Baseline,Deep_Learning,2.26,151.4,,,,0.016,False,False
19:57:18,Baseline,Heuristic,0.18,1.01,0.315,0.009,0.0,,False,False
19:57:18,Baseline,Deep_Learning,3.3,151.4,,,,0.016,False,False
19:57:18,Baseline,Heuristic,0.1,1.01,0.315,0.009,0.0,,False,False
19:57:18,Baseline,Deep_Learning,2.2,151.4,,,,0.004,False,False
19:57:18,Baseline,Heuristic,0.11,1.01,0.315,0.009,0.0,,False,False
19:57:18,Baseline,Deep_Learning,2.19,151.4,,,,0.004,False,False
19:57:18,Baseline,Heuristic,0.1,1.01,0.315,0.009,0.0,,False,False
19:57:18,Baseline,Deep_Learning,2.62,151.66,,,,0.016,False,False
19:57:18,Baseline,Heuristic,0.11,1.01,0.315,0.009,0.0,,False,False
19:57:18,Baseline,Deep_Learning,2.26,151.66,,,,0.016,False,False
19:57:18,Baseline,Heuristic,0.11,1.01,0.315,0.009,0.0,,False,False
19:57:18,Baseline,Deep_Learning,2.24,151.42,,,,0.02,False,False
19:57:18,Baseline,Heuristic,0.11,1.01,0.315,0.009,0.0,,False,False
19:57:18,Baseline,Deep_Learning,2.24,151.42,,,,0.02,False,False
19:57:18,Baseline,Heuristic,0.36,1.01,0.315,0.009,0.0,,False,False
19:57:18,Baseline,Deep_Learning,2.78,151.42,,,,0.02,False,False
19:57:18,Baseline,Heuristic,0.1,1.01,0.315,0.009,0.0,,False,False
19:57:18,Baseline,Deep_Learning,2.13,151.16,,,,0.043,False,False
19:57:18,Baseline,Heuristic,0.1,1.01,0.315,0.009,0.0,,False,False
19:57:18,Baseline,Deep_Learning,2.16,151.4,,,,0.02,False,False
19:57:18,Baseline,Heuristic,0.1,1.01,0.315,0.009,0.0,,False,False
19:57:18,Baseline,Deep_Learning,2.2,151.4,,,,0.027,False,False
19:57:18,Baseline,Heuristic,0.1,1.01,0.315,0.009,0.0,,False,False
19:57:18,Baseline,Deep_Learning,2.13,151.16,,,,0.035,False,False
19:57:18,Baseline,Heuristic,0.11,1.01,0.315,0.009,0.0,,False,False
19:57:18,Baseline,Deep_Learning,2.12,151.16,,,,0.035,False,False
19:57:18,Baseline,Heuristic,0.1,1.01,0.315,0.009,0.0,,False,False
19:57:18,Baseline,Deep_Learning,2.21,151.42,,,,0.004,False,False
19:57:19,Baseline,Heuristic,0.11,1.01,0.315,0.009,0.0,,False,False
19:57:19,Baseline,Deep_Learning,2.16,151.42,,,,0.004,False,False
19:57:19,Baseline,Heuristic,0.11,1.01,0.316,0.009,0.0,,False,False
19:57:19,Baseline,Deep_Learning,2.22,151.42,,,,0.004,False,False
19:57:19,Baseline,Heuristic,0.1,1.01,0.316,0.009,0.0,,False,False
19:57:19,Baseline,Deep_Learning,2.15,151.42,,,,0.004,False,False
19:57:19,Baseline,Heuristic,0.11,1.01,0.316,0.009,0.0,,False,False
19:57:19,Baseline,Deep_Learning,2.24,151.16,,,,0.082,False,False
19:57:19,Baseline,Heuristic,0.1,1.01,0.316,0.009,0.0,,False,False
19:57:19,Baseline,Deep_Learning,2.23,151.16,,,,0.285,False,False
19:57:19,Baseline,Heuristic,0.11,1.01,0.316,0.009,0.0,,False,False
19:57:19,Baseline,Deep_Learning,2.21,151.4,,,,0.25,False,False
19:57:19,Baseline,Heuristic,0.11,1.01,0.316,0.009,0.0,,False,False
19:57:19,Baseline,Deep_Learning,2.15,151.63,,,,0.016,False,False
19:57:19,Baseline,Heuristic,0.1,1.01,0.316,0.009,0.0,,False,False
19:57:19,Baseline,Deep_Learning,2.16,151.4,,,,0.027,False,False
19:57:19,Baseline,Heuristic,0.1,1.01,0.316,0.009,0.0,,False,False
19:57:19,Baseline,Deep_Learning,2.14,151.4,,,,0.051,False,False
19:57:19,Baseline,Heuristic,0.11,1.01,0.316,0.009,0.0,,False,False
19:57:19,Baseline,Deep_Learning,2.31,151.4,,,,0.059,False,False
19:57:19,Baseline,Heuristic,0.1,1.01,0.316,0.009,0.0,,False,False
19:57:19,Baseline,Deep_Learning,2.17,151.16,,,,0.023,False,False
19:57:19,Baseline,Heuristic,0.11,1.01,0.315,0.009,0.0,,False,False
19:57:19,Baseline,Deep_Learning,2.2,150.9,,,,0.676,False,False
19:57:19,Baseline,Heuristic,0.11,1.01,0.315,0.009,0.0,,False,False
19:57:19,Baseline,Deep_Learning,2.14,150.9,,,,0.676,False,False
19:57:19,Baseline,Heuristic,0.11,1.01,0.315,0.009,0.0,,False,False
19:57:19,Baseline,Deep_Learning,2.26,150.9,,,,0.676,False,False
19:57:19,Baseline,Heuristic,0.1,1.01,0.314,0.009,0.0,,False,False
19:57:19,Baseline,Deep_Learning,2.26,150.41,,,,0.547,False,False
19:57:19,Baseline,Heuristic,0.11,1.01,0.314,0.009,0.0,,False,False
19:57:19,Baseline,Deep_Learning,2.34,149.9,,,,0.051,False,False
19:57:19,Baseline,Heuristic,0.15,1.01,0.314,0.009,0.0,,False,False
19:57:19,Baseline,Deep_Learning,2.25,150.12,,,,0.07,False,False
19:57:19,Baseline,Heuristic,0.13,1.01,0.313,0.009,0.0,,False,False
19:57:19,Baseline,Deep_Learning,2.51,150.12,,,,0.07,False,False
19:57:19,Baseline,Heuristic,0.11,1.01,0.313,0.009,0.0,,False,False
19:57:19,Baseline,Deep_Learning,2.24,150.12,,,,0.082,False,False
19:57:19,Baseline,Heuristic,0.13,1.01,0.313,0.009,0.0,,False,False
19:57:19,Baseline,Deep_Learning,2.22,149.87,,,,0.16,False,False
19:57:19,Baseline,Heuristic,0.12,1.01,0.312,0.009,0.0,,False,False
19:57:19,Baseline,Deep_Learning,2.32,149.87,,,,0.215,False,False
19:57:19,Baseline,Heuristic,0.11,1.01,0.312,0.009,0.0,,False,False
19:57:19,Baseline,Deep_Learning,2.25,149.83,,,,0.098,False,False
19:57:19,Baseline,Heuristic,0.19,1.01,0.311,0.009,0.0,,False,False
19:57:19,Baseline,Deep_Learning,2.28,149.83,,,,0.098,False,False
19:57:19,Baseline,Heuristic,0.11,1.01,0.311,0.009,0.0,,False,False
19:57:19,Baseline,Deep_Learning,2.18,149.83,,,,0.098,False,False
19:57:19,Baseline,Heuristic,0.11,1.01,0.311,0.009,0.0,,False,False
19:57:19,Baseline,Deep_Learning,2.13,149.67,,,,0.715,False,False
19:57:19,Baseline,Heuristic,0.11,1.01,0.31,0.009,0.0,,False,False
19:57:19,Baseline,Deep_Learning,2.17,149.41,,,,0.863,True,False
19:57:19,Baseline,Heuristic,0.11,1.01,0.31,0.009,0.0,,False,False
19:57:19,Baseline,Deep_Learning,2.17,149.18,,,,0.918,True,False
19:57:19,Baseline,Heuristic,0.11,1.01,0.31,0.009,0.0,,False,False
19:57:19,Baseline,Deep_Learning,2.25,149.98,,,,0.137,False,False
19:57:19,Baseline,Heuristic,0.19,1.01,0.309,0.009,0.0,,False,False
19:57:19,Baseline,Deep_Learning,3.13,149.75,,,,0.25,False,False
19:57:19,Baseline,Heuristic,0.12,1.01,0.309,0.009,0.0,,False,False
19:57:19,Baseline,Deep_Learning,3.13,149.72,,,,0.324,False,False
19:57:19,Baseline,Heuristic,0.11,1.01,0.308,0.009,0.0,,False,False
19:57:19,Baseline,Deep_Learning,2.26,149.95,,,,0.035,False,False
19:57:19,Baseline,Heuristic,0.11,1.01,0.308,0.009,0.0,,False,False
19:57:19,Baseline,Deep_Learning,2.2,150.21,,,,0.035,False,False
19:57:20,Baseline,Heuristic,0.1,1.01,0.308,0.009,0.0,,False,False
19:57:20,Baseline,Deep_Learning,2.13,149.7,,,,0.5,False,False
19:57:20,Baseline,Heuristic,0.11,1.01,0.307,0.009,0.0,,False,False
19:57:20,Baseline,Deep_Learning,2.19,149.21,,,,0.363,False,False
19:57:20,Baseline,Heuristic,0.11,1.01,0.307,0.009,0.0,,False,False
19:57:20,Baseline,Deep_Learning,2.22,148.73,,,,0.188,False,False
19:57:20,Baseline,Heuristic,0.1,1.01,0.307,0.009,0.0,,False,False
19:57:20,Baseline,Deep_Learning,2.2,148.73,,,,0.188,False,False
19:57:20,Baseline,Heuristic,0.11,1.01,0.307,0.009,0.0,,False,False
19:57:20,Baseline,Deep_Learning,2.26,149.49,,,,0.992,True,False
19:57:20,Baseline,Heuristic,0.11,1.01,0.307,0.009,0.0,,False,False
19:57:20,Baseline,Deep_Learning,2.18,149.26,,,,0.977,True,False
19:57:20,Baseline,Heuristic,0.1,1.01,0.307,0.008,0.0,,False,False
19:57:20,Baseline,Deep_Learning,2.15,149.26,,,,0.996,True,False
19:57:20,Baseline,Heuristic,0.1,1.01,0.306,0.008,0.0,,False,False
19:57:20,Baseline,Deep_Learning,2.26,149.28,,,,0.949,True,False
19:57:20,Baseline,Heuristic,0.1,1.01,0.306,0.008,0.0,,False,False
19:57:20,Baseline,Deep_Learning,2.17,149.28,,,,0.93,True,False
19:57:20,Baseline,Heuristic,0.1,1.01,0.305,0.008,0.0,,False,False
19:57:20,Baseline,Deep_Learning,2.28,149.28,,,,0.93,True,False
19:57:20,Baseline,Heuristic,0.11,1.01,0.305,0.008,0.0,,False,False
19:57:20,Baseline,Deep_Learning,2.25,148.27,,,,0.98,True,False
19:57:20,Baseline,Heuristic,0.15,1.01,0.304,0.008,0.0,,False,False
19:57:20,Baseline,Deep_Learning,2.24,148.02,,,,0.957,True,False
19:57:20,Baseline,Heuristic,0.11,1.01,0.304,0.008,0.0,,False,False
19:57:20,Baseline,Deep_Learning,2.27,147.71,,,,0.996,True,False
19:57:20,Baseline,Heuristic,0.11,1.01,0.304,0.008,0.0,,False,False
19:57:20,Baseline,Deep_Learning,4.12,147.71,,,,0.996,True,False
19:57:20,Baseline,Heuristic,0.1,1.01,0.304,0.008,0.0,,False,False
19:57:20,Baseline,Deep_Learning,2.25,147.71,,,,0.996,True,False
19:57:20,Baseline,Heuristic,0.11,1.01,0.304,0.008,0.0,,False,False
19:57:20,Baseline,Deep_Learning,2.23,147.71,,,,0.996,True,False
19:57:20,Baseline,Heuristic,0.1,1.01,0.304,0.008,0.0,,False,False
19:57:20,Baseline,Deep_Learning,2.19,147.48,,,,0.996,True,False
19:57:20,Baseline,Heuristic,0.1,1.01,0.304,0.009,0.0,,False,False
19:57:20,Baseline,Deep_Learning,2.18,147.74,,,,0.996,True,False
19:57:20,Baseline,Heuristic,0.11,1.01,0.304,0.009,0.0,,False,False
19:57:20,Baseline,Deep_Learning,2.31,147.74,,,,0.996,True,False
19:57:20,Baseline,Heuristic,0.11,1.01,0.305,0.009,0.0,,False,False
19:57:20,Baseline,Deep_Learning,2.26,147.48,,,,0.996,True,False
19:57:20,Baseline,Heuristic,0.11,1.01,0.305,0.009,0.0,,False,False
19:57:20,Baseline,Deep_Learning,2.31,147.74,,,,0.996,True,False
19:57:20,Baseline,Heuristic,0.11,1.01,0.306,0.009,0.0,,False,False
19:57:20,Baseline,Deep_Learning,2.31,147.74,,,,0.996,True,False
19:57:20,Baseline,Heuristic,0.1,1.01,0.307,0.009,0.0,,False,False
19:57:20,Baseline,Deep_Learning,2.21,147.71,,,,0.996,True,False
19:57:20,Baseline,Heuristic,0.11,1.01,0.307,0.009,0.0,,False,False
19:57:20,Baseline,Deep_Learning,3.13,147.48,,,,0.996,True,False
19:57:20,Baseline,Heuristic,0.11,1.01,0.308,0.009,0.0,,False,False
19:57:20,Baseline,Deep_Learning,2.22,147.23,,,,0.996,True,False
19:57:20,Baseline,Heuristic,0.1,1.01,0.308,0.009,0.0,,False,False
19:57:20,Baseline,Deep_Learning,2.24,147.48,,,,0.996,True,False
19:57:20,Baseline,Heuristic,0.11,1.01,0.309,0.009,0.0,,False,False
19:57:20,Baseline,Deep_Learning,2.22,147.48,,,,0.996,True,False
19:57:20,Baseline,Heuristic,0.11,1.01,0.309,0.01,0.0,,False,False
19:57:20,Baseline,Deep_Learning,2.33,147.74,,,,0.996,True,False
19:57:21,Baseline,Heuristic,0.11,1.01,0.31,0.01,0.0,,False,False
19:57:21,Baseline,Deep_Learning,2.18,149.47,,,,0.996,True,False
19:57:21,Baseline,Heuristic,0.1,1.01,0.31,0.01,0.0,,False,False
19:57:21,Baseline,Deep_Learning,2.34,149.24,,,,0.996,True,False
19:57:21,Baseline,Heuristic,0.1,1.01,0.31,0.01,0.0,,False,False
19:57:21,Baseline,Deep_Learning,2.18,149.24,,,,0.941,True,False
19:57:21,Baseline,Heuristic,0.11,1.01,0.31,0.01,0.0,,False,False
19:57:21,Baseline,Deep_Learning,2.2,149.72,,,,0.676,False,False
19:57:21,Baseline,Heuristic,0.11,1.01,0.31,0.009,0.0,,False,False
19:57:21,Baseline,Deep_Learning,2.27,149.72,,,,0.547,False,False
19:57:21,Baseline,Heuristic,0.12,1.01,0.309,0.009,0.0,,False,False
19:57:21,Baseline,Deep_Learning,2.21,149.72,,,,0.547,False,False
19:57:21,Baseline,Heuristic,0.11,1.01,0.309,0.009,0.0,,False,False
19:57:21,Baseline,Deep_Learning,2.16,149.21,,,,0.883,True,False
19:57:21,Baseline,Heuristic,0.11,1.01,0.309,0.009,0.0,,False,False
19:57:21,Baseline,Deep_Learning,2.23,148.96,,,,0.883,True,False
19:57:21,Baseline,Heuristic,0.11,1.01,0.308,0.009,0.0,,False,False
19:57:21,Baseline,Deep_Learning,2.29,149.44,,,,0.715,False,False
19:57:21,Baseline,Heuristic,0.11,1.01,0.308,0.009,0.0,,False,False
19:57:21,Baseline,Deep_Learning,2.34,149.44,,,,0.715,False,False
19:57:21,Baseline,Heuristic,0.11,1.01,0.308,0.009,0.0,,False,False
19:57:21,Baseline,Deep_Learning,2.2,149.44,,,,0.715,False,False
19:57:21,Baseline,Heuristic,0.11,1.01,0.308,0.009,0.0,,False,False
19:57:21,Baseline,Deep_Learning,2.25,149.44,,,,0.715,False,False
19:57:21,Baseline,Heuristic,0.11,1.01,0.307,0.008,0.0,,False,False
19:57:21,Baseline,Deep_Learning,2.27,149.21,,,,0.949,True,False
19:57:21,Baseline,Heuristic,0.11,1.01,0.307,0.008,0.0,,False,False
19:57:21,Baseline,Deep_Learning,2.24,149.44,,,,0.75,False,False
19:57:21,Baseline,Heuristic,0.11,1.01,0.307,0.008,0.0,,False,False
19:57:21,Baseline,Deep_Learning,2.23,149.21,,,,0.812,True,False
19:57:21,Baseline,Heuristic,0.11,1.01,0.307,0.008,0.0,,False,False
19:57:21,Baseline,Deep_Learning,2.47,148.73,,,,0.988,True,False
19:57:21,Baseline,Heuristic,0.11,1.01,0.307,0.008,0.0,,False,False
19:57:21,Baseline,Deep_Learning,2.39,148.5,,,,0.984,True,False
19:57:21,Baseline,Heuristic,0.11,1.01,0.307,0.008,0.0,,False,False
19:57:21,Baseline,Deep_Learning,2.43,148.5,,,,0.984,True,False
19:57:21,Baseline,Heuristic,0.11,1.01,0.307,0.008,0.0,,False,False
19:57:21,Baseline,Deep_Learning,2.39,148.5,,,,0.918,True,False
19:57:21,Baseline,Heuristic,0.13,1.01,0.307,0.008,0.0,,False,False
19:57:21,Baseline,Deep_Learning,2.46,148.96,,,,0.93,True,False
19:57:21,Baseline,Heuristic,0.11,1.01,0.307,0.008,0.0,,False,False
19:57:21,Baseline,Deep_Learning,2.42,149.7,,,,0.977,True,False
19:57:21,Baseline,Heuristic,0.11,1.01,0.307,0.007,0.0,,False,False
19:57:21,Baseline,Deep_Learning,2.39,149.93,,,,0.988,True,False
19:57:21,Baseline,Heuristic,0.11,1.01,0.307,0.007,0.0,,False,False
19:57:21,Baseline,Deep_Learning,2.32,150.16,,,,0.992,True,False
19:57:21,Baseline,Heuristic,0.11,1.01,0.306,0.007,0.0,,False,False
19:57:21,Baseline,Deep_Learning,2.44,150.16,,,,0.992,True,False
19:57:21,Baseline,Heuristic,0.12,1.01,0.306,0.007,0.0,,False,False
19:57:21,Baseline,Deep_Learning,2.34,149.93,,,,0.996,True,False
19:57:21,Baseline,Heuristic,0.11,1.01,0.306,0.007,0.0,,False,False
19:57:21,Baseline,Deep_Learning,2.45,149.7,,,,0.996,True,False
19:57:21,Baseline,Heuristic,0.12,1.01,0.305,0.007,0.0,,False,False
19:57:21,Baseline,Deep_Learning,2.2,149.21,,,,0.996,True,False
19:57:21,Baseline,Heuristic,0.11,1.01,0.305,0.007,0.0,,False,False
19:57:21,Baseline,Deep_Learning,2.27,149.21,,,,0.992,True,False
19:57:21,Baseline,Heuristic,0.11,1.01,0.305,0.007,0.0,,False,False
19:57:21,Baseline,Deep_Learning,2.37,149.24,,,,0.949,True,False
19:57:21,Baseline,Heuristic,0.11,1.01,0.304,0.007,0.0,,False,False
19:57:21,Baseline,Deep_Learning,2.31,149.47,,,,0.957,True,False
19:57:21,Baseline,Heuristic,0.1,1.01,0.303,0.007,0.0,,False,False
19:57:21,Baseline,Deep_Learning,2.05,149.67,,,,0.996,True,False
19:57:22,Baseline,Heuristic,0.12,1.01,0.303,0.007,0.0,,False,False
19:57:22,Baseline,Deep_Learning,2.14,149.87,,,,0.996,True,False
19:57:22,Baseline,Heuristic,0.11,1.01,0.302,0.007,0.0,,False,False
19:57:22,Baseline,Deep_Learning,2.2,150.09,,,,0.996,True,False
19:57:22,Baseline,Heuristic,0.11,1.01,0.301,0.006,0.0,,False,False
19:57:22,Baseline,Deep_Learning,2.44,149.61,,,,0.996,True,False
19:57:22,Baseline,Heuristic,0.11,1.01,0.3,0.006,0.0,,False,False
19:57:22,Baseline,Deep_Learning,2.23,149.57,,,,0.996,True,False
19:57:22,Baseline,Heuristic,0.11,1.01,0.3,0.006,0.0,,False,False
19:57:22,Baseline,Deep_Learning,2.2,149.31,,,,0.996,True,False
19:57:22,Baseline,Heuristic,0.1,1.01,0.299,0.006,0.0,,False,False
19:57:22,Baseline,Deep_Learning,2.05,148.57,,,,0.996,True,False
19:57:22,Baseline,Heuristic,0.1,1.01,0.299,0.006,0.0,,False,False
19:57:22,Baseline,Deep_Learning,2.16,147.83,,,,0.996,True,False
19:57:22,Baseline,Heuristic,0.1,1.01,0.299,0.006,0.0,,False,False
19:57:22,Baseline,Deep_Learning,3.49,147.31,,,,0.996,True,False
19:57:22,Baseline,Heuristic,0.1,1.01,0.299,0.006,0.0,,False,False
19:57:22,Baseline,Deep_Learning,2.03,146.83,,,,0.996,True,False
19:57:22,Baseline,Heuristic,0.11,1.01,0.299,0.006,0.0,,False,False
19:57:22,Baseline,Deep_Learning,2.12,147.09,,,,0.996,True,False
19:57:22,Baseline,Heuristic,0.1,1.01,0.299,0.006,0.0,,False,False
19:57:22,Baseline,Deep_Learning,2.07,146.57,,,,0.996,True,False
19:57:22,Baseline,Heuristic,0.11,1.01,0.3,0.006,0.0,,False,False
19:57:22,Baseline,Deep_Learning,2.03,147.61,,,,0.996,True,False
19:57:22,Baseline,Heuristic,0.1,1.01,0.301,0.006,0.0,,False,False
19:57:22,Baseline,Deep_Learning,1.99,147.64,,,,0.996,True,False
19:57:22,Baseline,Heuristic,0.1,1.01,0.302,0.006,0.0,,False,False
19:57:22,Baseline,Deep_Learning,2.05,146.91,,,,0.996,True,False
19:57:22,Baseline,Heuristic,0.1,1.01,0.303,0.006,0.0,,False,False
19:57:22,Baseline,Deep_Learning,2.0,146.4,,,,0.996,True,False
19:57:22,Baseline,Heuristic,0.1,1.01,0.304,0.006,0.0,,False,False
19:57:22,Baseline,Deep_Learning,2.3,146.65,,,,0.996,True,False
19:57:22,Baseline,Heuristic,0.11,1.01,0.306,0.006,0.0,,False,False
19:57:22,Baseline,Deep_Learning,2.04,146.4,,,,0.996,True,False
19:57:22,Baseline,Heuristic,0.17,1.01,0.308,0.006,0.0,,False,False
19:57:22,Baseline,Deep_Learning,2.76,144.95,,,,0.996,True,False
19:57:22,Baseline,Heuristic,0.11,1.01,0.31,0.006,0.0,,False,False
19:57:22,Baseline,Deep_Learning,2.17,145.2,,,,0.996,True,False
19:57:22,Baseline,Heuristic,0.12,1.01,0.312,0.007,0.0,,False,False
19:57:22,Baseline,Deep_Learning,2.18,144.52,,,,0.996,True,False
19:57:22,Baseline,Heuristic,0.1,1.01,0.314,0.007,0.0,,False,False
19:57:22,Baseline,Deep_Learning,2.06,143.84,,,,0.996,True,False
19:57:22,Baseline,Heuristic,0.1,1.01,0.316,0.007,0.0,,False,False
19:57:22,Baseline,Deep_Learning,2.22,144.3,,,,0.988,True,False
19:57:22,Baseline,Heuristic,0.11,1.01,0.318,0.007,0.0,,False,False
19:57:22,Baseline,Deep_Learning,2.19,144.3,,,,0.996,True,False
19:57:22,Baseline,Heuristic,0.1,1.01,0.32,0.007,0.0,,False,False
19:57:22,Baseline,Deep_Learning,2.04,143.59,,,,0.996,True,False
19:57:22,Baseline,Heuristic,0.11,1.01,0.322,0.007,0.0,,False,False
19:57:22,Baseline,Deep_Learning,2.22,143.13,,,,0.984,True,False
19:57:22,Baseline,Heuristic,0.11,1.01,0.325,0.007,0.0,,False,False
19:57:22,Baseline,Deep_Learning,2.14,143.34,,,,0.996,True,False
19:57:22,Baseline,Heuristic,0.11,1.01,0.327,0.008,0.0,,False,False
19:57:22,Baseline,Deep_Learning,2.13,143.34,,,,0.996,True,False
19:57:22,Baseline,Heuristic,0.16,1.01,0.33,0.008,0.0,,False,False
19:57:22,Baseline,Deep_Learning,2.43,144.27,,,,0.992,True,False
19:57:22,Baseline,Heuristic,0.11,1.01,0.333,0.008,0.0,,False,False
19:57:22,Baseline,Deep_Learning,2.13,144.27,,,,0.996,True,False
19:57:23,Baseline,Heuristic,0.11,1.01,0.335,0.009,0.0,,False,False
19:57:23,Baseline,Deep_Learning,2.07,142.41,,,,0.996,True,False
19:57:23,Baseline,Heuristic,0.1,1.01,0.338,0.009,0.0,,False,False
19:57:23,Baseline,Deep_Learning,2.1,143.8,,,,0.988,True,False
19:57:23,Baseline,Heuristic,0.1,1.01,0.34,0.009,0.0,,False,False
19:57:23,Baseline,Deep_Learning,2.02,144.3,,,,0.98,True,False
19:57:23,Baseline,Heuristic,0.1,1.01,0.343,0.009,0.0,,False,False
19:57:23,Baseline,Deep_Learning,2.01,144.95,,,,0.965,True,False
19:57:23,Baseline,Heuristic,0.11,1.01,0.346,0.01,0.0,,False,False
19:57:23,Baseline,Deep_Learning,2.02,145.02,,,,0.965,True,False
19:57:23,Baseline,Heuristic,0.11,1.01,0.348,0.01,0.0,,False,False
19:57:23,Baseline,Deep_Learning,2.16,145.53,,,,0.902,True,False
19:57:23,Baseline,Heuristic,0.11,1.01,0.35,0.01,0.0,,False,False
19:57:23,Baseline,Deep_Learning,2.06,148.44,,,,0.996,True,False
19:57:23,Baseline,Heuristic,0.11,1.01,0.352,0.01,0.0,,False,False
19:57:23,Baseline,Deep_Learning,2.12,147.93,,,,0.996,True,False
19:57:23,Baseline,Heuristic,0.34,1.01,0.353,0.011,0.0,,False,False
19:57:23,Baseline,Deep_Learning,2.53,148.16,,,,0.996,True,False
19:57:23,Baseline,Heuristic,0.11,1.01,0.354,0.011,0.0,,False,False
19:57:23,Baseline,Deep_Learning,2.15,148.87,,,,0.996,True,False
19:57:23,Baseline,Heuristic,0.11,1.01,0.353,0.011,0.0,,False,False
19:57:23,Baseline,Deep_Learning,2.19,149.6,,,,0.996,True,False
19:57:23,Baseline,Heuristic,0.11,1.01,0.351,0.011,0.0,,False,False
19:57:23,Baseline,Deep_Learning,2.27,149.13,,,,0.992,True,False
19:57:23,Baseline,Heuristic,0.14,1.01,0.349,0.011,0.0,,False,False
19:57:23,Baseline,Deep_Learning,2.37,149.12,,,,0.984,True,False
19:57:23,Baseline,Heuristic,0.11,1.01,0.347,0.011,0.0,,False,False
19:57:23,Baseline,Deep_Learning,2.29,150.04,,,,0.996,True,False
19:57:23,Baseline,Heuristic,0.11,1.01,0.344,0.011,0.0,,False,False
19:57:23,Baseline,Deep_Learning,2.36,150.53,,,,0.992,True,False
19:57:23,Baseline,Heuristic,0.11,1.01,0.342,0.011,0.0,,False,False
19:57:23,Baseline,Deep_Learning,2.3,150.96,,,,0.996,True,False
19:57:23,Baseline,Heuristic,0.12,1.01,0.339,0.011,0.0,,False,False
19:57:23,Baseline,Deep_Learning,2.32,150.35,,,,0.996,True,False
19:57:23,Baseline,Heuristic,0.12,1.01,0.337,0.011,0.0,,False,False
19:57:23,Baseline,Deep_Learning,2.47,149.64,,,,0.996,True,False
19:57:23,Baseline,Heuristic,0.12,1.01,0.335,0.012,0.0,,False,False
19:57:23,Baseline,Deep_Learning,2.45,150.32,,,,0.996,True,False
19:57:23,Baseline,Heuristic,0.12,1.01,0.334,0.012,0.0,,False,False
19:57:23,Baseline,Deep_Learning,2.44,150.29,,,,0.996,True,False
19:57:23,Baseline,Heuristic,0.11,1.01,0.332,0.012,0.0,,False,False
19:57:23,Baseline,Deep_Learning,2.25,150.32,,,,0.996,True,False
19:57:23,Baseline,Heuristic,0.11,1.01,0.331,0.012,0.0,,False,False
19:57:23,Baseline,Deep_Learning,2.28,151.27,,,,0.996,True,False
19:57:23,Baseline,Heuristic,0.11,1.01,0.33,0.012,0.0,,False,False
19:57:23,Baseline,Deep_Learning,2.4,151.04,,,,0.996,True,False
19:57:23,Baseline,Heuristic,0.11,1.01,0.329,0.013,0.0,,False,False
19:57:23,Baseline,Deep_Learning,2.26,150.78,,,,0.996,True,False
19:57:23,Baseline,Heuristic,0.11,1.01,0.328,0.013,0.0,,False,False
19:57:23,Baseline,Deep_Learning,2.36,150.78,,,,0.996,True,False
19:57:23,Baseline,Heuristic,0.19,1.01,0.328,0.013,0.0,,False,False
19:57:23,Baseline,Deep_Learning,2.38,150.29,,,,0.996,True,False
19:57:23,Baseline,Heuristic,0.1,1.01,0.327,0.014,0.0,,False,False
19:57:23,Baseline,Deep_Learning,2.3,150.29,,,,0.996,True,False
19:57:23,Baseline,Heuristic,0.1,1.01,0.327,0.014,0.0,,False,False
19:57:23,Baseline,Deep_Learning,2.14,149.64,,,,0.996,True,False
19:57:24,Baseline,Heuristic,0.1,1.01,0.327,0.016,0.0,,False,False
19:57:24,Baseline,Deep_Learning,2.29,149.67,,,,0.996,True,False
19:57:24,Baseline,Heuristic,0.11,1.01,0.327,0.018,0.0,,False,False
19:57:24,Baseline,Deep_Learning,2.35,149.67,,,,0.996,True,False
19:57:24,Baseline,Heuristic,0.11,1.01,0.328,0.021,0.0,,False,False
19:57:24,Baseline,Deep_Learning,2.23,150.16,,,,0.996,True,False
19:57:24,Baseline,Heuristic,0.11,1.01,0.328,0.024,0.0,,False,False
19:57:24,Baseline,Deep_Learning,2.3,149.44,,,,0.996,True,False
19:57:24,Baseline,Heuristic,0.11,1.01,0.329,0.029,0.0,,False,False
19:57:24,Baseline,Deep_Learning,2.24,149.67,,,,0.996,True,False
19:57:24,Baseline,Heuristic,0.11,1.01,0.33,0.033,0.0,,False,False
19:57:24,Baseline,Deep_Learning,2.23,149.44,,,,0.996,True,False
19:57:24,Baseline,Heuristic,0.11,1.01,0.33,0.038,0.0,,False,False
19:57:24,Baseline,Deep_Learning,2.25,149.67,,,,0.996,True,False
19:57:24,Baseline,Heuristic,0.11,1.01,0.331,0.043,0.0,,False,False
19:57:24,Baseline,Deep_Learning,2.4,149.67,,,,0.996,True,False
19:57:24,Baseline,Heuristic,0.11,1.01,0.331,0.048,0.0,,False,False
19:57:24,Baseline,Deep_Learning,2.33,149.44,,,,0.996,True,False
19:57:24,Baseline,Heuristic,0.11,1.01,0.332,0.052,0.0,,False,False
19:57:24,Baseline,Deep_Learning,2.37,149.44,,,,0.996,True,False
19:57:24,Baseline,Heuristic,0.11,1.01,0.332,0.057,0.0,,False,False
19:57:24,Baseline,Deep_Learning,2.23,149.44,,,,0.996,True,False
19:57:24,Baseline,Heuristic,0.1,1.01,0.333,0.062,0.0,,False,False
19:57:24,Baseline,Deep_Learning,2.11,149.7,,,,0.996,True,False
19:57:24,Baseline,Heuristic,0.11,1.01,0.333,0.066,0.0,,False,False
19:57:24,Baseline,Deep_Learning,2.16,149.7,,,,0.996,True,False
19:57:24,Baseline,Heuristic,0.11,1.01,0.333,0.07,0.0,,False,False
19:57:24,Baseline,Deep_Learning,2.23,149.7,,,,0.996,True,False
19:57:24,Baseline,Heuristic,0.11,1.01,0.334,0.074,0.0,,False,False
19:57:24,Baseline,Deep_Learning,2.22,148.98,,,,0.996,True,False
19:57:24,Baseline,Heuristic,0.12,1.01,0.334,0.078,0.0,,False,False
19:57:24,Baseline,Deep_Learning,2.19,148.73,,,,0.996,True,False
19:57:24,Baseline,Heuristic,0.11,1.01,0.334,0.082,0.0,,False,False
19:57:24,Baseline,Deep_Learning,2.19,148.5,,,,0.996,True,False
19:57:24,Baseline,Heuristic,0.11,1.01,0.334,0.085,0.0,,False,False
19:57:24,Baseline,Deep_Learning,2.17,148.55,,,,0.984,True,False
19:57:24,Baseline,Heuristic,0.11,1.01,0.334,0.088,0.0,,False,False
19:57:24,Baseline,Deep_Learning,2.36,148.04,,,,0.996,True,False
19:57:24,Baseline,Heuristic,0.11,1.01,0.333,0.091,0.0,,False,False
19:57:24,Baseline,Deep_Learning,2.17,147.82,,,,0.996,True,False
19:57:24,Baseline,Heuristic,0.11,1.01,0.332,0.094,0.0,,False,False
19:57:24,Baseline,Deep_Learning,2.16,147.86,,,,0.949,True,False
19:57:24,Baseline,Heuristic,0.11,1.01,0.331,0.097,0.0,,False,False
19:57:24,Baseline,Deep_Learning,2.21,147.59,,,,0.883,True,False
19:57:24,Baseline,Heuristic,0.11,1.01,0.329,0.099,0.0,,False,False
19:57:24,Baseline,Deep_Learning,2.07,147.82,,,,0.949,True,False
19:57:24,Baseline,Heuristic,0.11,1.01,0.327,0.102,0.0,,False,False
19:57:24,Baseline,Deep_Learning,2.2,146.64,,,,0.992,True,False
19:57:24,Baseline,Heuristic,0.17,1.01,0.325,0.104,0.0,,False,False
19:57:24,Baseline,Deep_Learning,2.16,146.39,,,,0.988,True,False
19:57:24,Baseline,Heuristic,0.1,1.01,0.323,0.106,0.0,,False,False
19:57:24,Baseline,Deep_Learning,2.13,146.39,,,,0.988,True,False
19:57:24,Baseline,Heuristic,0.11,1.01,0.32,0.108,0.0,,False,False
19:57:24,Baseline,Deep_Learning,2.11,146.59,,,,0.992,True,False
19:57:24,Baseline,Heuristic,0.11,1.01,0.317,0.11,0.0,,False,False
19:57:24,Baseline,Deep_Learning,2.12,146.37,,,,0.996,True,False
19:57:24,Baseline,Heuristic,0.11,1.01,0.314,0.112,0.0,,False,False
19:57:24,Baseline,Deep_Learning,2.08,146.34,,,,0.984,True,False
19:57:24,Baseline,Heuristic,0.1,1.01,0.311,0.114,0.0,,False,False
19:57:24,Baseline,Deep_Learning,2.05,146.34,,,,0.996,True,False
19:57:25,Baseline,Heuristic,0.14,1.01,0.308,0.116,0.0,,False,False
19:57:25,Baseline,Deep_Learning,2.12,146.31,,,,0.996,True,False
19:57:25,Baseline,Heuristic,0.11,1.01,0.305,0.118,0.0,,False,False
19:57:25,Baseline,Deep_Learning,2.07,146.31,,,,0.996,True,False
19:57:25,Baseline,Heuristic,0.1,1.01,0.302,0.12,0.0,,False,False
19:57:25,Baseline,Deep_Learning,2.09,146.09,,,,0.996,True,False
19:57:25,Baseline,Heuristic,0.15,1.01,0.299,0.122,0.0,,False,False
19:57:25,Baseline,Deep_Learning,3.23,146.06,,,,0.996,True,False
19:57:25,Baseline,Heuristic,0.1,1.01,0.296,0.124,0.0,,False,False
19:57:25,Baseline,Deep_Learning,2.18,146.06,,,,0.996,True,False
19:57:25,Baseline,Heuristic,0.11,1.01,0.293,0.125,0.0,,False,False
19:57:25,Baseline,Deep_Learning,2.1,146.06,,,,0.918,True,False
19:57:25,Baseline,Heuristic,0.1,1.01,0.291,0.127,0.0,,False,False
19:57:25,Baseline,Deep_Learning,2.05,145.87,,,,0.984,True,False
19:57:25,Baseline,Heuristic,0.11,1.01,0.288,0.129,0.0,,False,False
19:57:25,Baseline,Deep_Learning,2.13,146.12,,,,0.957,True,False
19:57:25,Baseline,Heuristic,0.11,1.01,0.286,0.131,0.0,,False,False
19:57:25,Baseline,Deep_Learning,2.09,146.12,,,,0.863,True,False
19:57:25,Baseline,Heuristic,0.1,1.01,0.283,0.133,0.0,,False,False
19:57:25,Baseline,Deep_Learning,2.31,145.65,,,,0.93,True,False
19:57:25,Baseline,Heuristic,0.11,1.01,0.281,0.135,0.0,,False,False
19:57:25,Baseline,Deep_Learning,2.24,145.42,,,,0.988,True,False
19:57:25,Baseline,Heuristic,0.1,1.01,0.279,0.137,0.0,,False,False
19:57:25,Baseline,Deep_Learning,2.25,145.45,,,,0.965,True,False
19:57:25,Baseline,Heuristic,0.1,1.01,0.276,0.14,0.0,,False,False
19:57:25,Baseline,Deep_Learning,2.16,145.45,,,,0.973,True,False
19:57:25,Baseline,Heuristic,0.13,1.01,0.274,0.142,0.0,,False,False
19:57:25,Baseline,Deep_Learning,2.34,144.98,,,,0.984,True,False
19:57:25,Baseline,Heuristic,0.1,1.01,0.272,0.144,0.0,,False,False
19:57:25,Baseline,Deep_Learning,2.09,145.65,,,,0.117,False,False
19:57:25,Baseline,Heuristic,0.11,1.01,0.27,0.147,0.0,,False,False
19:57:25,Baseline,Deep_Learning,2.13,145.62,,,,0.324,False,False
19:57:25,Baseline,Heuristic,0.11,1.01,0.268,0.15,0.0,,False,False
19:57:25,Baseline,Deep_Learning,2.26,145.87,,,,0.453,False,False
19:57:25,Baseline,Heuristic,0.11,1.01,0.266,0.153,0.0,,False,False
19:57:25,Baseline,Deep_Learning,2.21,145.87,,,,0.957,True,False
19:57:25,Baseline,Heuristic,0.11,1.01,0.264,0.156,0.0,,False,False
19:57:25,Baseline,Deep_Learning,2.15,145.65,,,,0.996,True,False
19:57:25,Baseline,Heuristic,0.11,1.01,0.263,0.159,0.0,,False,False
19:57:25,Baseline,Deep_Learning,2.11,145.65,,,,0.996,True,False
19:57:25,Baseline,Heuristic,0.11,1.01,0.261,0.162,0.0,,False,False
19:57:25,Baseline,Deep_Learning,2.22,146.37,,,,0.996,True,False
19:57:25,Baseline,Heuristic,0.11,1.01,0.259,0.166,0.0,,False,False
19:57:25,Baseline,Deep_Learning,2.16,146.34,,,,0.996,True,False
19:57:25,Baseline,Heuristic,0.11,1.01,0.258,0.169,0.0,,False,False
19:57:25,Baseline,Deep_Learning,2.25,146.34,,,,0.996,True,False
19:57:25,Baseline,Heuristic,0.1,1.01,0.257,0.172,0.0,,False,False
19:57:25,Baseline,Deep_Learning,2.09,146.09,,,,0.996,True,False
19:57:25,Baseline,Heuristic,0.2,1.01,0.255,0.175,0.0,,False,False
19:57:25,Baseline,Deep_Learning,2.82,146.56,,,,0.996,True,False
19:57:25,Baseline,Heuristic,0.11,1.01,0.254,0.178,0.0,,False,False
19:57:25,Baseline,Deep_Learning,2.12,146.56,,,,0.996,True,False
19:57:25,Baseline,Heuristic,0.1,1.01,0.253,0.181,0.0,,False,False
19:57:25,Baseline,Deep_Learning,2.12,146.31,,,,0.984,True,False
19:57:25,Baseline,Heuristic,0.11,1.01,0.252,0.184,0.0,,False,False
19:57:25,Baseline,Deep_Learning,2.2,146.31,,,,0.984,True,False
19:57:25,Baseline,Heuristic,0.1,1.01,0.25,0.186,0.0,,False,False
19:57:25,Baseline,Deep_Learning,2.08,146.31,,,,0.984,True,False
19:57:25,Baseline,Heuristic,0.11,1.01,0.249,0.189,0.0,,False,False
19:57:25,Baseline,Deep_Learning,2.34,147.23,,,,0.363,False,False
19:57:26,Baseline,Heuristic,0.1,1.01,0.249,0.192,0.0,,False,False
19:57:26,Baseline,Deep_Learning,2.13,147.23,,,,0.715,False,False
19:57:26,Baseline,Heuristic,0.11,1.01,0.248,0.195,0.0,,False,False
19:57:26,Baseline,Deep_Learning,2.36,147.71,,,,0.812,True,False
19:57:26,Baseline,Heuristic,0.11,1.01,0.247,0.198,0.0,,False,False
19:57:26,Baseline,Deep_Learning,2.19,147.71,,,,0.137,False,False
19:57:26,Baseline,Heuristic,0.11,1.01,0.246,0.2,0.0,,False,False
19:57:26,Baseline,Deep_Learning,2.37,147.96,,,,0.84,True,False
19:57:26,Baseline,Heuristic,0.11,1.01,0.246,0.203,0.0,,False,False
19:57:26,Baseline,Deep_Learning,2.16,148.22,,,,0.93,True,False
19:57:26,Baseline,Heuristic,0.11,1.01,0.245,0.206,0.0,,False,False
19:57:26,Baseline,Deep_Learning,2.22,147.99,,,,0.785,False,False
19:57:26,Baseline,Heuristic,0.1,1.01,0.245,0.209,0.0,,False,False
19:57:26,Baseline,Deep_Learning,2.11,147.99,,,,0.785,False,False
19:57:26,Baseline,Heuristic,0.1,1.01,0.244,0.211,0.0,,False,False
19:57:26,Baseline,Deep_Learning,2.14,147.99,,,,0.785,False,False
19:57:26,Baseline,Heuristic,0.1,1.01,0.244,0.214,0.0,,False,False
19:57:26,Baseline,Deep_Learning,2.08,148.22,,,,0.996,True,False
19:57:26,Baseline,Heuristic,0.1,1.01,0.243,0.216,0.0,,False,False
19:57:26,Baseline,Deep_Learning,2.09,148.22,,,,0.996,True,False
19:57:26,Baseline,Heuristic,0.11,1.01,0.243,0.219,0.0,,False,False
19:57:26,Baseline,Deep_Learning,2.34,148.22,,,,0.996,True,False
19:57:26,Baseline,Heuristic,0.12,1.01,0.242,0.221,0.0,,False,False
19:57:26,Baseline,Deep_Learning,2.27,148.89,,,,0.41,False,False
19:57:26,Baseline,Heuristic,0.11,1.01,0.242,0.224,0.0,,False,False
19:57:26,Baseline,Deep_Learning,2.21,148.89,,,,0.41,False,False
19:57:26,Baseline,Heuristic,0.11,1.01,0.242,0.226,0.0,,False,False
19:57:26,Baseline,Deep_Learning,2.46,149.12,,,,0.84,True,False
19:57:26,Baseline,Heuristic,0.11,1.01,0.242,0.229,0.0,,False,False
19:57:26,Baseline,Deep_Learning,2.21,149.87,,,,0.004,False,False
19:57:26,Baseline,Heuristic,0.1,1.01,0.242,0.231,0.0,,False,False
19:57:26,Baseline,Deep_Learning,2.4,149.83,,,,0.004,False,False
19:57:26,Baseline,Heuristic,0.13,1.01,0.242,0.234,0.0,,False,False
19:57:26,Baseline,Deep_Learning,2.31,150.09,,,,0.012,False,False
19:57:26,Baseline,Heuristic,0.11,1.01,0.242,0.236,0.0,,False,False
19:57:26,Baseline,Deep_Learning,2.33,150.58,,,,0.043,False,False
19:57:26,Baseline,Heuristic,0.11,1.01,0.243,0.238,0.0,,False,False
19:57:26,Baseline,Deep_Learning,2.23,150.81,,,,0.25,False,False
19:57:26,Baseline,Heuristic,0.11,1.01,0.243,0.24,0.0,,False,False
19:57:26,Baseline,Deep_Learning,2.19,150.58,,,,0.188,False,False
19:57:26,Baseline,Heuristic,0.1,1.01,0.243,0.242,0.0,,False,False
19:57:26,Baseline,Deep_Learning,2.14,150.09,,,,0.59,False,False
19:57:26,Baseline,Heuristic,0.11,1.01,0.244,0.244,0.0,,False,False
19:57:26,Baseline,Deep_Learning,2.28,150.09,,,,0.59,False,False
19:57:26,Baseline,Heuristic,0.11,1.01,0.244,0.245,0.0,,False,False
19:57:26,Baseline,Deep_Learning,2.41,150.09,,,,0.59,False,False
19:57:26,Baseline,Heuristic,0.1,1.01,0.245,0.247,0.0,,False,False
19:57:26,Baseline,Deep_Learning,2.12,149.83,,,,0.07,False,False
19:57:26,Baseline,Heuristic,0.1,1.01,0.245,0.248,0.0,,False,False
19:57:26,Baseline,Deep_Learning,2.09,149.57,,,,0.07,False,False
19:57:26,Baseline,Heuristic,0.11,1.01,0.246,0.25,0.0,,False,False
19:57:26,Baseline,Deep_Learning,2.29,150.02,,,,0.16,False,False
19:57:26,Baseline,Heuristic,0.1,1.01,0.246,0.251,0.0,,False,False
19:57:26,Baseline,Deep_Learning,2.17,149.57,,,,0.137,False,False
19:57:26,Baseline,Heuristic,0.11,1.01,0.247,0.253,0.0,,False,False
19:57:26,Baseline,Deep_Learning,2.18,149.35,,,,0.285,False,False
19:57:26,Baseline,Heuristic,0.1,1.01,0.248,0.254,0.0,,False,False
19:57:26,Baseline,Deep_Learning,2.39,149.35,,,,0.285,False,False
19:57:26,Baseline,Heuristic,0.11,1.01,0.249,0.255,0.0,,False,False
19:57:26,Baseline,Deep_Learning,2.19,150.06,,,,0.043,False,False
19:57:27,Baseline,Heuristic,0.11,1.01,0.249,0.256,0.0,,False,False
19:57:27,Baseline,Deep_Learning,2.21,150.58,,,,0.051,False,False
19:57:27,Baseline,Heuristic,0.36,1.01,0.25,0.257,0.0,,False,False
19:57:27,Baseline,Deep_Learning,2.17,150.58,,,,0.051,False,False
19:57:27,Baseline,Heuristic,0.1,1.01,0.251,0.258,0.0,,False,False
19:57:27,Baseline,Deep_Learning,2.13,150.81,,,,0.082,False,False
19:57:27,Baseline,Heuristic,0.11,1.01,0.252,0.259,0.0,,False,False
19:57:27,Baseline,Deep_Learning,2.3,150.84,,,,0.5,False,False
19:57:27,Baseline,Heuristic,0.21,1.01,0.253,0.26,0.0,,False,False
19:57:27,Baseline,Deep_Learning,2.72,150.84,,,,0.5,False,False
19:57:27,Baseline,Heuristic,0.11,1.01,0.254,0.261,0.0,,False,False
19:57:27,Baseline,Deep_Learning,2.27,150.35,,,,0.715,False,False
19:57:27,Baseline,Heuristic,0.12,1.01,0.255,0.262,0.0,,False,False
19:57:27,Baseline,Deep_Learning,2.27,150.09,,,,0.363,False,False
19:57:27,Baseline,Heuristic,0.1,1.01,0.256,0.263,0.0,,False,False
19:57:27,Baseline,Deep_Learning,2.14,149.61,,,,0.137,False,False
19:57:27,Baseline,Heuristic,0.1,1.01,0.257,0.263,0.0,,False,False
19:57:27,Baseline,Deep_Learning,4.1,149.54,,,,0.027,False,False
19:57:27,Baseline,Heuristic,0.1,1.01,0.258,0.264,0.0,,False,False
19:57:27,Baseline,Deep_Learning,2.13,149.54,,,,0.004,False,False
19:57:27,Baseline,Heuristic,0.3,1.01,0.26,0.264,0.0,,False,False
19:57:27,Baseline,Deep_Learning,2.34,149.31,,,,0.008,False,False
19:57:27,Baseline,Heuristic,0.1,1.01,0.261,0.264,0.0,,False,False
19:57:27,Baseline,Deep_Learning,2.22,149.09,,,,0.0,False,False
19:57:27,Baseline,Heuristic,0.11,1.01,0.262,0.264,0.0,,False,False
19:57:27,Baseline,Deep_Learning,2.24,149.09,,,,0.0,False,False
19:57:27,Baseline,Heuristic,0.1,1.01,0.264,0.263,0.0,,False,False
19:57:27,Baseline,Deep_Learning,2.19,149.09,,,,0.0,False,False
19:57:27,Baseline,Heuristic,0.1,1.01,0.265,0.262,0.0,,False,False
19:57:27,Baseline,Deep_Learning,2.28,148.19,,,,0.324,False,False
19:57:27,Baseline,Heuristic,0.1,1.01,0.266,0.261,0.0,,False,False
19:57:27,Baseline,Deep_Learning,2.16,147.74,,,,0.25,False,False
19:57:27,Baseline,Heuristic,0.12,1.01,0.267,0.26,0.0,,False,False
19:57:27,Baseline,Deep_Learning,2.42,147.74,,,,0.25,False,False
19:57:27,Baseline,Heuristic,0.1,1.01,0.269,0.259,0.0,,False,False
19:57:27,Baseline,Deep_Learning,2.16,148.22,,,,0.941,True,False
19:57:27,Baseline,Heuristic,0.11,1.01,0.27,0.257,0.0,,False,False
19:57:27,Baseline,Deep_Learning,2.44,147.96,,,,0.84,True,False
19:57:27,Baseline,Heuristic,0.11,1.01,0.271,0.255,0.0,,False,False
19:57:27,Baseline,Deep_Learning,2.18,147.74,,,,0.98,True,False
19:57:27,Baseline,Heuristic,0.1,1.01,0.272,0.253,0.0,,False,False
19:57:27,Baseline,Deep_Learning,2.16,147.74,,,,0.902,True,False
19:57:27,Baseline,Heuristic,0.1,1.01,0.273,0.251,0.0,,False,False
19:57:27,Baseline,Deep_Learning,2.19,147.71,,,,0.883,True,False
19:57:27,Baseline,Heuristic,0.17,1.01,0.274,0.248,0.0,,False,False
19:57:27,Baseline,Deep_Learning,2.37,147.71,,,,0.883,True,False
19:57:27,Baseline,Heuristic,0.1,1.01,0.276,0.245,0.0,,False,False
19:57:27,Baseline,Deep_Learning,2.25,147.2,,,,0.996,True,False
19:57:27,Baseline,Heuristic,0.11,1.01,0.277,0.242,0.0,,False,False
19:57:27,Baseline,Deep_Learning,2.25,147.2,,,,0.996,True,False
19:57:27,Baseline,Heuristic,0.1,1.01,0.278,0.239,0.0,,False,False
19:57:27,Baseline,Deep_Learning,2.18,147.42,,,,0.996,True,False
19:57:27,Baseline,Heuristic,0.1,1.01,0.279,0.236,0.0,,False,False
19:57:27,Baseline,Deep_Learning,2.23,147.01,,,,0.996,True,False
19:57:27,Baseline,Heuristic,0.1,1.01,0.28,0.232,0.0,,False,False
19:57:27,Baseline,Deep_Learning,2.31,147.04,,,,0.996,True,False
19:57:27,Baseline,Heuristic,0.1,1.01,0.281,0.228,0.0,,False,False
19:57:27,Baseline,Deep_Learning,2.23,147.04,,,,0.996,True,False
19:57:28,Baseline,Heuristic,0.11,1.01,0.283,0.225,0.0,,False,False
19:57:28,Baseline,Deep_Learning,2.2,147.26,,,,0.996,True,False
19:57:28,Baseline,Heuristic,0.1,1.01,0.284,0.221,0.0,,False,False
19:57:28,Baseline,Deep_Learning,2.23,147.01,,,,0.996,True,False
19:57:28,Baseline,Heuristic,0.1,1.01,0.285,0.217,0.0,,False,False
19:57:28,Baseline,Deep_Learning,2.25,147.01,,,,0.996,True,False
19:57:28,Baseline,Heuristic,0.11,1.01,0.286,0.213,0.0,,False,False
19:57:28,Baseline,Deep_Learning,2.19,146.12,,,,0.996,True,False
19:57:28,Baseline,Heuristic,0.11,1.01,0.287,0.21,0.0,,False,False
19:57:28,Baseline,Deep_Learning,2.22,145.87,,,,0.996,True,False
19:57:28,Baseline,Heuristic,0.11,1.01,0.288,0.206,0.0,,False,False
19:57:28,Baseline,Deep_Learning,2.3,145.65,,,,0.996,True,False
19:57:28,Baseline,Heuristic,0.1,1.01,0.289,0.202,0.0,,False,False
19:57:28,Baseline,Deep_Learning,2.23,145.87,,,,0.996,True,False
19:57:28,Baseline,Heuristic,0.11,1.01,0.29,0.198,0.0,,False,False
19:57:28,Baseline,Deep_Learning,2.27,145.87,,,,0.996,True,False
19:57:28,Baseline,Heuristic,0.11,1.01,0.291,0.195,0.0,,False,False
19:57:28,Baseline,Deep_Learning,2.26,145.65,,,,0.996,True,False
19:57:28,Baseline,Heuristic,0.13,1.01,0.292,0.191,0.0,,False,False
19:57:28,Baseline,Deep_Learning,2.26,146.12,,,,0.996,True,False
19:57:28,Baseline,Heuristic,0.11,1.01,0.293,0.188,0.0,,False,False
19:57:28,Baseline,Deep_Learning,2.19,146.12,,,,0.996,True,False
19:57:28,Baseline,Heuristic,0.12,1.01,0.293,0.184,0.0,,False,False
19:57:28,Baseline,Deep_Learning,2.26,146.12,,,,0.996,True,False
19:57:28,Baseline,Heuristic,0.1,1.01,0.294,0.181,0.0,,False,False
19:57:28,Baseline,Deep_Learning,2.15,146.37,,,,0.996,True,False
19:57:28,Baseline,Heuristic,0.11,1.01,0.295,0.177,0.0,,False,False
19:57:28,Baseline,Deep_Learning,2.42,146.34,,,,0.996,True,False
19:57:28,Baseline,Heuristic,0.11,1.01,0.296,0.174,0.0,,False,False
19:57:28,Baseline,Deep_Learning,2.34,146.34,,,,0.996,True,False
19:57:28,Baseline,Heuristic,0.1,1.01,0.297,0.171,0.0,,False,False
19:57:28,Baseline,Deep_Learning,2.26,145.45,,,,0.996,True,False
19:57:28,Baseline,Heuristic,0.1,1.01,0.297,0.168,0.0,,False,False
19:57:28,Baseline,Deep_Learning,2.17,145.2,,,,0.996,True,False
19:57:28,Baseline,Heuristic,0.1,1.01,0.298,0.164,0.0,,False,False
19:57:28,Baseline,Deep_Learning,2.32,144.96,,,,0.996,True,False
19:57:28,Baseline,Heuristic,0.1,1.01,0.299,0.161,0.0,,False,False
19:57:28,Baseline,Deep_Learning,2.35,145.89,,,,0.996,True,False
19:57:28,Baseline,Heuristic,0.11,1.01,0.299,0.158,0.0,,False,False
19:57:28,Baseline,Deep_Learning,2.22,145.65,,,,0.996,True,False
19:57:28,Baseline,Heuristic,0.11,1.01,0.3,0.155,0.0,,False,False
19:57:28,Baseline,Deep_Learning,2.39,145.65,,,,0.996,True,False
19:57:28,Baseline,Heuristic,0.11,1.01,0.301,0.152,0.0,,False,False
19:57:28,Baseline,Deep_Learning,2.28,146.09,,,,0.996,True,False
19:57:28,Baseline,Heuristic,0.1,1.01,0.301,0.149,0.0,,False,False
19:57:28,Baseline,Deep_Learning,2.24,145.87,,,,0.996,True,False
19:57:28,Baseline,Heuristic,0.1,1.01,0.302,0.147,0.0,,False,False
19:57:28,Baseline,Deep_Learning,2.99,145.89,,,,0.996,True,False
19:57:28,Baseline,Heuristic,0.11,1.01,0.303,0.145,0.0,,False,False
19:57:28,Baseline,Deep_Learning,2.36,145.87,,,,0.992,True,False
19:57:28,Baseline,Heuristic,0.11,1.01,0.303,0.142,0.0,,False,False
19:57:28,Baseline,Deep_Learning,2.4,146.12,,,,0.996,True,False
19:57:28,Baseline,Heuristic,0.11,1.01,0.304,0.14,0.0,,False,False
19:57:28,Baseline,Deep_Learning,2.31,146.56,,,,0.996,True,False
19:57:28,Baseline,Heuristic,0.11,1.01,0.304,0.138,0.0,,False,False
19:57:28,Baseline,Deep_Learning,2.31,146.34,,,,0.996,True,False
19:57:28,Baseline,Heuristic,0.1,1.01,0.305,0.136,0.0,,False,False
19:57:28,Baseline,Deep_Learning,2.34,146.34,,,,0.996,True,False
19:57:28,Baseline,Heuristic,0.11,1.01,0.305,0.134,0.0,,False,False
19:57:28,Baseline,Deep_Learning,2.27,146.56,,,,0.996,True,False
19:57:29,Baseline,Heuristic,0.11,1.01,0.306,0.131,0.0,,False,False
19:57:29,Baseline,Deep_Learning,2.21,145.87,,,,0.996,True,False
19:57:29,Baseline,Heuristic,0.11,1.01,0.306,0.129,0.0,,False,False
19:57:29,Baseline,Deep_Learning,2.17,145.87,,,,0.996,True,False
19:57:29,Baseline,Heuristic,0.11,1.01,0.307,0.127,0.0,,False,False
19:57:29,Baseline,Deep_Learning,2.88,145.87,,,,0.996,True,False
19:57:29,Baseline,Heuristic,0.1,1.01,0.307,0.124,0.0,,False,False
19:57:29,Baseline,Deep_Learning,2.26,145.84,,,,0.996,True,False
19:57:29,Baseline,Heuristic,0.1,1.01,0.307,0.122,0.0,,False,False
19:57:29,Baseline,Deep_Learning,2.29,145.84,,,,0.996,True,False
19:57:29,Baseline,Heuristic,0.12,1.01,0.308,0.12,0.0,,False,False
19:57:29,Baseline,Deep_Learning,2.2,145.62,,,,0.996,True,False
19:57:29,Baseline,Heuristic,0.11,1.01,0.308,0.118,0.0,,False,False
19:57:29,Baseline,Deep_Learning,2.27,145.87,,,,0.996,True,False
19:57:29,Baseline,Heuristic,0.1,1.01,0.308,0.115,0.0,,False,False
19:57:29,Baseline,Deep_Learning,2.67,146.59,,,,0.996,True,False
19:57:29,Baseline,Heuristic,0.1,1.01,0.309,0.113,0.0,,False,False
19:57:29,Baseline,Deep_Learning,2.2,146.84,,,,0.996,True,False
19:57:29,Baseline,Heuristic,0.11,1.01,0.309,0.111,0.0,,False,False
19:57:29,Baseline,Deep_Learning,2.3,147.06,,,,0.996,True,False
19:57:29,Baseline,Heuristic,0.11,1.01,0.31,0.109,0.0,,False,False
19:57:29,Baseline,Deep_Learning,2.32,147.29,,,,0.996,True,False
19:57:29,Baseline,Heuristic,0.1,1.01,0.31,0.107,0.0,,False,False
19:57:29,Baseline,Deep_Learning,2.19,147.26,,,,0.996,True,False
19:57:29,Baseline,Heuristic,0.1,1.01,0.31,0.105,0.0,,False,False
19:57:29,Baseline,Deep_Learning,2.18,148.27,,,,0.996,True,False
19:57:29,Baseline,Heuristic,0.1,1.01,0.311,0.103,0.0,,False,False
19:57:29,Baseline,Deep_Learning,2.18,147.77,,,,0.996,True,False
19:57:29,Baseline,Heuristic,0.11,1.01,0.311,0.101,0.0,,False,False
19:57:29,Baseline,Deep_Learning,2.35,148.02,,,,0.996,True,False
19:57:29,Baseline,Heuristic,0.15,1.01,0.312,0.099,0.0,,False,False
19:57:29,Baseline,Deep_Learning,2.27,147.99,,,,0.996,True,False
19:57:29,Baseline,Heuristic,0.11,1.01,0.312,0.097,0.0,,False,False
19:57:29,Baseline,Deep_Learning,2.22,150.16,,,,0.996,True,False
19:57:29,Baseline,Heuristic,0.11,1.01,0.311,0.095,0.0,,False,False
19:57:29,Baseline,Deep_Learning,2.28,151.66,,,,0.973,True,False
19:57:29,Baseline,Heuristic,0.1,1.01,0.311,0.093,0.0,,False,False
19:57:29,Baseline,Deep_Learning,2.13,149.54,,,,0.996,True,False
19:57:29,Baseline,Heuristic,0.1,1.01,0.311,0.091,0.0,,False,False
19:57:29,Baseline,Deep_Learning,2.19,149.01,,,,0.996,True,False
19:57:29,Baseline,Heuristic,0.11,1.01,0.311,0.09,0.0,,False,False
19:57:29,Baseline,Deep_Learning,2.2,149.01,,,,0.996,True,False
19:57:29,Baseline,Heuristic,0.11,1.01,0.311,0.088,0.0,,False,False
19:57:29,Baseline,Deep_Learning,2.19,148.49,,,,0.996,True,False
19:57:29,Baseline,Heuristic,0.1,1.01,0.312,0.086,0.0,,False,False
19:57:29,Baseline,Deep_Learning,2.19,148.01,,,,0.996,True,False
19:57:29,Baseline,Heuristic,0.1,1.01,0.312,0.085,0.0,,False,False
19:57:29,Baseline,Deep_Learning,2.12,148.23,,,,0.996,True,False
19:57:29,Baseline,Heuristic,0.1,1.01,0.313,0.083,0.0,,False,False
19:57:29,Baseline,Deep_Learning,2.12,147.27,,,,0.996,True,False
19:57:29,Baseline,Heuristic,0.11,1.01,0.314,0.081,0.0,,False,False
19:57:29,Baseline,Deep_Learning,2.19,147.53,,,,0.996,True,False
19:57:29,Baseline,Heuristic,0.11,1.01,0.315,0.08,0.0,,False,False
19:57:29,Baseline,Deep_Learning,2.14,147.53,,,,0.996,True,False
19:57:29,Baseline,Heuristic,0.1,1.01,0.316,0.078,0.0,,False,False
19:57:29,Baseline,Deep_Learning,2.14,147.53,,,,0.996,True,False
19:57:29,Baseline,Heuristic,0.11,1.01,0.317,0.077,0.0,,False,False
19:57:29,Baseline,Deep_Learning,2.12,147.27,,,,0.996,True,False
19:57:29,Baseline,Heuristic,0.11,1.01,0.318,0.075,0.0,,False,False
19:57:29,Baseline,Deep_Learning,2.29,147.53,,,,0.996,True,False
19:57:29,Baseline,Heuristic,0.12,1.01,0.319,0.074,0.0,,False,False
19:57:29,Baseline,Deep_Learning,2.22,146.14,,,,0.996,True,False
19:57:30,Baseline,Heuristic,0.11,1.01,0.321,0.072,0.0,,False,False
19:57:30,Baseline,Deep_Learning,2.19,146.83,,,,0.996,True,False
19:57:30,Baseline,Heuristic,0.11,1.01,0.322,0.071,0.0,,False,False
19:57:30,Baseline,Deep_Learning,2.32,146.83,,,,0.996,True,False
19:57:30,Baseline,Heuristic,0.1,1.01,0.323,0.069,0.0,,False,False
19:57:30,Baseline,Deep_Learning,2.19,146.1,,,,0.996,True,False
19:57:30,Baseline,Heuristic,0.1,1.01,0.324,0.068,0.0,,False,False
19:57:30,Baseline,Deep_Learning,2.2,146.1,,,,0.996,True,False
19:57:30,Baseline,Heuristic,0.13,1.01,0.325,0.067,0.0,,False,False
19:57:30,Baseline,Deep_Learning,2.36,146.1,,,,0.996,True,False
19:57:30,Baseline,Heuristic,0.11,1.01,0.326,0.066,0.0,,False,False
19:57:30,Baseline,Deep_Learning,2.23,146.36,,,,0.996,True,False
19:57:30,Baseline,Heuristic,0.1,1.01,0.327,0.064,0.0,,False,False
19:57:30,Baseline,Deep_Learning,2.42,146.36,,,,0.996,True,False
19:57:30,Baseline,Heuristic,0.11,1.01,0.328,0.063,0.0,,False,False
19:57:30,Baseline,Deep_Learning,2.41,146.61,,,,0.996,True,False
19:57:30,Baseline,Heuristic,0.11,1.01,0.329,0.062,0.0,,False,False
19:57:30,Baseline,Deep_Learning,2.5,147.13,,,,0.973,True,False
19:57:30,Baseline,Heuristic,0.11,1.01,0.329,0.061,0.0,,False,False
19:57:30,Baseline,Deep_Learning,2.28,147.38,,,,0.902,True,False
19:57:30,Baseline,Heuristic,0.1,1.01,0.329,0.06,0.0,,False,False
19:57:30,Baseline,Deep_Learning,2.19,147.61,,,,0.715,False,False
19:57:30,Baseline,Heuristic,0.11,1.01,0.328,0.059,0.0,,False,False
19:57:30,Baseline,Deep_Learning,2.31,148.22,,,,0.16,False,False
19:57:30,Baseline,Heuristic,0.12,1.01,0.327,0.058,0.0,,False,False
19:57:30,Baseline,Deep_Learning,2.32,147.32,,,,0.547,False,False
19:57:30,Baseline,Heuristic,0.13,1.01,0.325,0.057,0.0,,False,False
19:57:30,Baseline,Deep_Learning,4.46,146.64,,,,0.547,False,False
19:57:30,Baseline,Heuristic,0.11,1.01,0.323,0.056,0.0,,False,False
19:57:30,Baseline,Deep_Learning,2.22,149.49,,,,0.996,True,False
19:57:30,Baseline,Heuristic,0.12,1.01,0.322,0.055,0.0,,False,False
19:57:30,Baseline,Deep_Learning,2.51,151.19,,,,0.996,True,False
19:57:30,Baseline,Heuristic,0.11,1.01,0.321,0.054,0.0,,False,False
19:57:30,Baseline,Deep_Learning,2.42,151.42,,,,0.996,True,False
19:57:30,Baseline,Heuristic,0.11,1.01,0.32,0.053,0.0,,False,False
19:57:30,Baseline,Deep_Learning,2.35,150.88,,,,0.996,True,False
19:57:30,Baseline,Heuristic,0.11,1.01,0.319,0.052,0.0,,False,False
19:57:30,Baseline,Deep_Learning,2.23,150.58,,,,0.996,True,False
19:57:30,Baseline,Heuristic,0.11,1.01,0.318,0.051,0.0,,False,False
19:57:30,Baseline,Deep_Learning,2.23,150.58,,,,0.996,True,False
19:57:30,Baseline,Heuristic,0.13,1.01,0.318,0.051,0.0,,False,False
19:57:30,Baseline,Deep_Learning,2.42,151.04,,,,0.996,True,False
19:57:30,Baseline,Heuristic,0.1,1.01,0.318,0.05,0.0,,False,False
19:57:30,Baseline,Deep_Learning,2.34,151.04,,,,0.996,True,False
19:57:30,Baseline,Heuristic,0.1,1.01,0.318,0.049,0.0,,False,False
19:57:30,Baseline,Deep_Learning,2.26,151.04,,,,0.996,True,False
19:57:30,Baseline,Heuristic,0.11,1.01,0.318,0.049,0.0,,False,False
19:57:30,Baseline,Deep_Learning,2.25,152.62,,,,0.996,True,False
19:57:30,Baseline,Heuristic,0.11,1.01,0.317,0.048,0.0,,False,False
19:57:30,Baseline,Deep_Learning,2.2,152.18,,,,0.996,True,False
19:57:30,Baseline,Heuristic,0.1,1.01,0.317,0.048,0.0,,False,False
19:57:30,Baseline,Deep_Learning,2.28,152.2,,,,0.996,True,False
19:57:30,Baseline,Heuristic,0.11,1.01,0.317,0.047,0.0,,False,False
19:57:30,Baseline,Deep_Learning,2.35,151.19,,,,0.5,False,False
19:57:30,Baseline,Heuristic,0.11,1.01,0.316,0.047,0.0,,False,False
19:57:30,Baseline,Deep_Learning,2.36,150.47,,,,0.41,False,False
19:57:30,Baseline,Heuristic,0.11,1.01,0.316,0.046,0.0,,False,False
19:57:30,Baseline,Deep_Learning,2.31,149.98,,,,0.215,False,False
19:57:31,Baseline,Heuristic,0.11,1.01,0.315,0.046,0.0,,False,False
19:57:31,Baseline,Deep_Learning,2.18,149.95,,,,0.98,True,False
19:57:31,Baseline,Heuristic,0.11,1.01,0.315,0.045,0.0,,False,False
19:57:31,Baseline,Deep_Learning,2.49,149.47,,,,0.93,True,False
19:57:31,Baseline,Heuristic,0.11,1.01,0.315,0.045,0.0,,False,False
19:57:31,Baseline,Deep_Learning,2.61,149.47,,,,0.93,True,False
19:57:31,Baseline,Heuristic,0.11,1.01,0.314,0.044,0.0,,False,False
19:57:31,Baseline,Deep_Learning,2.24,149.7,,,,0.637,False,False
19:57:31,Baseline,Heuristic,0.1,1.01,0.314,0.044,0.0,,False,False
19:57:31,Baseline,Deep_Learning,2.19,149.7,,,,0.637,False,False
19:57:31,Baseline,Heuristic,0.11,1.01,0.314,0.045,0.0,,False,False
19:57:31,Baseline,Deep_Learning,2.23,149.7,,,,0.637,False,False
19:57:31,Baseline,Heuristic,0.14,1.01,0.314,0.045,0.0,,False,False
19:57:31,Baseline,Deep_Learning,2.38,149.95,,,,0.117,False,False
19:57:31,Baseline,Heuristic,0.11,1.01,0.314,0.046,0.0,,False,False
19:57:31,Baseline,Deep_Learning,2.34,150.18,,,,0.117,False,False
19:57:31,Baseline,Heuristic,0.11,1.01,0.314,0.047,0.0,,False,False
19:57:31,Baseline,Deep_Learning,2.28,150.44,,,,0.07,False,False
19:57:31,Baseline,Heuristic,0.11,1.01,0.315,0.048,0.0,,False,False
19:57:31,Baseline,Deep_Learning,2.26,150.41,,,,0.137,False,False
19:57:31,Baseline,Heuristic,0.11,1.01,0.315,0.049,0.0,,False,False
19:57:31,Baseline,Deep_Learning,2.31,150.16,,,,0.117,False,False
19:57:31,Baseline,Heuristic,0.11,1.01,0.315,0.05,0.0,,False,False
19:57:31,Baseline,Deep_Learning,2.32,150.16,,,,0.117,False,False
19:57:31,Baseline,Heuristic,0.11,1.01,0.315,0.051,0.0,,False,False
19:57:31,Baseline,Deep_Learning,2.32,149.93,,,,0.027,False,False
19:57:31,Baseline,Heuristic,0.11,1.01,0.315,0.051,0.0,,False,False
19:57:31,Baseline,Deep_Learning,2.34,149.9,,,,0.215,False,False
19:57:31,Baseline,Heuristic,0.11,1.01,0.316,0.051,0.0,,False,False
19:57:31,Baseline,Deep_Learning,2.39,149.9,,,,0.215,False,False
19:57:31,Baseline,Heuristic,0.12,1.01,0.316,0.051,0.0,,False,False
19:57:31,Baseline,Deep_Learning,2.33,150.12,,,,0.137,False,False
19:57:31,Baseline,Heuristic,0.11,1.01,0.316,0.051,0.0,,False,False
19:57:31,Baseline,Deep_Learning,2.37,150.12,,,,0.137,False,False
19:57:31,Baseline,Heuristic,0.12,1.01,0.316,0.051,0.0,,False,False
19:57:31,Baseline,Deep_Learning,2.47,150.12,,,,0.137,False,False
19:57:31,Baseline,Heuristic,0.11,1.01,0.317,0.05,0.0,,False,False
19:57:31,Baseline,Deep_Learning,2.28,150.16,,,,0.285,False,False
19:57:31,Baseline,Heuristic,0.11,1.01,0.317,0.05,0.0,,False,False
19:57:31,Baseline,Deep_Learning,2.34,149.93,,,,0.137,False,False
19:57:31,Baseline,Heuristic,0.11,1.01,0.318,0.049,0.0,,False,False
19:57:31,Baseline,Deep_Learning,2.39,150.18,,,,0.188,False,False
19:57:31,Baseline,Heuristic,0.12,1.01,0.318,0.049,0.0,,False,False
19:57:31,Baseline,Deep_Learning,2.35,150.7,,,,0.812,True,False
19:57:31,Baseline,Heuristic,0.11,1.01,0.319,0.048,0.0,,False,False
19:57:31,Baseline,Deep_Learning,2.37,150.47,,,,0.984,True,False
19:57:31,Baseline,Heuristic,0.12,1.01,0.319,0.047,0.0,,False,False
19:57:31,Baseline,Deep_Learning,2.23,150.47,,,,0.984,True,False
19:57:31,Baseline,Heuristic,0.11,1.01,0.32,0.047,0.0,,False,False
19:57:31,Baseline,Deep_Learning,2.26,150.93,,,,0.996,True,False
19:57:31,Baseline,Heuristic,0.11,1.01,0.32,0.046,0.0,,False,False
19:57:31,Baseline,Deep_Learning,2.29,150.93,,,,0.996,True,False
19:57:31,Baseline,Heuristic,0.11,1.01,0.321,0.046,0.0,,False,False
19:57:31,Baseline,Deep_Learning,2.24,150.93,,,,0.996,True,False
19:57:31,Baseline,Heuristic,0.11,1.01,0.321,0.045,0.0,,False,False
19:57:31,Baseline,Deep_Learning,2.23,151.16,,,,0.992,True,False
19:57:31,Baseline,Heuristic,0.12,1.01,0.322,0.045,0.0,,False,False
19:57:31,Baseline,Deep_Learning,2.42,151.16,,,,0.992,True,False
19:57:31,Baseline,Heuristic,0.11,1.01,0.322,0.045,0.0,,False,False
19:57:31,Baseline,Deep_Learning,2.29,151.42,,,,0.996,True,False
19:57:31,Baseline,Heuristic,0.11,1.01,0.323,0.045,0.0,,False,False
19:57:31,Baseline,Deep_Learning,2.28,151.66,,,,0.996,True,False
19:57:32,Baseline,Heuristic,0.12,1.01,0.323,0.045,0.0,,False,False
19:57:32,Baseline,Deep_Learning,2.42,151.66,,,,0.996,True,False
19:57:32,Baseline,Heuristic,0.11,1.01,0.324,0.045,0.0,,False,False
19:57:32,Baseline,Deep_Learning,2.19,151.66,,,,0.996,True,False
19:57:32,Baseline,Heuristic,0.11,1.01,0.324,0.045,0.0,,False,False
19:57:32,Baseline,Deep_Learning,2.17,151.19,,,,0.996,True,False
19:57:32,Baseline,Heuristic,0.12,1.01,0.325,0.045,0.0,,False,False
19:57:32,Baseline,Deep_Learning,2.37,150.96,,,,0.996,True,False
19:57:32,Baseline,Heuristic,0.12,1.01,0.325,0.046,0.0,,False,False
19:57:32,Baseline,Deep_Learning,2.24,150.96,,,,0.996,True,False
19:57:32,Baseline,Heuristic,0.1,1.01,0.326,0.046,0.0,,False,False
19:57:32,Baseline,Deep_Learning,2.18,150.93,,,,0.996,True,False
19:57:32,Baseline,Heuristic,0.11,1.01,0.326,0.046,0.0,,False,False
19:57:32,Baseline,Deep_Learning,2.23,150.93,,,,0.996,True,False
19:57:32,Baseline,Heuristic,0.11,1.01,0.326,0.046,0.0,,False,False
19:57:32,Baseline,Deep_Learning,2.38,150.93,,,,0.996,True,False
19:57:32,Baseline,Heuristic,0.1,1.01,0.327,0.047,0.0,,False,False
19:57:32,Baseline,Deep_Learning,2.18,150.7,,,,0.082,False,False
19:57:32,Baseline,Heuristic,0.11,1.01,0.327,0.047,0.0,,False,False
19:57:32,Baseline,Deep_Learning,2.26,150.7,,,,0.59,False,False
19:57:32,Baseline,Heuristic,0.1,1.01,0.327,0.046,0.0,,False,False
19:57:32,Baseline,Deep_Learning,2.51,150.93,,,,0.75,False,False
19:57:32,Baseline,Heuristic,0.11,1.01,0.327,0.046,0.0,,False,False
19:57:32,Baseline,Deep_Learning,2.25,151.16,,,,0.051,False,False
19:57:32,Baseline,Heuristic,0.11,1.01,0.328,0.045,0.0,,False,False
19:57:32,Baseline,Deep_Learning,2.54,151.16,,,,0.051,False,False
19:57:32,Baseline,Heuristic,0.1,1.01,0.328,0.045,0.0,,False,False
19:57:32,Baseline,Deep_Learning,2.2,151.16,,,,0.051,False,False
19:57:32,Baseline,Heuristic,0.11,1.01,0.328,0.044,0.0,,False,False
19:57:32,Baseline,Deep_Learning,2.4,151.19,,,,0.0,False,False
19:57:32,Baseline,Heuristic,0.1,1.01,0.328,0.044,0.0,,False,False
19:57:32,Baseline,Deep_Learning,2.26,150.7,,,,0.0,False,False
19:57:32,Baseline,Heuristic,0.11,1.01,0.328,0.043,0.0,,False,False
19:57:32,Baseline,Deep_Learning,2.29,150.93,,,,0.0,False,False
19:57:32,Baseline,Heuristic,0.11,1.01,0.328,0.042,0.0,,False,False
19:57:32,Baseline,Deep_Learning,2.24,150.9,,,,0.07,False,False
19:57:32,Baseline,Heuristic,0.15,1.01,0.328,0.041,0.0,,False,False
19:57:32,Baseline,Deep_Learning,2.35,150.9,,,,0.07,False,False
19:57:32,Baseline,Heuristic,0.16,1.01,0.328,0.04,0.0,,False,False
19:57:32,Baseline,Deep_Learning,2.31,150.9,,,,0.07,False,False
19:57:32,Baseline,Heuristic,0.11,1.01,0.328,0.04,0.0,,False,False
19:57:32,Baseline,Deep_Learning,2.33,150.93,,,,0.84,True,False
19:57:32,Baseline,Heuristic,0.11,1.01,0.328,0.039,0.0,,False,False
19:57:32,Baseline,Deep_Learning,2.29,151.16,,,,0.812,True,False
19:57:32,Baseline,Heuristic,0.1,1.01,0.328,0.038,0.0,,False,False
19:57:32,Baseline,Deep_Learning,2.31,151.16,,,,0.285,False,False
19:57:32,Baseline,Heuristic,0.1,1.01,0.328,0.037,0.0,,False,False
19:57:32,Baseline,Deep_Learning,2.18,151.4,,,,0.547,False,False
19:57:32,Baseline,Heuristic,0.1,1.01,0.328,0.037,0.0,,False,False
19:57:32,Baseline,Deep_Learning,2.17,151.14,,,,0.59,False,False
19:57:32,Baseline,Heuristic,0.11,1.01,0.329,0.036,0.0,,False,False
19:57:32,Baseline,Deep_Learning,2.21,151.14,,,,0.59,False,False
19:57:32,Baseline,Heuristic,0.1,1.01,0.329,0.035,0.0,,False,False
19:57:32,Baseline,Deep_Learning,2.25,150.88,,,,0.363,False,False
19:57:32,Baseline,Heuristic,0.1,1.01,0.329,0.035,0.0,,False,False
19:57:32,Baseline,Deep_Learning,2.35,151.37,,,,0.363,False,False
19:57:32,Baseline,Heuristic,0.12,1.01,0.329,0.034,0.0,,False,False
19:57:32,Baseline,Deep_Learning,2.19,151.6,,,,0.637,False,False
19:57:32,Baseline,Heuristic,0.1,1.01,0.329,0.034,0.0,,False,False
19:57:32,Baseline,Deep_Learning,2.21,151.4,,,,0.547,False,False
19:57:33,Baseline,Heuristic,0.1,1.01,0.329,0.033,0.0,,False,False
19:57:33,Baseline,Deep_Learning,2.3,151.4,,,,0.547,False,False
19:57:33,Baseline,Heuristic,0.1,1.01,0.329,0.032,0.0,,False,False
19:57:33,Baseline,Deep_Learning,2.18,151.42,,,,0.676,False,False
19:57:33,Baseline,Heuristic,0.1,1.01,0.329,0.032,0.0,,False,False
19:57:33,Baseline,Deep_Learning,2.17,151.4,,,,0.004,False,False
19:57:33,Baseline,Heuristic,0.12,1.01,0.329,0.031,0.0,,False,False
19:57:33,Baseline,Deep_Learning,2.19,151.4,,,,0.004,False,False
19:57:33,Baseline,Heuristic,0.1,1.01,0.33,0.031,0.0,,False,False
19:57:33,Baseline,Deep_Learning,2.21,151.4,,,,0.004,False,False
19:57:33,Baseline,Heuristic,0.23,1.01,0.33,0.03,0.0,,False,False
19:57:33,Baseline,Deep_Learning,4.25,151.19,,,,0.004,False,False
19:57:33,Baseline,Heuristic,0.11,1.01,0.33,0.03,0.0,,False,False
19:57:33,Baseline,Deep_Learning,2.91,151.16,,,,0.07,False,False
19:57:33,Baseline,Heuristic,0.1,1.01,0.329,0.029,0.0,,False,False
19:57:33,Baseline,Deep_Learning,2.46,151.16,,,,0.07,False,False
19:57:33,Baseline,Heuristic,0.11,1.01,0.329,0.029,0.0,,False,False
19:57:33,Baseline,Deep_Learning,2.29,150.67,,,,0.043,False,False
19:57:33,Baseline,Heuristic,0.1,1.01,0.329,0.028,0.0,,False,False
19:57:33,Baseline,Deep_Learning,2.2,150.67,,,,0.035,False,False
19:57:33,Baseline,Heuristic,0.12,1.01,0.328,0.028,0.0,,False,False
19:57:33,Baseline,Deep_Learning,2.29,150.67,,,,0.035,False,False
19:57:33,Baseline,Heuristic,0.11,1.01,0.327,0.027,0.0,,False,False
19:57:33,Baseline,Deep_Learning,2.42,150.67,,,,0.004,False,False
19:57:33,Baseline,Heuristic,0.11,1.01,0.327,0.027,0.0,,False,False
19:57:33,Baseline,Deep_Learning,2.38,150.44,,,,0.016,False,False
19:57:33,Baseline,Heuristic,0.1,1.01,0.326,0.026,0.0,,False,False
19:57:33,Baseline,Deep_Learning,2.27,150.44,,,,0.137,False,False
19:57:33,Baseline,Heuristic,0.12,1.01,0.326,0.026,0.0,,False,False
19:57:33,Baseline,Deep_Learning,2.27,150.44,,,,0.137,False,False
19:57:33,Baseline,Heuristic,0.12,1.01,0.325,0.025,0.0,,False,False
19:57:33,Baseline,Deep_Learning,2.26,150.18,,,,0.285,False,False
19:57:33,Baseline,Heuristic,0.11,1.01,0.325,0.025,0.0,,False,False
19:57:33,Baseline,Deep_Learning,2.24,149.7,,,,0.215,False,False
19:57:33,Baseline,Heuristic,0.1,1.01,0.324,0.024,0.0,,False,False
19:57:33,Baseline,Deep_Learning,2.21,150.18,,,,0.973,True,False
19:57:33,Baseline,Heuristic,0.11,1.01,0.324,0.024,0.0,,False,False
19:57:33,Baseline,Deep_Learning,2.28,150.18,,,,0.973,True,False
19:57:33,Baseline,Heuristic,0.11,1.01,0.324,0.023,0.0,,False,False
19:57:33,Baseline,Deep_Learning,2.3,149.7,,,,0.996,True,False
19:57:33,Baseline,Heuristic,0.11,1.01,0.323,0.023,0.0,,False,False
19:57:33,Baseline,Deep_Learning,2.3,149.93,,,,0.996,True,False
19:57:33,Baseline,Heuristic,0.12,1.01,0.323,0.022,0.0,,False,False
19:57:33,Baseline,Deep_Learning,2.23,150.18,,,,0.996,True,False
19:57:33,Baseline,Heuristic,0.1,1.01,0.323,0.022,0.0,,False,False
19:57:33,Baseline,Deep_Learning,2.24,149.95,,,,0.996,True,False
19:57:33,Baseline,Heuristic,0.1,1.01,0.323,0.022,0.0,,False,False
19:57:33,Baseline,Deep_Learning,2.19,149.95,,,,0.941,True,False
19:57:33,Baseline,Heuristic,0.1,1.01,0.323,0.021,0.0,,False,False
19:57:33,Baseline,Deep_Learning,2.18,149.47,,,,0.883,True,False
19:57:33,Baseline,Heuristic,0.11,1.01,0.322,0.021,0.0,,False,False
19:57:33,Baseline,Deep_Learning,2.24,149.21,,,,0.957,True,False
19:57:33,Baseline,Heuristic,0.11,1.01,0.322,0.02,0.0,,False,False
19:57:33,Baseline,Deep_Learning,2.26,149.21,,,,0.957,True,False
19:57:34,Baseline,Heuristic,0.11,1.01,0.322,0.02,0.0,,False,False
19:57:34,Baseline,Deep_Learning,2.21,147.51,,,,0.0,False,False
19:57:34,Baseline,Heuristic,0.11,1.01,0.322,0.02,0.0,,False,False
19:57:34,Baseline,Deep_Learning,2.3,147.54,,,,0.004,False,False
19:57:34,Baseline,Heuristic,0.1,1.01,0.322,0.019,0.0,,False,False
19:57:34,Baseline,Deep_Learning,2.16,148.75,,,,0.004,False,False
19:57:34,Baseline,Heuristic,0.1,1.01,0.322,0.019,0.0,,False,False
19:57:34,Baseline,Deep_Learning,2.15,148.75,,,,0.004,False,False
19:57:34,Baseline,Heuristic,0.14,1.01,0.321,0.019,0.0,,False,False
19:57:34,Baseline,Deep_Learning,2.43,148.75,,,,0.004,False,False
19:57:34,Baseline,Heuristic,0.11,1.01,0.321,0.018,0.0,,False,False
19:57:34,Baseline,Deep_Learning,2.26,148.04,,,,0.285,False,False
19:57:34,Baseline,Heuristic,0.11,1.01,0.32,0.018,0.0,,False,False
19:57:34,Baseline,Deep_Learning,2.26,148.04,,,,0.285,False,False
19:57:34,Baseline,Heuristic,0.1,1.01,0.32,0.018,0.0,,False,False
19:57:34,Baseline,Deep_Learning,2.28,147.34,,,,0.0,False,False
19:57:34,Baseline,Heuristic,0.11,1.01,0.319,0.017,0.0,,False,False
19:57:34,Baseline,Deep_Learning,2.2,146.64,,,,0.051,False,False
19:57:34,Baseline,Heuristic,0.1,1.01,0.319,0.017,0.0,,False,False
19:57:34,Baseline,Deep_Learning,2.23,146.64,,,,0.004,False,False
19:57:34,Baseline,Heuristic,0.15,1.01,0.318,0.017,0.0,,False,False
19:57:34,Baseline,Deep_Learning,2.4,146.64,,,,0.004,False,False
19:57:34,Baseline,Heuristic,0.1,1.01,0.318,0.016,0.0,,False,False
19:57:34,Baseline,Deep_Learning,2.24,146.17,,,,0.0,False,False
19:57:34,Baseline,Heuristic,0.11,1.01,0.318,0.016,0.0,,False,False
19:57:34,Baseline,Deep_Learning,2.19,146.39,,,,0.0,False,False
19:57:34,Baseline,Heuristic,0.16,1.01,0.318,0.016,0.0,,False,False
19:57:34,Baseline,Deep_Learning,2.74,146.39,,,,0.0,False,False
19:57:34,Baseline,Heuristic,0.11,1.01,0.318,0.016,0.0,,False,False
19:57:34,Baseline,Deep_Learning,2.27,148.27,,,,0.41,False,False
19:57:34,Baseline,Heuristic,0.11,1.01,0.318,0.015,0.0,,False,False
19:57:34,Baseline,Deep_Learning,2.23,148.55,,,,0.812,True,False
19:57:34,Baseline,Heuristic,0.11,1.01,0.318,0.015,0.0,,False,False
19:57:34,Baseline,Deep_Learning,2.41,148.8,,,,0.285,False,False
19:57:34,Baseline,Heuristic,0.11,1.01,0.318,0.015,0.0,,False,False
19:57:34,Baseline,Deep_Learning,2.36,148.3,,,,0.016,False,False
19:57:34,Baseline,Heuristic,0.12,1.01,0.318,0.015,0.0,,False,False
19:57:34,Baseline,Deep_Learning,2.26,148.3,,,,0.008,False,False
19:57:34,Baseline,Heuristic,0.11,1.01,0.318,0.014,0.0,,False,False
19:57:34,Baseline,Deep_Learning,2.24,148.3,,,,0.008,False,False
19:57:34,Baseline,Heuristic,0.21,1.01,0.317,0.014,0.0,,False,False
19:57:34,Baseline,Deep_Learning,2.72,148.3,,,,0.008,False,False
19:57:34,Baseline,Heuristic,0.11,1.01,0.317,0.014,0.0,,False,False
19:57:34,Baseline,Deep_Learning,2.29,149.03,,,,0.02,False,False
19:57:34,Baseline,Heuristic,0.1,1.01,0.317,0.014,0.0,,False,False
19:57:34,Baseline,Deep_Learning,2.22,149.26,,,,0.016,False,False
19:57:34,Baseline,Heuristic,0.1,1.01,0.317,0.013,0.0,,False,False
19:57:34,Baseline,Deep_Learning,2.18,149.75,,,,0.949,True,False
19:57:34,Baseline,Heuristic,0.27,1.01,0.317,0.013,0.0,,False,False
19:57:34,Baseline,Deep_Learning,2.17,149.98,,,,0.547,False,False
19:57:34,Baseline,Heuristic,0.1,1.01,0.317,0.013,0.0,,False,False
19:57:34,Baseline,Deep_Learning,2.26,149.98,,,,0.547,False,False
19:57:35,Baseline,Heuristic,0.11,1.01,0.317,0.013,0.0,,False,False
19:57:35,Baseline,Deep_Learning,2.4,150.0,,,,0.984,True,False
19:57:35,Baseline,Heuristic,0.11,1.01,0.317,0.013,0.0,,False,False
19:57:35,Baseline,Deep_Learning,2.33,150.0,,,,0.984,True,False
19:57:35,Baseline,Heuristic,0.11,1.01,0.317,0.012,0.0,,False,False
19:57:35,Baseline,Deep_Learning,2.32,150.47,,,,0.016,False,False
19:57:35,Baseline,Heuristic,0.1,1.01,0.316,0.012,0.0,,False,False
19:57:35,Baseline,Deep_Learning,2.36,150.7,,,,0.02,False,False
19:57:35,Baseline,Heuristic,0.1,1.01,0.316,0.012,0.0,,False,False
19:57:35,Baseline,Deep_Learning,2.35,150.96,,,,0.676,False,False
19:57:35,Baseline,Heuristic,0.11,1.01,0.316,0.012,0.0,,False,False
19:57:35,Baseline,Deep_Learning,2.33,150.96,,,,0.676,False,False
19:57:35,Baseline,Heuristic,0.1,1.01,0.316,0.012,0.0,,False,False
19:57:35,Baseline,Deep_Learning,2.17,150.72,,,,0.988,True,False
19:57:35,Baseline,Heuristic,0.1,1.01,0.316,0.011,0.0,,False,False
19:57:35,Baseline,Deep_Learning,2.19,150.72,,,,0.957,True,False
19:57:35,Baseline,Heuristic,0.1,1.01,0.315,0.011,0.0,,False,False
19:57:35,Baseline,Deep_Learning,3.02,150.72,,,,0.957,True,False
