Timestamp,Condition,Pipeline,Latency_ms,Peak_RAM_KB,EAR,MAR,PERCLOS,DL_Prob,System_Alert,Ground_Truth_Fatigue
14:47:51,Baseline,Heuristic,0.24,10.13,0.251,0.008,0.0,,False,False
14:47:51,Baseline,Deep_Learning,2.51,177.7,,,,0.0,False,False
14:47:51,Baseline,Heuristic,0.1,1.01,0.266,0.007,0.0,,False,False
14:47:51,Baseline,Deep_Learning,1.71,153.37,,,,0.0,False,False
14:47:51,Baseline,Heuristic,0.09,1.01,0.268,0.006,0.0,,False,False
14:47:51,Baseline,Deep_Learning,1.91,153.64,,,,0.0,False,False
14:47:51,Baseline,Heuristic,0.1,1.01,0.268,0.005,0.0,,False,False
14:47:51,Baseline,Deep_Learning,1.73,153.68,,,,0.0,False,False
14:47:51,Baseline,Heuristic,0.09,1.01,0.268,0.005,0.0,,False,False
14:47:51,Baseline,Deep_Learning,1.57,153.68,,,,0.0,False,False
14:47:51,Baseline,Heuristic,0.19,1.01,0.268,0.005,0.0,,False,False
14:47:51,Baseline,Deep_Learning,2.96,153.68,,,,0.0,False,False
14:47:51,Baseline,Heuristic,0.33,1.01,0.268,0.004,0.0,,False,False
14:47:51,Baseline,Deep_Learning,3.09,153.41,,,,0.0,False,False
14:47:51,Baseline,Heuristic,0.1,1.01,0.268,0.004,0.0,,False,False
14:47:51,Baseline,Deep_Learning,3.3,153.41,,,,0.0,False,False
14:47:51,Baseline,Heuristic,0.1,1.01,0.268,0.004,0.0,,False,False
14:47:51,Baseline,Deep_Learning,1.98,153.14,,,,0.0,False,False
14:47:51,Baseline,Heuristic,0.1,1.01,0.269,0.004,0.0,,False,False
14:47:51,Baseline,Deep_Learning,1.7,153.41,,,,0.0,False,False
14:47:51,Baseline,Heuristic,0.1,1.01,0.269,0.004,0.0,,False,False
14:47:51,Baseline,Deep_Learning,1.7,153.18,,,,0.0,False,False
14:47:51,Baseline,Heuristic,0.1,1.01,0.268,0.004,0.0,,False,False
14:47:51,Baseline,Deep_Learning,1.68,153.18,,,,0.0,False,False
14:47:51,Baseline,Heuristic,0.11,1.01,0.268,0.004,0.0,,False,False
14:47:51,Baseline,Deep_Learning,1.66,153.18,,,,0.0,False,False
14:47:51,Baseline,Heuristic,0.1,1.01,0.268,0.003,0.0,,False,False
14:47:51,Baseline,Deep_Learning,1.91,153.18,,,,0.0,False,False
14:47:51,Baseline,Heuristic,0.1,1.01,0.267,0.003,0.0,,False,False
14:47:51,Baseline,Deep_Learning,2.7,152.95,,,,0.0,False,False
14:47:52,Baseline,Heuristic,0.1,1.01,0.267,0.003,0.0,,False,False
14:47:52,Baseline,Deep_Learning,1.66,152.95,,,,0.0,False,False
14:47:52,Baseline,Heuristic,0.15,1.01,0.266,0.003,0.0,,False,False
14:47:52,Baseline,Deep_Learning,2.69,152.99,,,,0.0,False,False
14:47:52,Baseline,Heuristic,0.23,1.27,0.263,0.003,0.0,,False,False
14:47:52,Baseline,Deep_Learning,4.36,152.72,,,,0.0,False,False
14:47:52,Baseline,Heuristic,0.16,1.01,0.261,0.003,0.0,,False,False
14:47:52,Baseline,Deep_Learning,2.86,152.95,,,,0.0,False,False
14:47:52,Baseline,Heuristic,0.1,1.01,0.259,0.003,0.0,,False,False
14:47:52,Baseline,Deep_Learning,1.69,153.18,,,,0.0,False,False
14:47:52,Baseline,Heuristic,0.1,1.01,0.258,0.003,0.0,,False,False
14:47:52,Baseline,Deep_Learning,1.83,153.18,,,,0.0,False,False
14:47:52,Baseline,Heuristic,0.1,1.01,0.258,0.003,0.0,,False,False
14:47:52,Baseline,Deep_Learning,1.79,153.41,,,,0.0,False,False
14:47:52,Baseline,Heuristic,0.1,1.01,0.259,0.003,0.0,,False,False
14:47:52,Baseline,Deep_Learning,1.57,153.41,,,,0.0,False,False
14:47:52,Baseline,Heuristic,0.13,1.01,0.26,0.003,0.0,,False,False
14:47:52,Baseline,Deep_Learning,1.98,153.41,,,,0.0,False,False
14:47:52,Baseline,Heuristic,0.1,1.01,0.261,0.003,0.0,,False,False
14:47:52,Baseline,Deep_Learning,1.93,153.41,,,,0.0,False,False
14:47:52,Baseline,Heuristic,0.13,1.01,0.262,0.003,0.0,,False,False
14:47:52,Baseline,Deep_Learning,2.97,153.45,,,,0.0,False,False
14:47:52,Baseline,Heuristic,0.1,1.01,0.263,0.003,0.0,,False,False
14:47:52,Baseline,Deep_Learning,1.66,153.22,,,,0.0,False,False
14:47:52,Baseline,Heuristic,0.16,1.01,0.265,0.003,0.0,,False,False
14:47:52,Baseline,Deep_Learning,3.03,152.95,,,,0.0,False,False
14:47:53,Baseline,Heuristic,0.11,1.01,0.266,0.003,0.0,,False,False
14:47:53,Baseline,Deep_Learning,1.64,152.95,,,,0.0,False,False
14:47:53,Baseline,Heuristic,0.11,1.01,0.267,0.003,0.0,,False,False
14:47:53,Baseline,Deep_Learning,1.85,153.18,,,,0.0,False,False
14:47:53,Baseline,Heuristic,0.1,1.01,0.268,0.004,0.0,,False,False
14:47:53,Baseline,Deep_Learning,1.7,152.95,,,,0.0,False,False
14:47:53,Baseline,Heuristic,0.3,1.01,0.268,0.004,0.0,,False,False
14:47:53,Baseline,Deep_Learning,5.15,152.72,,,,0.0,False,False
14:47:53,Baseline,Heuristic,0.1,1.01,0.268,0.004,0.0,,False,False
14:47:53,Baseline,Deep_Learning,1.64,152.26,,,,0.0,False,False
14:47:53,Baseline,Heuristic,0.18,1.01,0.269,0.004,0.0,,False,False
14:47:53,Baseline,Deep_Learning,1.92,152.26,,,,0.0,False,False
14:47:53,Baseline,Heuristic,0.09,1.01,0.269,0.004,0.0,,False,False
14:47:53,Baseline,Deep_Learning,1.88,152.26,,,,0.0,False,False
14:47:53,Baseline,Heuristic,0.27,1.01,0.268,0.005,0.0,,False,False
14:47:53,Baseline,Deep_Learning,5.16,152.03,,,,0.0,False,False
14:47:53,Baseline,Heuristic,0.1,1.01,0.266,0.005,0.0,,False,False
14:47:53,Baseline,Deep_Learning,1.7,151.5,,,,0.0,False,False
14:47:53,Baseline,Heuristic,0.12,1.01,0.265,0.005,0.0,,False,False
14:47:53,Baseline,Deep_Learning,2.02,150.78,,,,0.0,False,False
14:47:53,Baseline,Heuristic,0.12,1.01,0.265,0.005,0.0,,False,False
14:47:53,Baseline,Deep_Learning,1.97,150.32,,,,0.0,False,False
14:47:53,Baseline,Heuristic,0.12,1.01,0.265,0.005,0.0,,False,False
14:47:53,Baseline,Deep_Learning,2.06,149.35,,,,0.0,False,False
14:47:53,Baseline,Heuristic,0.12,1.01,0.265,0.005,0.0,,False,False
14:47:53,Baseline,Deep_Learning,1.93,147.68,,,,0.0,False,False
14:47:54,Baseline,Heuristic,0.1,1.01,0.265,0.005,0.0,,False,False
14:47:54,Baseline,Deep_Learning,1.66,142.95,,,,0.0,False,False
14:47:54,Baseline,Heuristic,0.14,1.01,0.265,0.005,0.0,,False,False
14:47:54,Baseline,Deep_Learning,2.23,140.99,,,,0.0,False,False
14:47:54,Baseline,Heuristic,0.1,1.01,0.266,0.005,0.0,,False,False
14:47:54,Baseline,Deep_Learning,2.11,139.23,,,,0.0,False,False
14:47:54,Baseline,Heuristic,0.24,1.01,0.266,0.005,0.0,,False,False
14:47:54,Baseline,Deep_Learning,4.88,139.41,,,,0.0,False,False
14:47:54,Baseline,Heuristic,0.13,1.01,0.267,0.005,0.0,,False,False
14:47:54,Baseline,Deep_Learning,2.16,140.85,,,,0.0,False,False
14:47:54,Baseline,Heuristic,0.17,1.01,0.267,0.005,0.0,,False,False
14:47:54,Baseline,Deep_Learning,2.93,141.47,,,,0.0,False,False
14:47:54,Baseline,Heuristic,0.1,1.01,0.267,0.005,0.0,,False,False
14:47:54,Baseline,Deep_Learning,1.73,140.27,,,,0.0,False,False
14:47:54,Baseline,Heuristic,0.11,1.01,0.267,0.005,0.0,,False,False
14:47:54,Baseline,Deep_Learning,2.07,139.79,,,,0.0,False,False
14:47:54,Baseline,Heuristic,0.11,1.01,0.266,0.005,0.0,,False,False
14:47:54,Baseline,Deep_Learning,2.01,139.82,,,,0.0,False,False
14:47:54,Baseline,Heuristic,0.2,1.27,0.265,0.005,0.0,,False,False
14:47:54,Baseline,Deep_Learning,4.56,139.65,,,,0.0,False,False
14:47:54,Baseline,Heuristic,0.1,1.01,0.265,0.005,0.0,,False,False
14:47:54,Baseline,Deep_Learning,1.74,137.35,,,,0.594,False,False
14:47:54,Baseline,Heuristic,0.1,1.01,0.265,0.005,0.0,,False,False
14:47:54,Baseline,Deep_Learning,3.71,139.54,,,,0.0,False,False
14:47:54,Baseline,Heuristic,0.13,1.01,0.265,0.005,0.0,,False,False
14:47:54,Baseline,Deep_Learning,2.26,141.29,,,,0.0,False,False
14:47:55,Baseline,Heuristic,0.1,1.01,0.265,0.005,0.0,,False,False
14:47:55,Baseline,Deep_Learning,1.78,141.71,,,,0.0,False,False
14:47:55,Baseline,Heuristic,0.1,1.01,0.265,0.005,0.0,,False,False
14:47:55,Baseline,Deep_Learning,1.81,142.41,,,,0.0,False,False
14:47:55,Baseline,Heuristic,0.09,1.01,0.264,0.005,0.0,,False,False
14:47:55,Baseline,Deep_Learning,4.99,142.89,,,,0.0,False,False
14:47:55,Baseline,Heuristic,0.09,1.01,0.264,0.005,0.0,,False,False
14:47:55,Baseline,Deep_Learning,1.65,143.59,,,,0.0,False,False
14:47:55,Baseline,Heuristic,0.12,1.01,0.264,0.004,0.0,,False,False
14:47:55,Baseline,Deep_Learning,2.09,144.05,,,,0.0,False,False
14:47:55,Baseline,Heuristic,0.15,1.01,0.264,0.004,0.0,,False,False
14:47:55,Baseline,Deep_Learning,2.47,144.96,,,,0.0,False,False
14:47:55,Baseline,Heuristic,0.1,1.01,0.264,0.004,0.0,,False,False
14:47:55,Baseline,Deep_Learning,2.33,145.4,,,,0.0,False,False
14:47:55,Baseline,Heuristic,0.09,1.01,0.264,0.004,0.0,,False,False
14:47:55,Baseline,Deep_Learning,1.65,146.59,,,,0.0,False,False
14:47:55,Baseline,Heuristic,0.24,1.01,0.264,0.004,0.0,,False,False
14:47:55,Baseline,Deep_Learning,3.7,146.75,,,,0.0,False,False
14:47:55,Baseline,Heuristic,0.15,1.01,0.264,0.004,0.0,,False,False
14:47:55,Baseline,Deep_Learning,2.71,147.74,,,,0.0,False,False
14:47:55,Baseline,Heuristic,0.12,1.01,0.264,0.004,0.0,,False,False
14:47:55,Baseline,Deep_Learning,2.42,148.22,,,,0.0,False,False
14:47:55,Baseline,Heuristic,0.1,1.01,0.263,0.004,0.0,,False,False
14:47:55,Baseline,Deep_Learning,2.21,148.67,,,,0.0,False,False
14:47:55,Baseline,Heuristic,0.1,1.01,0.263,0.004,0.0,,False,False
14:47:55,Baseline,Deep_Learning,2.22,148.67,,,,0.0,False,False
14:47:56,Baseline,Heuristic,0.1,1.01,0.263,0.004,0.0,,False,False
14:47:56,Baseline,Deep_Learning,2.02,148.7,,,,0.0,False,False
14:47:56,Baseline,Heuristic,0.1,1.01,0.263,0.004,0.0,,False,False
14:47:56,Baseline,Deep_Learning,1.8,149.41,,,,0.0,False,False
14:47:56,Baseline,Heuristic,0.1,1.01,0.263,0.004,0.0,,False,False
14:47:56,Baseline,Deep_Learning,2.37,149.64,,,,0.0,False,False
14:47:56,Baseline,Heuristic,0.1,1.01,0.263,0.004,0.0,,False,False
14:47:56,Baseline,Deep_Learning,1.75,150.38,,,,0.0,False,False
14:47:56,Baseline,Heuristic,0.1,1.01,0.264,0.004,0.0,,False,False
14:47:56,Baseline,Deep_Learning,1.78,149.9,,,,0.0,False,False
14:47:56,Baseline,Heuristic,0.17,1.01,0.264,0.004,0.0,,False,False
14:47:56,Baseline,Deep_Learning,2.67,150.12,,,,0.0,False,False
14:47:56,Baseline,Heuristic,0.16,1.01,0.264,0.004,0.0,,False,False
14:47:56,Baseline,Deep_Learning,1.81,149.87,,,,0.0,False,False
14:47:56,Baseline,Heuristic,0.1,1.01,0.265,0.004,0.0,,False,False
14:47:56,Baseline,Deep_Learning,1.73,149.87,,,,0.0,False,False
14:47:56,Baseline,Heuristic,0.1,1.01,0.265,0.003,0.0,,False,False
14:47:56,Baseline,Deep_Learning,1.72,149.9,,,,0.0,False,False
14:47:56,Baseline,Heuristic,0.14,1.01,0.265,0.003,0.0,,False,False
14:47:56,Baseline,Deep_Learning,2.48,149.9,,,,0.0,False,False
14:47:56,Baseline,Heuristic,0.1,1.01,0.265,0.003,0.0,,False,False
14:47:56,Baseline,Deep_Learning,1.6,149.9,,,,0.0,False,False
14:47:56,Baseline,Heuristic,0.14,1.01,0.265,0.003,0.0,,False,False
14:47:56,Baseline,Deep_Learning,2.0,149.9,,,,0.0,False,False
14:47:56,Baseline,Heuristic,0.1,1.01,0.264,0.003,0.0,,False,False
14:47:56,Baseline,Deep_Learning,1.75,149.9,,,,0.0,False,False
14:47:56,Baseline,Heuristic,0.1,1.01,0.264,0.003,0.0,,False,False
14:47:56,Baseline,Deep_Learning,1.66,149.64,,,,0.0,False,False
14:47:57,Baseline,Heuristic,0.1,1.01,0.264,0.003,0.0,,False,False
14:47:57,Baseline,Deep_Learning,2.65,149.64,,,,0.0,False,False
14:47:57,Baseline,Heuristic,0.13,1.01,0.264,0.003,0.0,,False,False
14:47:57,Baseline,Deep_Learning,1.87,149.38,,,,0.0,False,False
14:47:57,Baseline,Heuristic,0.1,1.01,0.264,0.003,0.0,,False,False
14:47:57,Baseline,Deep_Learning,1.76,149.15,,,,0.0,False,False
14:47:57,Baseline,Heuristic,0.1,1.01,0.264,0.003,0.0,,False,False
14:47:57,Baseline,Deep_Learning,1.75,149.41,,,,0.0,False,False
14:47:57,Baseline,Heuristic,0.1,1.01,0.264,0.003,0.0,,False,False
14:47:57,Baseline,Deep_Learning,1.83,149.41,,,,0.0,False,False
14:47:57,Baseline,Heuristic,0.09,1.01,0.264,0.003,0.0,,False,False
14:47:57,Baseline,Deep_Learning,1.63,149.41,,,,0.0,False,False
14:47:57,Baseline,Heuristic,0.12,1.01,0.264,0.003,0.0,,False,False
14:47:57,Baseline,Deep_Learning,1.77,149.41,,,,0.0,False,False
14:47:57,Baseline,Heuristic,0.09,1.01,0.264,0.003,0.0,,False,False
14:47:57,Baseline,Deep_Learning,1.66,149.15,,,,0.0,False,False
14:47:57,Baseline,Heuristic,0.27,1.01,0.265,0.003,0.0,,False,False
14:47:57,Baseline,Deep_Learning,4.22,149.41,,,,0.0,False,False
14:47:57,Baseline,Heuristic,0.1,1.01,0.265,0.003,0.0,,False,False
14:47:57,Baseline,Deep_Learning,1.73,149.67,,,,0.0,False,False
14:47:57,Baseline,Heuristic,0.1,1.01,0.266,0.003,0.0,,False,False
14:47:57,Baseline,Deep_Learning,1.7,149.9,,,,0.0,False,False
14:47:57,Baseline,Heuristic,0.09,1.01,0.267,0.003,0.0,,False,False
14:47:57,Baseline,Deep_Learning,1.6,150.12,,,,0.0,False,False
14:47:57,Baseline,Heuristic,0.1,1.01,0.267,0.003,0.0,,False,False
14:47:57,Baseline,Deep_Learning,1.7,150.12,,,,0.0,False,False
14:47:58,Baseline,Heuristic,0.1,1.01,0.269,0.003,0.0,,False,False
14:47:58,Baseline,Deep_Learning,1.68,150.12,,,,0.0,False,False
14:47:58,Baseline,Heuristic,0.1,1.01,0.27,0.003,0.0,,False,False
14:47:58,Baseline,Deep_Learning,1.76,149.9,,,,0.0,False,False
14:47:58,Baseline,Heuristic,0.11,1.01,0.271,0.003,0.0,,False,False
14:47:58,Baseline,Deep_Learning,2.3,149.9,,,,0.0,False,False
14:47:58,Baseline,Heuristic,0.1,1.01,0.272,0.003,0.0,,False,False
14:47:58,Baseline,Deep_Learning,1.72,149.9,,,,0.0,False,False
14:47:58,Baseline,Heuristic,0.1,1.01,0.273,0.003,0.0,,False,False
14:47:58,Baseline,Deep_Learning,1.95,150.12,,,,0.0,False,False
14:47:58,Baseline,Heuristic,0.11,1.01,0.274,0.003,0.0,,False,False
14:47:58,Baseline,Deep_Learning,1.78,150.12,,,,0.0,False,False
14:47:58,Baseline,Heuristic,0.1,1.01,0.276,0.003,0.0,,False,False
14:47:58,Baseline,Deep_Learning,1.79,149.9,,,,0.0,False,False
14:47:58,Baseline,Heuristic,0.1,1.01,0.277,0.003,0.0,,False,False
14:47:58,Baseline,Deep_Learning,1.73,149.67,,,,0.0,False,False
14:47:58,Baseline,Heuristic,0.1,1.01,0.278,0.003,0.0,,False,False
14:47:58,Baseline,Deep_Learning,1.56,149.41,,,,0.0,False,False
14:47:58,Baseline,Heuristic,0.1,1.01,0.28,0.003,0.0,,False,False
14:47:58,Baseline,Deep_Learning,1.65,149.41,,,,0.0,False,False
14:47:58,Baseline,Heuristic,0.1,1.01,0.281,0.003,0.0,,False,False
14:47:58,Baseline,Deep_Learning,1.91,149.9,,,,0.0,False,False
14:47:58,Baseline,Heuristic,0.1,1.01,0.282,0.003,0.0,,False,False
14:47:58,Baseline,Deep_Learning,1.67,149.9,,,,0.0,False,False
14:47:58,Baseline,Heuristic,0.1,1.01,0.282,0.003,0.0,,False,False
14:47:58,Baseline,Deep_Learning,1.64,150.12,,,,0.0,False,False
14:47:58,Baseline,Heuristic,0.1,1.01,0.283,0.003,0.0,,False,False
14:47:58,Baseline,Deep_Learning,1.71,150.12,,,,0.0,False,False
14:47:58,Baseline,Heuristic,0.1,1.01,0.284,0.003,0.0,,False,False
14:47:58,Baseline,Deep_Learning,1.64,150.12,,,,0.0,False,False
14:47:59,Baseline,Heuristic,0.1,1.01,0.286,0.003,0.0,,False,False
14:47:59,Baseline,Deep_Learning,1.65,150.35,,,,0.0,False,False
14:47:59,Baseline,Heuristic,0.1,1.01,0.287,0.003,0.0,,False,False
14:47:59,Baseline,Deep_Learning,1.64,150.35,,,,0.0,False,False
14:47:59,Baseline,Heuristic,0.1,1.01,0.288,0.003,0.0,,False,False
14:47:59,Baseline,Deep_Learning,1.67,150.35,,,,0.0,False,False
14:47:59,Baseline,Heuristic,0.1,1.01,0.289,0.003,0.0,,False,False
14:47:59,Baseline,Deep_Learning,1.57,150.35,,,,0.0,False,False
14:47:59,Baseline,Heuristic,0.09,1.01,0.29,0.003,0.0,,False,False
14:47:59,Baseline,Deep_Learning,1.6,150.61,,,,0.0,False,False
14:47:59,Baseline,Heuristic,0.1,1.01,0.291,0.003,0.0,,False,False
14:47:59,Baseline,Deep_Learning,1.55,150.38,,,,0.0,False,False
14:47:59,Baseline,Heuristic,0.09,1.01,0.292,0.003,0.0,,False,False
14:47:59,Baseline,Deep_Learning,1.73,150.35,,,,0.0,False,False
14:47:59,Baseline,Heuristic,0.11,1.01,0.294,0.003,0.0,,False,False
14:47:59,Baseline,Deep_Learning,1.58,150.58,,,,0.0,False,False
14:47:59,Baseline,Heuristic,0.1,1.01,0.295,0.002,0.0,,False,False
14:47:59,Baseline,Deep_Learning,1.71,150.61,,,,0.0,False,False
14:47:59,Baseline,Heuristic,0.13,1.01,0.296,0.002,0.0,,False,False
14:47:59,Baseline,Deep_Learning,1.96,150.61,,,,0.0,False,False
14:47:59,Baseline,Heuristic,0.1,1.01,0.298,0.002,0.0,,False,False
14:47:59,Baseline,Deep_Learning,1.66,150.84,,,,0.0,False,False
14:47:59,Baseline,Heuristic,0.1,1.01,0.299,0.002,0.0,,False,False
14:47:59,Baseline,Deep_Learning,1.56,150.84,,,,0.0,False,False
14:47:59,Baseline,Heuristic,0.1,1.01,0.3,0.002,0.0,,False,False
14:47:59,Baseline,Deep_Learning,1.67,150.84,,,,0.0,False,False
14:47:59,Baseline,Heuristic,0.09,1.01,0.301,0.002,0.0,,False,False
14:47:59,Baseline,Deep_Learning,1.57,150.58,,,,0.0,False,False
14:48:00,Baseline,Heuristic,0.1,1.01,0.302,0.002,0.0,,False,False
14:48:00,Baseline,Deep_Learning,1.65,150.84,,,,0.0,False,False
14:48:00,Baseline,Heuristic,0.1,1.01,0.303,0.002,0.0,,False,False
14:48:00,Baseline,Deep_Learning,1.66,151.07,,,,0.0,False,False
14:48:00,Baseline,Heuristic,0.1,1.01,0.304,0.002,0.0,,False,False
14:48:00,Baseline,Deep_Learning,1.63,151.6,,,,0.0,False,False
14:48:00,Baseline,Heuristic,0.1,1.01,0.306,0.002,0.0,,False,False
14:48:00,Baseline,Deep_Learning,1.66,151.86,,,,0.0,False,False
14:48:00,Baseline,Heuristic,0.09,1.01,0.307,0.002,0.0,,False,False
14:48:00,Baseline,Deep_Learning,1.59,153.36,,,,0.133,False,False
14:48:00,Baseline,Heuristic,0.1,1.01,0.307,0.002,0.0,,False,False
14:48:00,Baseline,Deep_Learning,1.59,152.82,,,,0.0,False,False
14:48:00,Baseline,Heuristic,0.1,1.01,0.308,0.002,0.0,,False,False
14:48:00,Baseline,Deep_Learning,1.65,152.82,,,,0.0,False,False
14:48:00,Baseline,Heuristic,0.1,1.01,0.308,0.002,0.0,,False,False
14:48:00,Baseline,Deep_Learning,1.69,152.33,,,,0.0,False,False
14:48:00,Baseline,Heuristic,0.1,1.01,0.309,0.002,0.0,,False,False
14:48:00,Baseline,Deep_Learning,1.6,151.6,,,,0.0,False,False
14:48:00,Baseline,Heuristic,0.1,1.01,0.309,0.002,0.0,,False,False
14:48:00,Baseline,Deep_Learning,1.61,150.61,,,,0.0,False,False
14:48:00,Baseline,Heuristic,0.1,1.01,0.309,0.002,0.0,,False,False
14:48:00,Baseline,Deep_Learning,1.55,150.38,,,,0.0,False,False
14:48:00,Baseline,Heuristic,0.1,1.01,0.31,0.002,0.0,,False,False
14:48:00,Baseline,Deep_Learning,1.72,150.38,,,,0.0,False,False
14:48:00,Baseline,Heuristic,0.1,1.01,0.31,0.002,0.0,,False,False
14:48:00,Baseline,Deep_Learning,1.72,150.12,,,,0.0,False,False
14:48:00,Baseline,Heuristic,0.1,1.01,0.31,0.002,0.0,,False,False
14:48:00,Baseline,Deep_Learning,1.64,149.87,,,,0.0,False,False
14:48:01,Baseline,Heuristic,0.1,1.01,0.31,0.002,0.0,,False,False
14:48:01,Baseline,Deep_Learning,1.78,149.61,,,,0.0,False,False
14:48:01,Baseline,Heuristic,0.1,1.01,0.31,0.002,0.0,,False,False
14:48:01,Baseline,Deep_Learning,1.62,149.87,,,,0.0,False,False
14:48:01,Baseline,Heuristic,0.09,1.01,0.311,0.002,0.0,,False,False
14:48:01,Baseline,Deep_Learning,1.56,149.61,,,,0.0,False,False
14:48:01,Baseline,Heuristic,0.1,1.01,0.311,0.002,0.0,,False,False
14:48:01,Baseline,Deep_Learning,1.63,149.61,,,,0.0,False,False
14:48:01,Baseline,Heuristic,0.1,1.01,0.311,0.002,0.0,,False,False
14:48:01,Baseline,Deep_Learning,1.8,149.35,,,,0.016,False,False
14:48:01,Baseline,Heuristic,0.1,1.01,0.312,0.002,0.0,,False,False
14:48:01,Baseline,Deep_Learning,1.6,148.89,,,,0.047,False,False
14:48:01,Baseline,Heuristic,0.1,1.27,0.312,0.002,0.0,,False,False
14:48:01,Baseline,Deep_Learning,1.57,149.38,,,,0.992,True,False
14:48:01,Baseline,Heuristic,0.1,1.01,0.312,0.002,0.0,,False,False
14:48:01,Baseline,Deep_Learning,1.55,149.67,,,,0.5,False,False
14:48:01,Baseline,Heuristic,0.1,1.01,0.313,0.002,0.0,,False,False
14:48:01,Baseline,Deep_Learning,1.62,149.15,,,,0.996,True,False
14:48:01,Baseline,Heuristic,0.1,1.01,0.313,0.002,0.0,,False,False
14:48:01,Baseline,Deep_Learning,1.66,148.41,,,,0.996,True,False
14:48:01,Baseline,Heuristic,0.1,1.01,0.313,0.002,0.0,,False,False
14:48:01,Baseline,Deep_Learning,1.6,147.64,,,,0.996,True,False
14:48:01,Baseline,Heuristic,0.11,1.01,0.314,0.002,0.0,,False,False
14:48:01,Baseline,Deep_Learning,1.62,147.45,,,,0.996,True,False
14:48:01,Baseline,Heuristic,0.11,1.01,0.314,0.002,0.0,,False,False
14:48:01,Baseline,Deep_Learning,1.8,147.71,,,,0.996,True,False
14:48:02,Baseline,Heuristic,0.1,1.01,0.314,0.002,0.0,,False,False
14:48:02,Baseline,Deep_Learning,1.64,147.71,,,,0.996,True,False
14:48:02,Baseline,Heuristic,0.1,1.01,0.315,0.002,0.0,,False,False
14:48:02,Baseline,Deep_Learning,1.69,147.45,,,,0.996,True,False
14:48:02,Baseline,Heuristic,0.1,1.01,0.315,0.002,0.0,,False,False
14:48:02,Baseline,Deep_Learning,1.64,147.23,,,,0.996,True,False
14:48:02,Baseline,Heuristic,0.1,1.01,0.315,0.002,0.0,,False,False
14:48:02,Baseline,Deep_Learning,1.67,147.23,,,,0.996,True,False
14:48:02,Baseline,Heuristic,0.11,1.01,0.316,0.002,0.0,,False,False
14:48:02,Baseline,Deep_Learning,1.54,147.48,,,,0.996,True,False
14:48:02,Baseline,Heuristic,0.1,1.01,0.316,0.002,0.0,,False,False
14:48:02,Baseline,Deep_Learning,1.56,147.74,,,,0.996,True,False
14:48:02,Baseline,Heuristic,0.1,1.01,0.316,0.002,0.0,,False,False
14:48:02,Baseline,Deep_Learning,1.63,148.02,,,,0.066,False,False
14:48:02,Baseline,Heuristic,0.1,1.01,0.317,0.002,0.0,,False,False
14:48:02,Baseline,Deep_Learning,1.61,147.77,,,,0.066,False,False
14:48:02,Baseline,Heuristic,0.1,1.01,0.317,0.002,0.0,,False,False
14:48:02,Baseline,Deep_Learning,1.61,147.51,,,,0.004,False,False
14:48:02,Baseline,Heuristic,0.1,1.01,0.318,0.002,0.0,,False,False
14:48:02,Baseline,Deep_Learning,1.61,147.74,,,,0.0,False,False
14:48:02,Baseline,Heuristic,0.1,1.01,0.318,0.002,0.0,,False,False
14:48:02,Baseline,Deep_Learning,1.55,148.22,,,,0.0,False,False
14:48:02,Baseline,Heuristic,0.1,1.01,0.318,0.002,0.0,,False,False
14:48:02,Baseline,Deep_Learning,1.6,147.93,,,,0.0,False,False
14:48:02,Baseline,Heuristic,0.1,1.01,0.318,0.002,0.0,,False,False
14:48:02,Baseline,Deep_Learning,1.59,148.19,,,,0.0,False,False
14:48:02,Baseline,Heuristic,0.1,1.01,0.318,0.002,0.0,,False,False
14:48:02,Baseline,Deep_Learning,1.62,148.41,,,,0.0,False,False
14:48:02,Baseline,Heuristic,0.1,1.01,0.318,0.002,0.0,,False,False
14:48:02,Baseline,Deep_Learning,1.62,148.19,,,,0.0,False,False
14:48:02,Baseline,Heuristic,0.1,1.01,0.318,0.002,0.0,,False,False
14:48:02,Baseline,Deep_Learning,1.6,148.67,,,,0.0,False,False
14:48:03,Baseline,Heuristic,0.1,1.01,0.318,0.002,0.0,,False,False
14:48:03,Baseline,Deep_Learning,1.62,148.41,,,,0.0,False,False
14:48:03,Baseline,Heuristic,0.1,1.01,0.318,0.002,0.0,,False,False
14:48:03,Baseline,Deep_Learning,1.59,148.41,,,,0.0,False,False
14:48:03,Baseline,Heuristic,0.1,1.01,0.317,0.002,0.0,,False,False
14:48:03,Baseline,Deep_Learning,1.74,148.7,,,,0.0,False,False
14:48:03,Baseline,Heuristic,0.1,1.01,0.317,0.002,0.0,,False,False
14:48:03,Baseline,Deep_Learning,1.58,148.7,,,,0.0,False,False
14:48:03,Baseline,Heuristic,0.1,1.01,0.317,0.003,0.0,,False,False
14:48:03,Baseline,Deep_Learning,1.57,148.02,,,,0.0,False,False
14:48:03,Baseline,Heuristic,0.1,1.01,0.316,0.003,0.0,,False,False
14:48:03,Baseline,Deep_Learning,1.56,148.02,,,,0.0,False,False
14:48:03,Baseline,Heuristic,0.1,1.01,0.316,0.003,0.0,,False,False
14:48:03,Baseline,Deep_Learning,1.56,147.51,,,,0.0,False,False
14:48:03,Baseline,Heuristic,0.1,1.01,0.315,0.003,0.0,,False,False
14:48:03,Baseline,Deep_Learning,1.62,147.01,,,,0.977,True,False
14:48:03,Baseline,Heuristic,0.1,1.01,0.315,0.003,0.0,,False,False
14:48:03,Baseline,Deep_Learning,1.57,147.26,,,,0.867,True,False
14:48:03,Baseline,Heuristic,0.1,1.01,0.315,0.002,0.0,,False,False
14:48:03,Baseline,Deep_Learning,1.63,147.71,,,,0.996,True,False
14:48:03,Baseline,Heuristic,0.1,1.01,0.314,0.002,0.0,,False,False
14:48:03,Baseline,Deep_Learning,1.62,147.96,,,,0.969,True,False
14:48:03,Baseline,Heuristic,0.1,1.01,0.314,0.002,0.0,,False,False
14:48:03,Baseline,Deep_Learning,1.82,147.45,,,,0.996,True,False
14:48:03,Baseline,Heuristic,0.1,1.01,0.313,0.002,0.0,,False,False
14:48:03,Baseline,Deep_Learning,1.62,147.45,,,,0.758,False,False
14:48:03,Baseline,Heuristic,0.1,1.01,0.313,0.002,0.0,,False,False
14:48:03,Baseline,Deep_Learning,1.67,147.45,,,,0.996,True,False
14:48:03,Baseline,Heuristic,0.1,1.01,0.313,0.002,0.0,,False,False
14:48:03,Baseline,Deep_Learning,1.61,147.45,,,,0.996,True,False
14:48:04,Baseline,Heuristic,0.1,1.01,0.313,0.002,0.0,,False,False
14:48:04,Baseline,Deep_Learning,1.71,147.23,,,,0.996,True,False
14:48:04,Baseline,Heuristic,0.1,1.01,0.312,0.002,0.0,,False,False
14:48:04,Baseline,Deep_Learning,1.65,147.51,,,,0.996,True,False
14:48:04,Baseline,Heuristic,0.11,1.01,0.312,0.002,0.0,,False,False
14:48:04,Baseline,Deep_Learning,1.74,147.77,,,,0.094,False,False
14:48:04,Baseline,Heuristic,0.1,1.01,0.312,0.002,0.0,,False,False
14:48:04,Baseline,Deep_Learning,1.64,147.77,,,,0.0,False,False
14:48:04,Baseline,Heuristic,0.1,1.01,0.312,0.002,0.0,,False,False
14:48:04,Baseline,Deep_Learning,1.61,147.77,,,,0.0,False,False
14:48:04,Baseline,Heuristic,0.1,1.01,0.312,0.002,0.0,,False,False
14:48:04,Baseline,Deep_Learning,1.65,147.99,,,,0.0,False,False
14:48:04,Baseline,Heuristic,0.1,1.01,0.312,0.002,0.0,,False,False
14:48:04,Baseline,Deep_Learning,1.65,147.74,,,,0.0,False,False
14:48:04,Baseline,Heuristic,0.12,1.01,0.312,0.002,0.0,,False,False
14:48:04,Baseline,Deep_Learning,1.91,147.96,,,,0.0,False,False
14:48:04,Baseline,Heuristic,0.11,1.01,0.312,0.002,0.0,,False,False
14:48:04,Baseline,Deep_Learning,1.54,147.96,,,,0.0,False,False
14:48:04,Baseline,Heuristic,0.1,1.01,0.312,0.002,0.0,,False,False
14:48:04,Baseline,Deep_Learning,1.56,147.74,,,,0.0,False,False
14:48:04,Baseline,Heuristic,0.12,1.01,0.312,0.002,0.0,,False,False
14:48:04,Baseline,Deep_Learning,1.59,147.74,,,,0.0,False,False
14:48:04,Baseline,Heuristic,0.1,1.01,0.312,0.002,0.0,,False,False
14:48:04,Baseline,Deep_Learning,1.59,147.74,,,,0.0,False,False
14:48:04,Baseline,Heuristic,0.1,1.01,0.312,0.002,0.0,,False,False
14:48:04,Baseline,Deep_Learning,1.54,147.51,,,,0.0,False,False
14:48:05,Baseline,Heuristic,0.1,1.01,0.312,0.002,0.0,,False,False
14:48:05,Baseline,Deep_Learning,1.61,147.26,,,,0.0,False,False
14:48:05,Baseline,Heuristic,0.1,1.01,0.313,0.002,0.0,,False,False
14:48:05,Baseline,Deep_Learning,1.58,147.26,,,,0.0,False,False
14:48:05,Baseline,Heuristic,0.09,1.01,0.313,0.002,0.0,,False,False
14:48:05,Baseline,Deep_Learning,1.58,147.26,,,,0.0,False,False
14:48:05,Baseline,Heuristic,0.1,1.01,0.313,0.002,0.0,,False,False
14:48:05,Baseline,Deep_Learning,1.6,147.48,,,,0.0,False,False
14:48:05,Baseline,Heuristic,0.1,1.01,0.313,0.002,0.0,,False,False
14:48:05,Baseline,Deep_Learning,1.62,147.74,,,,0.0,False,False
14:48:05,Baseline,Heuristic,0.11,1.01,0.313,0.002,0.0,,False,False
14:48:05,Baseline,Deep_Learning,1.65,147.96,,,,0.0,False,False
14:48:05,Baseline,Heuristic,0.1,1.01,0.313,0.002,0.0,,False,False
14:48:05,Baseline,Deep_Learning,1.65,147.74,,,,0.0,False,False
14:48:05,Baseline,Heuristic,0.1,1.01,0.313,0.002,0.0,,False,False
14:48:05,Baseline,Deep_Learning,1.6,147.48,,,,0.0,False,False
14:48:05,Baseline,Heuristic,0.1,1.01,0.314,0.002,0.0,,False,False
14:48:05,Baseline,Deep_Learning,1.61,147.99,,,,0.0,False,False
14:48:05,Baseline,Heuristic,0.1,1.01,0.314,0.002,0.0,,False,False
14:48:05,Baseline,Deep_Learning,1.61,147.74,,,,0.0,False,False
14:48:05,Baseline,Heuristic,0.1,1.01,0.314,0.002,0.0,,False,False
14:48:05,Baseline,Deep_Learning,1.62,147.74,,,,0.0,False,False
14:48:05,Baseline,Heuristic,0.1,1.27,0.315,0.002,0.0,,False,False
14:48:05,Baseline,Deep_Learning,1.58,147.74,,,,0.0,False,False
14:48:05,Baseline,Heuristic,0.1,1.01,0.315,0.002,0.0,,False,False
14:48:05,Baseline,Deep_Learning,1.78,147.74,,,,0.0,False,False
14:48:05,Baseline,Heuristic,0.13,1.01,0.315,0.002,0.0,,False,False
14:48:05,Baseline,Deep_Learning,1.71,147.74,,,,0.0,False,False
14:48:05,Baseline,Heuristic,0.11,1.01,0.315,0.002,0.0,,False,False
14:48:05,Baseline,Deep_Learning,1.63,147.51,,,,0.0,False,False
14:48:06,Baseline,Heuristic,0.1,1.01,0.316,0.002,0.0,,False,False
14:48:06,Baseline,Deep_Learning,1.63,147.74,,,,0.0,False,False
14:48:06,Baseline,Heuristic,0.11,1.01,0.316,0.002,0.0,,False,False
14:48:06,Baseline,Deep_Learning,1.66,147.74,,,,0.0,False,False
14:48:06,Baseline,Heuristic,0.11,1.01,0.316,0.002,0.0,,False,False
14:48:06,Baseline,Deep_Learning,1.7,147.74,,,,0.0,False,False
14:48:06,Baseline,Heuristic,0.1,1.01,0.316,0.002,0.0,,False,False
14:48:06,Baseline,Deep_Learning,1.65,147.74,,,,0.0,False,False
14:48:06,Baseline,Heuristic,0.11,1.01,0.317,0.002,0.0,,False,False
14:48:06,Baseline,Deep_Learning,1.69,147.74,,,,0.0,False,False
14:48:06,Baseline,Heuristic,0.1,1.01,0.317,0.002,0.0,,False,False
14:48:06,Baseline,Deep_Learning,1.73,147.51,,,,0.0,False,False
14:48:06,Baseline,Heuristic,0.11,1.01,0.317,0.002,0.0,,False,False
14:48:06,Baseline,Deep_Learning,1.8,147.74,,,,0.0,False,False
14:48:06,Baseline,Heuristic,0.1,1.01,0.317,0.002,0.0,,False,False
14:48:06,Baseline,Deep_Learning,1.64,147.74,,,,0.0,False,False
14:48:06,Baseline,Heuristic,0.1,1.01,0.317,0.002,0.0,,False,False
14:48:06,Baseline,Deep_Learning,1.62,147.74,,,,0.0,False,False
14:48:06,Baseline,Heuristic,0.1,1.01,0.318,0.002,0.0,,False,False
14:48:06,Baseline,Deep_Learning,1.67,147.74,,,,0.0,False,False
14:48:06,Baseline,Heuristic,0.1,1.01,0.318,0.002,0.0,,False,False
14:48:06,Baseline,Deep_Learning,1.63,147.74,,,,0.0,False,False
14:48:06,Baseline,Heuristic,0.1,1.01,0.318,0.002,0.0,,False,False
14:48:06,Baseline,Deep_Learning,1.66,147.74,,,,0.0,False,False
14:48:06,Baseline,Heuristic,0.1,1.01,0.318,0.002,0.0,,False,False
14:48:06,Baseline,Deep_Learning,1.65,147.74,,,,0.0,False,False
14:48:06,Baseline,Heuristic,0.14,1.01,0.318,0.002,0.0,,False,False
14:48:06,Baseline,Deep_Learning,1.62,147.74,,,,0.0,False,False
14:48:07,Baseline,Heuristic,0.11,1.01,0.319,0.002,0.0,,False,False
14:48:07,Baseline,Deep_Learning,1.7,147.96,,,,0.0,False,False
14:48:07,Baseline,Heuristic,0.1,1.01,0.319,0.002,0.0,,False,False
14:48:07,Baseline,Deep_Learning,1.61,147.74,,,,0.0,False,False
14:48:07,Baseline,Heuristic,0.1,1.01,0.319,0.002,0.0,,False,False
14:48:07,Baseline,Deep_Learning,1.66,147.48,,,,0.0,False,False
14:48:07,Baseline,Heuristic,0.1,1.01,0.32,0.002,0.0,,False,False
14:48:07,Baseline,Deep_Learning,1.63,147.26,,,,0.0,False,False
14:48:07,Baseline,Heuristic,0.1,1.01,0.32,0.002,0.0,,False,False
14:48:07,Baseline,Deep_Learning,1.63,147.96,,,,0.0,False,False
14:48:07,Baseline,Heuristic,0.11,1.01,0.32,0.002,0.0,,False,False
14:48:07,Baseline,Deep_Learning,1.61,147.71,,,,0.0,False,False
14:48:07,Baseline,Heuristic,0.1,1.01,0.321,0.002,0.0,,False,False
14:48:07,Baseline,Deep_Learning,1.59,147.71,,,,0.0,False,False
14:48:07,Baseline,Heuristic,0.1,1.01,0.321,0.002,0.0,,False,False
14:48:07,Baseline,Deep_Learning,1.72,147.96,,,,0.0,False,False
14:48:07,Baseline,Heuristic,0.1,1.01,0.322,0.002,0.0,,False,False
14:48:07,Baseline,Deep_Learning,1.6,147.96,,,,0.0,False,False
14:48:07,Baseline,Heuristic,0.1,1.01,0.322,0.002,0.0,,False,False
14:48:07,Baseline,Deep_Learning,1.64,147.96,,,,0.0,False,False
14:48:07,Baseline,Heuristic,0.1,1.01,0.323,0.002,0.0,,False,False
14:48:07,Baseline,Deep_Learning,1.7,147.96,,,,0.0,False,False
14:48:07,Baseline,Heuristic,0.12,1.01,0.323,0.002,0.0,,False,False
14:48:07,Baseline,Deep_Learning,1.71,147.71,,,,0.0,False,False
14:48:07,Baseline,Heuristic,0.1,1.27,0.324,0.002,0.0,,False,False
14:48:07,Baseline,Deep_Learning,1.6,147.26,,,,0.0,False,False
14:48:07,Baseline,Heuristic,0.1,1.01,0.324,0.002,0.0,,False,False
14:48:07,Baseline,Deep_Learning,1.65,146.79,,,,0.0,False,False
14:48:08,Baseline,Heuristic,0.1,1.01,0.325,0.002,0.0,,False,False
14:48:08,Baseline,Deep_Learning,1.61,147.2,,,,0.0,False,False
14:48:08,Baseline,Heuristic,0.1,1.01,0.325,0.002,0.0,,False,False
14:48:08,Baseline,Deep_Learning,1.61,146.98,,,,0.0,False,False
14:48:08,Baseline,Heuristic,0.1,1.01,0.325,0.002,0.0,,False,False
14:48:08,Baseline,Deep_Learning,1.55,147.23,,,,0.0,False,False
14:48:08,Baseline,Heuristic,0.1,1.01,0.326,0.002,0.0,,False,False
14:48:08,Baseline,Deep_Learning,1.54,146.98,,,,0.0,False,False
14:48:08,Baseline,Heuristic,0.1,1.01,0.326,0.002,0.0,,False,False
14:48:08,Baseline,Deep_Learning,1.58,147.2,,,,0.004,False,False
14:48:08,Baseline,Heuristic,0.11,1.01,0.326,0.002,0.0,,False,False
14:48:08,Baseline,Deep_Learning,1.71,146.98,,,,0.066,False,False
14:48:08,Baseline,Heuristic,0.1,1.01,0.326,0.002,0.0,,False,False
14:48:08,Baseline,Deep_Learning,1.58,147.23,,,,0.047,False,False
14:48:08,Baseline,Heuristic,0.11,1.01,0.326,0.002,0.0,,False,False
14:48:08,Baseline,Deep_Learning,1.61,147.23,,,,0.594,False,False
14:48:08,Baseline,Heuristic,0.11,1.01,0.326,0.002,0.0,,False,False
14:48:08,Baseline,Deep_Learning,2.36,147.23,,,,0.004,False,False
14:48:08,Baseline,Heuristic,0.1,1.01,0.327,0.002,0.0,,False,False
14:48:08,Baseline,Deep_Learning,1.61,147.2,,,,0.0,False,False
14:48:08,Baseline,Heuristic,0.1,1.01,0.327,0.002,0.0,,False,False
14:48:08,Baseline,Deep_Learning,1.69,147.2,,,,0.0,False,False
14:48:08,Baseline,Heuristic,0.1,1.01,0.327,0.002,0.0,,False,False
14:48:08,Baseline,Deep_Learning,1.58,147.45,,,,0.0,False,False
14:48:08,Baseline,Heuristic,0.1,1.01,0.327,0.002,0.0,,False,False
14:48:08,Baseline,Deep_Learning,1.67,147.23,,,,0.0,False,False
14:48:08,Baseline,Heuristic,0.13,1.01,0.327,0.002,0.0,,False,False
14:48:08,Baseline,Deep_Learning,2.45,147.48,,,,0.0,False,False
14:48:08,Baseline,Heuristic,0.1,1.01,0.328,0.002,0.0,,False,False
14:48:08,Baseline,Deep_Learning,1.72,147.48,,,,0.0,False,False
14:48:09,Baseline,Heuristic,0.11,1.01,0.328,0.002,0.0,,False,False
14:48:09,Baseline,Deep_Learning,1.76,147.48,,,,0.0,False,False
14:48:09,Baseline,Heuristic,0.1,1.01,0.328,0.002,0.0,,False,False
14:48:09,Baseline,Deep_Learning,1.64,147.48,,,,0.0,False,False
14:48:09,Baseline,Heuristic,0.1,1.01,0.328,0.002,0.0,,False,False
14:48:09,Baseline,Deep_Learning,1.62,147.48,,,,0.0,False,False
14:48:09,Baseline,Heuristic,0.1,1.01,0.328,0.002,0.0,,False,False
14:48:09,Baseline,Deep_Learning,1.64,147.48,,,,0.0,False,False
14:48:09,Baseline,Heuristic,0.1,1.01,0.329,0.002,0.0,,False,False
14:48:09,Baseline,Deep_Learning,1.62,147.48,,,,0.0,False,False
14:48:09,Baseline,Heuristic,0.15,1.01,0.329,0.002,0.0,,False,False
14:48:09,Baseline,Deep_Learning,1.58,147.48,,,,0.0,False,False
14:48:09,Baseline,Heuristic,0.1,1.01,0.329,0.002,0.0,,False,False
14:48:09,Baseline,Deep_Learning,1.58,147.48,,,,0.0,False,False
14:48:09,Baseline,Heuristic,0.11,1.01,0.329,0.002,0.0,,False,False
14:48:09,Baseline,Deep_Learning,1.57,147.74,,,,0.0,False,False
14:48:09,Baseline,Heuristic,0.1,1.01,0.329,0.002,0.0,,False,False
14:48:09,Baseline,Deep_Learning,1.6,147.51,,,,0.0,False,False
14:48:09,Baseline,Heuristic,0.11,1.01,0.329,0.002,0.0,,False,False
14:48:09,Baseline,Deep_Learning,1.61,147.74,,,,0.0,False,False
14:48:09,Baseline,Heuristic,0.1,1.01,0.33,0.002,0.0,,False,False
14:48:09,Baseline,Deep_Learning,1.6,147.96,,,,0.0,False,False
14:48:09,Baseline,Heuristic,0.1,1.01,0.33,0.002,0.0,,False,False
14:48:09,Baseline,Deep_Learning,1.62,147.96,,,,0.0,False,False
14:48:09,Baseline,Heuristic,0.1,1.01,0.33,0.002,0.0,,False,False
14:48:09,Baseline,Deep_Learning,1.58,147.96,,,,0.0,False,False
14:48:09,Baseline,Heuristic,0.1,1.01,0.33,0.002,0.0,,False,False
14:48:09,Baseline,Deep_Learning,1.56,147.96,,,,0.0,False,False
14:48:09,Baseline,Heuristic,0.1,1.01,0.33,0.002,0.0,,False,False
14:48:09,Baseline,Deep_Learning,1.66,148.19,,,,0.0,False,False
14:48:10,Baseline,Heuristic,0.1,1.01,0.33,0.002,0.0,,False,False
14:48:10,Baseline,Deep_Learning,1.64,148.19,,,,0.0,False,False
14:48:10,Baseline,Heuristic,0.1,1.27,0.33,0.002,0.0,,False,False
14:48:10,Baseline,Deep_Learning,1.63,148.19,,,,0.0,False,False
14:48:10,Baseline,Heuristic,0.1,1.01,0.33,0.002,0.0,,False,False
14:48:10,Baseline,Deep_Learning,1.6,147.96,,,,0.0,False,False
14:48:10,Baseline,Heuristic,0.11,1.01,0.33,0.002,0.0,,False,False
14:48:10,Baseline,Deep_Learning,1.58,148.47,,,,0.0,False,False
14:48:10,Baseline,Heuristic,0.11,1.01,0.33,0.002,0.0,,False,False
14:48:10,Baseline,Deep_Learning,1.58,148.22,,,,0.0,False,False
14:48:10,Baseline,Heuristic,0.1,1.01,0.331,0.002,0.0,,False,False
14:48:10,Baseline,Deep_Learning,1.63,147.74,,,,0.0,False,False
14:48:10,Baseline,Heuristic,0.1,1.01,0.331,0.002,0.0,,False,False
14:48:10,Baseline,Deep_Learning,1.63,147.48,,,,0.0,False,False
14:48:10,Baseline,Heuristic,0.13,1.01,0.331,0.002,0.0,,False,False
14:48:10,Baseline,Deep_Learning,1.63,147.93,,,,0.0,False,False
14:48:10,Baseline,Heuristic,0.1,1.01,0.331,0.002,0.0,,False,False
14:48:10,Baseline,Deep_Learning,1.65,148.86,,,,0.0,False,False
14:48:10,Baseline,Heuristic,0.1,1.01,0.331,0.002,0.0,,False,False
14:48:10,Baseline,Deep_Learning,1.8,148.6,,,,0.0,False,False
14:48:10,Baseline,Heuristic,0.1,1.01,0.332,0.002,0.0,,False,False
14:48:10,Baseline,Deep_Learning,1.57,148.89,,,,0.0,False,False
14:48:10,Baseline,Heuristic,0.1,1.01,0.332,0.002,0.0,,False,False
14:48:10,Baseline,Deep_Learning,1.58,149.15,,,,0.0,False,False
14:48:10,Baseline,Heuristic,0.13,1.01,0.333,0.002,0.0,,False,False
14:48:10,Baseline,Deep_Learning,1.66,148.89,,,,0.0,False,False
14:48:10,Baseline,Heuristic,0.1,1.01,0.333,0.002,0.0,,False,False
14:48:10,Baseline,Deep_Learning,1.78,149.15,,,,0.0,False,False
14:48:11,Baseline,Heuristic,0.11,1.01,0.334,0.002,0.0,,False,False
14:48:11,Baseline,Deep_Learning,1.78,149.15,,,,0.0,False,False
14:48:11,Baseline,Heuristic,0.1,1.01,0.334,0.002,0.0,,False,False
14:48:11,Baseline,Deep_Learning,1.62,148.67,,,,0.0,False,False
14:48:11,Baseline,Heuristic,0.1,1.01,0.335,0.002,0.0,,False,False
14:48:11,Baseline,Deep_Learning,1.58,148.67,,,,0.0,False,False
14:48:11,Baseline,Heuristic,0.1,1.01,0.335,0.002,0.0,,False,False
14:48:11,Baseline,Deep_Learning,1.61,148.93,,,,0.0,False,False
14:48:11,Baseline,Heuristic,0.1,1.01,0.336,0.002,0.0,,False,False
14:48:11,Baseline,Deep_Learning,1.59,148.89,,,,0.0,False,False
14:48:11,Baseline,Heuristic,0.1,1.01,0.336,0.002,0.0,,False,False
14:48:11,Baseline,Deep_Learning,1.64,149.41,,,,0.0,False,False
14:48:11,Baseline,Heuristic,0.12,1.01,0.337,0.002,0.0,,False,False
14:48:11,Baseline,Deep_Learning,1.82,149.15,,,,0.0,False,False
14:48:11,Baseline,Heuristic,0.1,1.01,0.337,0.002,0.0,,False,False
14:48:11,Baseline,Deep_Learning,1.58,149.35,,,,0.0,False,False
14:48:11,Baseline,Heuristic,0.1,1.01,0.338,0.002,0.0,,False,False
14:48:11,Baseline,Deep_Learning,1.58,149.57,,,,0.0,False,False
14:48:11,Baseline,Heuristic,0.1,1.01,0.338,0.003,0.0,,False,False
14:48:11,Baseline,Deep_Learning,1.59,149.8,,,,0.0,False,False
14:48:11,Baseline,Heuristic,0.1,1.01,0.339,0.003,0.0,,False,False
14:48:11,Baseline,Deep_Learning,1.59,149.8,,,,0.0,False,False
14:48:11,Baseline,Heuristic,0.1,1.01,0.339,0.003,0.0,,False,False
14:48:11,Baseline,Deep_Learning,1.6,149.54,,,,0.0,False,False
14:48:11,Baseline,Heuristic,0.1,1.01,0.34,0.003,0.0,,False,False
14:48:11,Baseline,Deep_Learning,1.64,149.83,,,,0.0,False,False
14:48:11,Baseline,Heuristic,0.1,1.01,0.34,0.003,0.0,,False,False
14:48:11,Baseline,Deep_Learning,1.61,150.02,,,,0.0,False,False
14:48:11,Baseline,Heuristic,0.1,1.01,0.341,0.003,0.0,,False,False
14:48:11,Baseline,Deep_Learning,1.63,149.54,,,,0.0,False,False
14:48:12,Baseline,Heuristic,0.1,1.01,0.341,0.003,0.0,,False,False
14:48:12,Baseline,Deep_Learning,1.55,149.76,,,,0.0,False,False
14:48:12,Baseline,Heuristic,0.1,1.01,0.341,0.003,0.0,,False,False
14:48:12,Baseline,Deep_Learning,1.63,149.76,,,,0.0,False,False
14:48:12,Baseline,Heuristic,0.1,1.27,0.342,0.004,0.0,,False,False
14:48:12,Baseline,Deep_Learning,1.59,149.76,,,,0.0,False,False
14:48:12,Baseline,Heuristic,0.1,1.01,0.342,0.004,0.0,,False,False
14:48:12,Baseline,Deep_Learning,1.6,150.02,,,,0.0,False,False
14:48:12,Baseline,Heuristic,0.1,1.01,0.343,0.004,0.0,,False,False
14:48:12,Baseline,Deep_Learning,1.59,149.54,,,,0.0,False,False
14:48:12,Baseline,Heuristic,0.11,1.01,0.343,0.005,0.0,,False,False
14:48:12,Baseline,Deep_Learning,1.67,149.05,,,,0.0,False,False
14:48:12,Baseline,Heuristic,0.1,1.01,0.343,0.005,0.0,,False,False
14:48:12,Baseline,Deep_Learning,1.55,148.34,,,,0.0,False,False
14:48:12,Baseline,Heuristic,0.1,1.01,0.342,0.006,0.0,,False,False
14:48:12,Baseline,Deep_Learning,1.66,148.44,,,,0.0,False,False
14:48:12,Baseline,Heuristic,0.1,1.01,0.341,0.006,0.0,,False,False
14:48:12,Baseline,Deep_Learning,1.59,148.19,,,,0.0,False,False
14:48:12,Baseline,Heuristic,0.1,1.01,0.339,0.006,0.0,,False,False
14:48:12,Baseline,Deep_Learning,1.61,147.93,,,,0.0,False,False
14:48:12,Baseline,Heuristic,0.1,1.01,0.338,0.006,0.0,,False,False
14:48:12,Baseline,Deep_Learning,1.59,148.38,,,,0.969,True,False
14:48:12,Baseline,Heuristic,0.1,1.01,0.336,0.007,0.0,,False,False
14:48:12,Baseline,Deep_Learning,1.65,148.12,,,,0.5,False,False
14:48:12,Baseline,Heuristic,0.1,1.01,0.334,0.007,0.0,,False,False
14:48:12,Baseline,Deep_Learning,1.64,149.12,,,,0.0,False,False
14:48:12,Baseline,Heuristic,0.1,1.01,0.333,0.007,0.0,,False,False
14:48:12,Baseline,Deep_Learning,1.67,148.67,,,,0.066,False,False
14:48:13,Baseline,Heuristic,0.1,1.01,0.332,0.007,0.0,,False,False
14:48:13,Baseline,Deep_Learning,1.66,147.96,,,,0.996,True,False
14:48:13,Baseline,Heuristic,0.1,1.01,0.331,0.007,0.0,,False,False
14:48:13,Baseline,Deep_Learning,1.63,148.19,,,,0.133,False,False
14:48:13,Baseline,Heuristic,0.11,1.01,0.331,0.007,0.0,,False,False
14:48:13,Baseline,Deep_Learning,1.7,148.93,,,,0.0,False,False
14:48:13,Baseline,Heuristic,0.1,1.01,0.33,0.007,0.0,,False,False
14:48:13,Baseline,Deep_Learning,1.62,149.15,,,,0.0,False,False
14:48:13,Baseline,Heuristic,0.1,1.01,0.33,0.007,0.0,,False,False
14:48:13,Baseline,Deep_Learning,1.71,148.89,,,,0.0,False,False
14:48:13,Baseline,Heuristic,0.1,1.01,0.329,0.007,0.0,,False,False
14:48:13,Baseline,Deep_Learning,1.65,148.41,,,,0.0,False,False
14:48:13,Baseline,Heuristic,0.1,1.01,0.329,0.007,0.0,,False,False
14:48:13,Baseline,Deep_Learning,1.67,148.89,,,,0.0,False,False
14:48:13,Baseline,Heuristic,0.1,1.01,0.329,0.007,0.0,,False,False
14:48:13,Baseline,Deep_Learning,1.61,148.67,,,,0.0,False,False
14:48:13,Baseline,Heuristic,0.1,1.01,0.329,0.007,0.0,,False,False
14:48:13,Baseline,Deep_Learning,1.57,148.67,,,,0.0,False,False
14:48:13,Baseline,Heuristic,0.1,1.01,0.329,0.007,0.0,,False,False
14:48:13,Baseline,Deep_Learning,1.61,148.64,,,,0.0,False,False
14:48:13,Baseline,Heuristic,0.1,1.01,0.329,0.007,0.0,,False,False
14:48:13,Baseline,Deep_Learning,1.58,147.93,,,,0.0,False,False
14:48:13,Baseline,Heuristic,0.1,1.01,0.329,0.007,0.0,,False,False
14:48:13,Baseline,Deep_Learning,1.56,148.38,,,,0.0,False,False
14:48:13,Baseline,Heuristic,0.1,1.01,0.329,0.007,0.0,,False,False
14:48:13,Baseline,Deep_Learning,1.61,147.9,,,,0.0,False,False
14:48:14,Baseline,Heuristic,0.23,1.01,0.329,0.007,0.0,,False,False
14:48:14,Baseline,Deep_Learning,2.44,147.93,,,,0.0,False,False
14:48:14,Baseline,Heuristic,0.1,1.01,0.329,0.007,0.0,,False,False
14:48:14,Baseline,Deep_Learning,1.85,147.71,,,,0.0,False,False
14:48:14,Baseline,Heuristic,0.1,1.01,0.329,0.006,0.0,,False,False
14:48:14,Baseline,Deep_Learning,1.6,146.98,,,,0.0,False,False
14:48:14,Baseline,Heuristic,0.1,1.01,0.33,0.006,0.0,,False,False
14:48:14,Baseline,Deep_Learning,1.69,147.74,,,,0.0,False,False
14:48:14,Baseline,Heuristic,0.1,1.27,0.33,0.006,0.0,,False,False
14:48:14,Baseline,Deep_Learning,1.72,147.71,,,,0.0,False,False
14:48:14,Baseline,Heuristic,0.1,1.01,0.33,0.006,0.0,,False,False
14:48:14,Baseline,Deep_Learning,1.58,147.93,,,,0.0,False,False
14:48:14,Baseline,Heuristic,0.11,1.01,0.33,0.006,0.0,,False,False
14:48:14,Baseline,Deep_Learning,1.8,148.19,,,,0.0,False,False
14:48:14,Baseline,Heuristic,0.1,1.01,0.33,0.006,0.0,,False,False
14:48:14,Baseline,Deep_Learning,1.58,148.22,,,,0.0,False,False
14:48:14,Baseline,Heuristic,0.1,1.01,0.33,0.006,0.0,,False,False
14:48:14,Baseline,Deep_Learning,1.65,147.23,,,,0.0,False,False
14:48:14,Baseline,Heuristic,0.1,1.01,0.33,0.006,0.0,,False,False
14:48:14,Baseline,Deep_Learning,1.62,148.19,,,,0.0,False,False
14:48:14,Baseline,Heuristic,0.1,1.01,0.33,0.006,0.0,,False,False
14:48:14,Baseline,Deep_Learning,1.62,147.23,,,,0.0,False,False
14:48:14,Baseline,Heuristic,0.11,1.01,0.331,0.006,0.0,,False,False
14:48:14,Baseline,Deep_Learning,1.71,147.71,,,,0.0,False,False
14:48:14,Baseline,Heuristic,0.1,1.01,0.331,0.006,0.0,,False,False
14:48:14,Baseline,Deep_Learning,1.73,147.04,,,,0.0,False,False
14:48:14,Baseline,Heuristic,0.1,1.01,0.331,0.006,0.0,,False,False
14:48:14,Baseline,Deep_Learning,1.6,147.26,,,,0.0,False,False
14:48:15,Baseline,Heuristic,0.12,1.01,0.331,0.006,0.0,,False,False
14:48:15,Baseline,Deep_Learning,2.21,147.74,,,,0.0,False,False
14:48:15,Baseline,Heuristic,0.1,1.01,0.331,0.005,0.0,,False,False
14:48:15,Baseline,Deep_Learning,1.63,147.99,,,,0.0,False,False
14:48:15,Baseline,Heuristic,0.11,1.01,0.331,0.005,0.0,,False,False
14:48:15,Baseline,Deep_Learning,1.61,148.25,,,,0.0,False,False
14:48:15,Baseline,Heuristic,0.11,1.01,0.331,0.005,0.0,,False,False
14:48:15,Baseline,Deep_Learning,1.65,148.47,,,,0.0,False,False
14:48:15,Baseline,Heuristic,0.1,1.01,0.33,0.005,0.0,,False,False
14:48:15,Baseline,Deep_Learning,1.6,148.41,,,,0.0,False,False
14:48:15,Baseline,Heuristic,0.1,1.01,0.33,0.005,0.0,,False,False
14:48:15,Baseline,Deep_Learning,1.6,148.41,,,,0.0,False,False
14:48:15,Baseline,Heuristic,0.1,1.01,0.33,0.005,0.0,,False,False
14:48:15,Baseline,Deep_Learning,1.58,148.89,,,,0.0,False,False
14:48:15,Baseline,Heuristic,0.1,1.01,0.33,0.005,0.0,,False,False
14:48:15,Baseline,Deep_Learning,1.67,148.64,,,,0.0,False,False
14:48:15,Baseline,Heuristic,0.11,1.01,0.33,0.005,0.0,,False,False
14:48:15,Baseline,Deep_Learning,1.78,149.21,,,,0.0,False,False
14:48:15,Baseline,Heuristic,0.1,1.01,0.33,0.005,0.0,,False,False
14:48:15,Baseline,Deep_Learning,1.58,148.47,,,,0.0,False,False
14:48:15,Baseline,Heuristic,0.1,1.01,0.33,0.005,0.0,,False,False
14:48:15,Baseline,Deep_Learning,1.61,147.74,,,,0.0,False,False
14:48:15,Baseline,Heuristic,0.1,1.01,0.33,0.005,0.0,,False,False
14:48:15,Baseline,Deep_Learning,1.64,147.51,,,,0.0,False,False
14:48:15,Baseline,Heuristic,0.1,1.01,0.329,0.005,0.0,,False,False
14:48:15,Baseline,Deep_Learning,1.69,147.26,,,,0.0,False,False
14:48:15,Baseline,Heuristic,0.12,1.01,0.329,0.005,0.0,,False,False
14:48:15,Baseline,Deep_Learning,1.83,147.51,,,,0.0,False,False
14:48:16,Baseline,Heuristic,0.11,1.01,0.329,0.005,0.0,,False,False
14:48:16,Baseline,Deep_Learning,1.76,147.77,,,,0.0,False,False
14:48:16,Baseline,Heuristic,0.11,1.01,0.328,0.005,0.0,,False,False
14:48:16,Baseline,Deep_Learning,1.76,147.74,,,,0.0,False,False
14:48:16,Baseline,Heuristic,0.1,1.01,0.328,0.005,0.0,,False,False
14:48:16,Baseline,Deep_Learning,1.82,148.27,,,,0.0,False,False
14:48:16,Baseline,Heuristic,0.1,1.01,0.328,0.005,0.0,,False,False
14:48:16,Baseline,Deep_Learning,1.59,149.01,,,,0.0,False,False
14:48:16,Baseline,Heuristic,0.11,1.01,0.327,0.005,0.0,,False,False
14:48:16,Baseline,Deep_Learning,1.55,148.98,,,,0.0,False,False
14:48:16,Baseline,Heuristic,0.1,1.01,0.327,0.005,0.0,,False,False
14:48:16,Baseline,Deep_Learning,1.55,149.47,,,,0.0,False,False
14:48:16,Baseline,Heuristic,0.1,1.27,0.327,0.005,0.0,,False,False
14:48:16,Baseline,Deep_Learning,1.65,148.7,,,,0.0,False,False
14:48:16,Baseline,Heuristic,0.33,1.01,0.326,0.005,0.0,,False,False
14:48:16,Baseline,Deep_Learning,4.62,148.89,,,,0.0,False,False
14:48:16,Baseline,Heuristic,0.1,1.01,0.326,0.005,0.0,,False,False
14:48:16,Baseline,Deep_Learning,1.67,148.89,,,,0.0,False,False
14:48:16,Baseline,Heuristic,0.1,1.01,0.326,0.005,0.0,,False,False
14:48:16,Baseline,Deep_Learning,1.7,149.15,,,,0.0,False,False
14:48:16,Baseline,Heuristic,0.1,1.01,0.326,0.005,0.0,,False,False
14:48:16,Baseline,Deep_Learning,1.63,149.54,,,,0.0,False,False
14:48:16,Baseline,Heuristic,0.1,1.01,0.326,0.005,0.0,,False,False
14:48:16,Baseline,Deep_Learning,1.71,150.09,,,,0.0,False,False
14:48:16,Baseline,Heuristic,0.1,1.01,0.327,0.005,0.0,,False,False
14:48:16,Baseline,Deep_Learning,1.65,149.83,,,,0.0,False,False
14:48:16,Baseline,Heuristic,0.1,1.01,0.327,0.005,0.0,,False,False
14:48:16,Baseline,Deep_Learning,1.59,149.57,,,,0.0,False,False
14:48:16,Baseline,Heuristic,0.1,1.01,0.327,0.005,0.0,,False,False
14:48:16,Baseline,Deep_Learning,1.58,149.61,,,,0.0,False,False
14:48:17,Baseline,Heuristic,0.1,1.01,0.328,0.005,0.0,,False,False
14:48:17,Baseline,Deep_Learning,1.58,149.83,,,,0.0,False,False
14:48:17,Baseline,Heuristic,0.11,1.01,0.328,0.005,0.0,,False,False
14:48:17,Baseline,Deep_Learning,1.77,150.09,,,,0.0,False,False
14:48:17,Baseline,Heuristic,0.13,1.01,0.329,0.005,0.0,,False,False
14:48:17,Baseline,Deep_Learning,1.7,149.83,,,,0.0,False,False
14:48:17,Baseline,Heuristic,0.11,1.01,0.33,0.005,0.0,,False,False
14:48:17,Baseline,Deep_Learning,1.7,150.06,,,,0.0,False,False
14:48:17,Baseline,Heuristic,0.1,1.01,0.33,0.005,0.0,,False,False
14:48:17,Baseline,Deep_Learning,1.58,150.32,,,,0.0,False,False
14:48:17,Baseline,Heuristic,0.11,1.01,0.331,0.005,0.0,,False,False
14:48:17,Baseline,Deep_Learning,1.55,150.06,,,,0.0,False,False
14:48:17,Baseline,Heuristic,0.1,1.01,0.332,0.005,0.0,,False,False
14:48:17,Baseline,Deep_Learning,1.66,149.83,,,,0.0,False,False
14:48:17,Baseline,Heuristic,0.1,1.01,0.332,0.005,0.0,,False,False
14:48:17,Baseline,Deep_Learning,1.55,149.35,,,,0.0,False,False
14:48:17,Baseline,Heuristic,0.1,1.01,0.332,0.005,0.0,,False,False
14:48:17,Baseline,Deep_Learning,1.6,149.15,,,,0.0,False,False
14:48:17,Baseline,Heuristic,0.11,1.01,0.332,0.005,0.0,,False,False
14:48:17,Baseline,Deep_Learning,1.59,148.44,,,,0.0,False,False
14:48:17,Baseline,Heuristic,0.1,1.01,0.331,0.005,0.0,,False,False
14:48:17,Baseline,Deep_Learning,1.62,147.96,,,,0.0,False,False
14:48:17,Baseline,Heuristic,0.11,1.01,0.331,0.005,0.0,,False,False
14:48:17,Baseline,Deep_Learning,1.71,147.48,,,,0.0,False,False
14:48:17,Baseline,Heuristic,0.11,1.01,0.33,0.005,0.0,,False,False
14:48:17,Baseline,Deep_Learning,1.79,147.48,,,,0.0,False,False
14:48:17,Baseline,Heuristic,0.1,1.01,0.329,0.005,0.0,,False,False
14:48:17,Baseline,Deep_Learning,1.73,147.23,,,,0.0,False,False
14:48:17,Baseline,Heuristic,0.11,1.01,0.329,0.005,0.0,,False,False
14:48:17,Baseline,Deep_Learning,1.77,147.48,,,,0.0,False,False
14:48:18,Baseline,Heuristic,0.1,1.01,0.328,0.005,0.0,,False,False
14:48:18,Baseline,Deep_Learning,1.66,147.48,,,,0.0,False,False
14:48:18,Baseline,Heuristic,0.1,1.01,0.328,0.005,0.0,,False,False
14:48:18,Baseline,Deep_Learning,1.56,147.23,,,,0.0,False,False
14:48:18,Baseline,Heuristic,0.1,1.01,0.327,0.005,0.0,,False,False
14:48:18,Baseline,Deep_Learning,1.63,147.48,,,,0.0,False,False
14:48:18,Baseline,Heuristic,0.1,1.01,0.327,0.005,0.0,,False,False
14:48:18,Baseline,Deep_Learning,1.73,147.48,,,,0.0,False,False
14:48:18,Baseline,Heuristic,0.11,1.01,0.326,0.005,0.0,,False,False
14:48:18,Baseline,Deep_Learning,1.66,147.48,,,,0.0,False,False
14:48:18,Baseline,Heuristic,0.1,1.01,0.326,0.005,0.0,,False,False
14:48:18,Baseline,Deep_Learning,1.62,147.48,,,,0.0,False,False
14:48:18,Baseline,Heuristic,0.1,1.01,0.325,0.005,0.0,,False,False
14:48:18,Baseline,Deep_Learning,1.64,147.04,,,,0.0,False,False
14:48:18,Baseline,Heuristic,0.1,1.01,0.324,0.005,0.0,,False,False
14:48:18,Baseline,Deep_Learning,1.64,147.51,,,,0.0,False,False
14:48:18,Baseline,Heuristic,0.1,1.27,0.323,0.005,0.0,,False,False
14:48:18,Baseline,Deep_Learning,1.69,147.26,,,,0.0,False,False
14:48:18,Baseline,Heuristic,0.11,1.01,0.322,0.005,0.0,,False,False
14:48:18,Baseline,Deep_Learning,1.64,147.26,,,,0.0,False,False
14:48:18,Baseline,Heuristic,0.1,1.01,0.321,0.005,0.0,,False,False
14:48:18,Baseline,Deep_Learning,1.7,147.74,,,,0.0,False,False
14:48:18,Baseline,Heuristic,0.11,1.01,0.32,0.005,0.0,,False,False
14:48:18,Baseline,Deep_Learning,1.7,147.48,,,,0.0,False,False
14:48:18,Baseline,Heuristic,0.1,1.01,0.318,0.004,0.0,,False,False
14:48:18,Baseline,Deep_Learning,1.65,147.48,,,,0.0,False,False
14:48:18,Baseline,Heuristic,0.1,1.01,0.317,0.004,0.0,,False,False
14:48:18,Baseline,Deep_Learning,1.68,147.74,,,,0.0,False,False
14:48:18,Baseline,Heuristic,0.11,1.01,0.315,0.004,0.0,,False,False
14:48:18,Baseline,Deep_Learning,1.74,147.74,,,,0.0,False,False
14:48:19,Baseline,Heuristic,0.1,1.01,0.313,0.004,0.0,,False,False
14:48:19,Baseline,Deep_Learning,1.6,147.74,,,,0.0,False,False
14:48:19,Baseline,Heuristic,0.1,1.01,0.312,0.004,0.0,,False,False
14:48:19,Baseline,Deep_Learning,1.56,147.51,,,,0.0,False,False
14:48:19,Baseline,Heuristic,0.11,1.01,0.31,0.004,0.0,,False,False
14:48:19,Baseline,Deep_Learning,1.72,147.51,,,,0.0,False,False
14:48:19,Baseline,Heuristic,0.1,1.01,0.309,0.004,0.0,,False,False
14:48:19,Baseline,Deep_Learning,1.57,147.51,,,,0.0,False,False
14:48:19,Baseline,Heuristic,0.1,1.01,0.308,0.004,0.0,,False,False
14:48:19,Baseline,Deep_Learning,1.62,147.01,,,,0.0,False,False
14:48:19,Baseline,Heuristic,0.1,1.01,0.307,0.004,0.0,,False,False
14:48:19,Baseline,Deep_Learning,1.62,147.01,,,,0.0,False,False
14:48:19,Baseline,Heuristic,0.1,1.01,0.306,0.004,0.0,,False,False
14:48:19,Baseline,Deep_Learning,1.58,147.45,,,,0.0,False,False
14:48:19,Baseline,Heuristic,0.1,1.01,0.305,0.004,0.0,,False,False
14:48:19,Baseline,Deep_Learning,1.6,147.23,,,,0.0,False,False
14:48:19,Baseline,Heuristic,0.12,1.01,0.305,0.004,0.0,,False,False
14:48:19,Baseline,Deep_Learning,2.32,147.68,,,,0.0,False,False
14:48:19,Baseline,Heuristic,0.1,1.01,0.305,0.004,0.0,,False,False
14:48:19,Baseline,Deep_Learning,1.58,148.16,,,,0.0,False,False
14:48:19,Baseline,Heuristic,0.1,1.01,0.304,0.004,0.0,,False,False
14:48:19,Baseline,Deep_Learning,1.62,148.38,,,,0.0,False,False
14:48:19,Baseline,Heuristic,0.1,1.01,0.305,0.004,0.0,,False,False
14:48:19,Baseline,Deep_Learning,1.59,148.6,,,,0.0,False,False
14:48:19,Baseline,Heuristic,0.1,1.01,0.305,0.004,0.0,,False,False
14:48:19,Baseline,Deep_Learning,1.59,148.12,,,,0.0,False,False
14:48:20,Baseline,Heuristic,0.11,1.01,0.305,0.004,0.0,,False,False
14:48:20,Baseline,Deep_Learning,1.71,148.6,,,,0.0,False,False
14:48:20,Baseline,Heuristic,0.1,1.01,0.305,0.004,0.0,,False,False
14:48:20,Baseline,Deep_Learning,1.59,148.83,,,,0.0,False,False
14:48:20,Baseline,Heuristic,0.1,1.01,0.306,0.004,0.0,,False,False
14:48:20,Baseline,Deep_Learning,1.73,149.76,,,,0.0,False,False
14:48:20,Baseline,Heuristic,0.1,1.01,0.306,0.004,0.0,,False,False
14:48:20,Baseline,Deep_Learning,1.67,150.21,,,,0.0,False,False
14:48:20,Baseline,Heuristic,0.1,1.01,0.306,0.005,0.0,,False,False
14:48:20,Baseline,Deep_Learning,1.64,150.43,,,,0.0,False,False
14:48:20,Baseline,Heuristic,0.1,1.01,0.307,0.006,0.0,,False,False
14:48:20,Baseline,Deep_Learning,1.6,150.21,,,,0.0,False,False
14:48:20,Baseline,Heuristic,0.1,1.01,0.307,0.007,0.0,,False,False
14:48:20,Baseline,Deep_Learning,1.59,149.72,,,,0.0,False,False
14:48:20,Baseline,Heuristic,0.1,1.01,0.307,0.009,0.0,,False,False
14:48:20,Baseline,Deep_Learning,1.59,149.5,,,,0.0,False,False
14:48:20,Baseline,Heuristic,0.29,1.01,0.308,0.012,0.0,,False,False
14:48:20,Baseline,Deep_Learning,4.08,149.23,,,,0.0,False,False
14:48:20,Baseline,Heuristic,0.1,1.01,0.308,0.014,0.0,,False,False
14:48:20,Baseline,Deep_Learning,1.88,149.94,,,,0.0,False,False
14:48:20,Baseline,Heuristic,0.11,1.01,0.308,0.018,0.0,,False,False
14:48:20,Baseline,Deep_Learning,1.67,150.25,,,,0.0,False,False
14:48:20,Baseline,Heuristic,0.1,1.01,0.308,0.02,0.0,,False,False
14:48:20,Baseline,Deep_Learning,1.6,149.98,,,,0.0,False,False
14:48:20,Baseline,Heuristic,0.12,1.01,0.308,0.022,0.0,,False,False
14:48:20,Baseline,Deep_Learning,1.8,149.5,,,,0.0,False,False
14:48:20,Baseline,Heuristic,0.11,1.01,0.308,0.025,0.0,,False,False
14:48:20,Baseline,Deep_Learning,1.78,148.97,,,,0.0,False,False
14:48:21,Baseline,Heuristic,0.1,1.01,0.308,0.028,0.0,,False,False
14:48:21,Baseline,Deep_Learning,1.61,148.83,,,,0.0,False,False
14:48:21,Baseline,Heuristic,0.1,1.01,0.308,0.03,0.0,,False,False
14:48:21,Baseline,Deep_Learning,1.65,149.31,,,,0.0,False,False
14:48:21,Baseline,Heuristic,0.1,1.01,0.308,0.033,0.0,,False,False
14:48:21,Baseline,Deep_Learning,1.59,148.64,,,,0.0,False,False
14:48:21,Baseline,Heuristic,0.1,1.01,0.308,0.035,0.0,,False,False
14:48:21,Baseline,Deep_Learning,1.58,148.38,,,,0.0,False,False
14:48:21,Baseline,Heuristic,0.1,1.01,0.309,0.037,0.0,,False,False
14:48:21,Baseline,Deep_Learning,1.63,148.64,,,,0.0,False,False
14:48:21,Baseline,Heuristic,0.1,1.01,0.309,0.039,0.0,,False,False
14:48:21,Baseline,Deep_Learning,1.62,148.89,,,,0.0,False,False
14:48:21,Baseline,Heuristic,0.1,1.01,0.309,0.04,0.0,,False,False
14:48:21,Baseline,Deep_Learning,1.61,148.64,,,,0.0,False,False
14:48:21,Baseline,Heuristic,0.1,1.01,0.309,0.041,0.0,,False,False
14:48:21,Baseline,Deep_Learning,1.65,148.41,,,,0.0,False,False
14:48:21,Baseline,Heuristic,0.1,1.01,0.309,0.041,0.0,,False,False
14:48:21,Baseline,Deep_Learning,1.67,148.41,,,,0.0,False,False
14:48:21,Baseline,Heuristic,0.11,1.01,0.309,0.042,0.0,,False,False
14:48:21,Baseline,Deep_Learning,1.78,148.86,,,,0.0,False,False
14:48:21,Baseline,Heuristic,0.1,1.01,0.309,0.042,0.0,,False,False
14:48:21,Baseline,Deep_Learning,1.55,148.86,,,,0.0,False,False
14:48:21,Baseline,Heuristic,0.1,1.01,0.309,0.042,0.0,,False,False
14:48:21,Baseline,Deep_Learning,1.67,148.86,,,,0.0,False,False
14:48:21,Baseline,Heuristic,0.1,1.01,0.31,0.043,0.0,,False,False
14:48:21,Baseline,Deep_Learning,1.59,147.93,,,,0.0,False,False
14:48:21,Baseline,Heuristic,0.11,1.01,0.31,0.043,0.0,,False,False
14:48:21,Baseline,Deep_Learning,1.69,147.93,,,,0.0,False,False
14:48:22,Baseline,Heuristic,0.1,1.01,0.31,0.043,0.0,,False,False
14:48:22,Baseline,Deep_Learning,1.62,147.71,,,,0.0,False,False
14:48:22,Baseline,Heuristic,0.1,1.01,0.31,0.043,0.0,,False,False
14:48:22,Baseline,Deep_Learning,1.7,147.93,,,,0.0,False,False
14:48:22,Baseline,Heuristic,0.11,1.01,0.31,0.043,0.0,,False,False
14:48:22,Baseline,Deep_Learning,1.64,149.5,,,,0.0,False,False
14:48:22,Baseline,Heuristic,0.1,1.01,0.31,0.044,0.0,,False,False
14:48:22,Baseline,Deep_Learning,1.7,149.94,,,,0.0,False,False
14:48:22,Baseline,Heuristic,0.11,1.01,0.31,0.045,0.0,,False,False
14:48:22,Baseline,Deep_Learning,1.63,150.25,,,,0.0,False,False
14:48:22,Baseline,Heuristic,0.1,1.01,0.31,0.046,0.0,,False,False
14:48:22,Baseline,Deep_Learning,1.64,150.25,,,,0.0,False,False
14:48:22,Baseline,Heuristic,0.11,1.01,0.31,0.047,0.0,,False,False
14:48:22,Baseline,Deep_Learning,1.68,149.12,,,,0.0,False,False
14:48:22,Baseline,Heuristic,0.11,1.01,0.309,0.048,0.0,,False,False
14:48:22,Baseline,Deep_Learning,1.75,148.67,,,,0.0,False,False
14:48:22,Baseline,Heuristic,0.12,1.01,0.309,0.05,0.0,,False,False
14:48:22,Baseline,Deep_Learning,1.58,148.7,,,,0.0,False,False
14:48:22,Baseline,Heuristic,0.1,1.01,0.308,0.051,0.0,,False,False
14:48:22,Baseline,Deep_Learning,1.59,148.7,,,,0.0,False,False
14:48:22,Baseline,Heuristic,0.1,1.01,0.307,0.052,0.0,,False,False
14:48:22,Baseline,Deep_Learning,1.69,148.44,,,,0.0,False,False
14:48:22,Baseline,Heuristic,0.1,1.01,0.305,0.053,0.0,,False,False
14:48:22,Baseline,Deep_Learning,1.64,148.44,,,,0.0,False,False
14:48:22,Baseline,Heuristic,0.17,1.01,0.304,0.053,0.0,,False,False
14:48:22,Baseline,Deep_Learning,2.33,148.41,,,,0.0,False,False
14:48:22,Baseline,Heuristic,0.1,1.01,0.303,0.054,0.0,,False,False
14:48:22,Baseline,Deep_Learning,1.9,149.09,,,,0.0,False,False
14:48:22,Baseline,Heuristic,0.1,1.01,0.303,0.055,0.0,,False,False
14:48:22,Baseline,Deep_Learning,1.55,149.31,,,,0.0,False,False
14:48:23,Baseline,Heuristic,0.1,1.01,0.302,0.056,0.0,,False,False
14:48:23,Baseline,Deep_Learning,1.62,149.31,,,,0.0,False,False
14:48:23,Baseline,Heuristic,0.1,1.01,0.302,0.057,0.0,,False,False
14:48:23,Baseline,Deep_Learning,1.69,149.31,,,,0.0,False,False
14:48:23,Baseline,Heuristic,0.1,1.01,0.302,0.058,0.0,,False,False
14:48:23,Baseline,Deep_Learning,1.71,149.31,,,,0.0,False,False
14:48:23,Baseline,Heuristic,0.1,1.01,0.302,0.06,0.0,,False,False
14:48:23,Baseline,Deep_Learning,1.57,148.83,,,,0.0,False,False
14:48:23,Baseline,Heuristic,0.11,1.01,0.302,0.062,0.0,,False,False
14:48:23,Baseline,Deep_Learning,1.61,148.6,,,,0.0,False,False
14:48:23,Baseline,Heuristic,0.1,1.01,0.302,0.063,0.0,,False,False
14:48:23,Baseline,Deep_Learning,1.6,149.09,,,,0.0,False,False
14:48:23,Baseline,Heuristic,0.1,1.01,0.302,0.063,0.0,,False,False
14:48:23,Baseline,Deep_Learning,1.62,149.54,,,,0.0,False,False
14:48:23,Baseline,Heuristic,0.1,1.01,0.302,0.063,0.0,,False,False
14:48:23,Baseline,Deep_Learning,1.59,149.54,,,,0.0,False,False
14:48:23,Baseline,Heuristic,0.1,1.01,0.302,0.064,0.0,,False,False
14:48:23,Baseline,Deep_Learning,1.56,149.31,,,,0.0,False,False
14:48:23,Baseline,Heuristic,0.1,1.01,0.302,0.064,0.0,,False,False
14:48:23,Baseline,Deep_Learning,1.64,149.57,,,,0.0,False,False
14:48:23,Baseline,Heuristic,0.1,1.01,0.302,0.065,0.0,,False,False
14:48:23,Baseline,Deep_Learning,1.55,149.35,,,,0.0,False,False
14:48:23,Baseline,Heuristic,0.1,1.01,0.302,0.065,0.0,,False,False
14:48:23,Baseline,Deep_Learning,1.58,149.12,,,,0.0,False,False
14:48:23,Baseline,Heuristic,0.13,1.01,0.302,0.066,0.0,,False,False
14:48:23,Baseline,Deep_Learning,1.76,149.12,,,,0.0,False,False
14:48:23,Baseline,Heuristic,0.1,1.01,0.302,0.067,0.0,,False,False
14:48:23,Baseline,Deep_Learning,1.63,149.15,,,,0.0,False,False
14:48:23,Baseline,Heuristic,0.1,1.01,0.302,0.068,0.0,,False,False
14:48:23,Baseline,Deep_Learning,1.6,149.12,,,,0.0,False,False
14:48:24,Baseline,Heuristic,0.1,1.01,0.302,0.068,0.0,,False,False
14:48:24,Baseline,Deep_Learning,1.57,148.89,,,,0.0,False,False
14:48:24,Baseline,Heuristic,0.1,1.01,0.302,0.069,0.0,,False,False
14:48:24,Baseline,Deep_Learning,1.6,149.15,,,,0.0,False,False
14:48:24,Baseline,Heuristic,0.19,1.01,0.302,0.07,0.0,,False,False
14:48:24,Baseline,Deep_Learning,1.67,148.89,,,,0.0,False,False
14:48:24,Baseline,Heuristic,0.11,1.01,0.302,0.07,0.0,,False,False
14:48:24,Baseline,Deep_Learning,1.96,149.15,,,,0.0,False,False
14:48:24,Baseline,Heuristic,0.11,1.01,0.303,0.071,0.0,,False,False
14:48:24,Baseline,Deep_Learning,1.7,148.67,,,,0.0,False,False
14:48:24,Baseline,Heuristic,0.11,1.01,0.303,0.071,0.0,,False,False
14:48:24,Baseline,Deep_Learning,3.34,148.44,,,,0.0,False,False
14:48:24,Baseline,Heuristic,0.15,1.01,0.303,0.071,0.0,,False,False
14:48:24,Baseline,Deep_Learning,2.16,148.44,,,,0.0,False,False
14:48:24,Baseline,Heuristic,0.1,1.01,0.303,0.07,0.0,,False,False
14:48:24,Baseline,Deep_Learning,1.56,148.19,,,,0.0,False,False
14:48:24,Baseline,Heuristic,0.1,1.01,0.304,0.07,0.0,,False,False
14:48:24,Baseline,Deep_Learning,1.71,148.41,,,,0.0,False,False
14:48:24,Baseline,Heuristic,0.11,1.01,0.304,0.069,0.0,,False,False
14:48:24,Baseline,Deep_Learning,1.85,147.93,,,,0.0,False,False
14:48:24,Baseline,Heuristic,0.11,1.01,0.304,0.068,0.0,,False,False
14:48:24,Baseline,Deep_Learning,1.81,147.96,,,,0.0,False,False
14:48:24,Baseline,Heuristic,0.11,1.01,0.305,0.067,0.0,,False,False
14:48:24,Baseline,Deep_Learning,1.75,147.71,,,,0.0,False,False
14:48:24,Baseline,Heuristic,0.1,1.01,0.305,0.066,0.0,,False,False
14:48:24,Baseline,Deep_Learning,1.6,147.93,,,,0.0,False,False
14:48:24,Baseline,Heuristic,0.11,1.01,0.305,0.065,0.0,,False,False
14:48:24,Baseline,Deep_Learning,1.61,148.19,,,,0.0,False,False
14:48:24,Baseline,Heuristic,0.11,1.27,0.306,0.064,0.0,,False,False
14:48:24,Baseline,Deep_Learning,1.67,148.41,,,,0.0,False,False
14:48:25,Baseline,Heuristic,0.1,1.01,0.306,0.063,0.0,,False,False
14:48:25,Baseline,Deep_Learning,1.57,148.41,,,,0.0,False,False
14:48:25,Baseline,Heuristic,0.1,1.01,0.307,0.062,0.0,,False,False
14:48:25,Baseline,Deep_Learning,1.59,148.25,,,,0.0,False,False
14:48:25,Baseline,Heuristic,0.11,1.01,0.307,0.061,0.0,,False,False
14:48:25,Baseline,Deep_Learning,1.64,146.75,,,,0.0,False,False
14:48:25,Baseline,Heuristic,0.1,1.01,0.308,0.06,0.0,,False,False
14:48:25,Baseline,Deep_Learning,1.7,147.71,,,,0.0,False,False
14:48:25,Baseline,Heuristic,0.1,1.01,0.309,0.058,0.0,,False,False
14:48:25,Baseline,Deep_Learning,1.81,151.72,,,,0.0,False,False
14:48:25,Baseline,Heuristic,0.1,1.01,0.309,0.057,0.0,,False,False
14:48:25,Baseline,Deep_Learning,1.68,150.35,,,,0.0,False,False
14:48:25,Baseline,Heuristic,0.1,1.01,0.308,0.056,0.0,,False,False
14:48:25,Baseline,Deep_Learning,1.83,149.54,,,,0.406,False,False
14:48:25,Baseline,Heuristic,0.1,1.01,0.308,0.055,0.0,,False,False
14:48:25,Baseline,Deep_Learning,1.58,148.34,,,,0.992,True,False
14:48:25,Baseline,Heuristic,0.1,1.01,0.307,0.055,0.0,,False,False
14:48:25,Baseline,Deep_Learning,1.63,149.23,,,,0.0,False,False
14:48:25,Baseline,Heuristic,0.1,1.01,0.307,0.054,0.0,,False,False
14:48:25,Baseline,Deep_Learning,1.61,149.05,,,,0.0,False,False
14:48:25,Baseline,Heuristic,0.1,1.01,0.307,0.053,0.0,,False,False
14:48:25,Baseline,Deep_Learning,1.73,146.14,,,,0.0,False,False
14:48:25,Baseline,Heuristic,0.1,1.01,0.307,0.052,0.0,,False,False
14:48:25,Baseline,Deep_Learning,2.43,146.84,,,,0.0,False,False
14:48:25,Baseline,Heuristic,0.11,1.01,0.307,0.051,0.0,,False,False
14:48:25,Baseline,Deep_Learning,1.74,148.02,,,,0.0,False,False
14:48:25,Baseline,Heuristic,0.11,1.01,0.307,0.051,0.0,,False,False
14:48:25,Baseline,Deep_Learning,1.76,149.21,,,,0.0,False,False
14:48:25,Baseline,Heuristic,0.11,1.01,0.308,0.05,0.0,,False,False
14:48:25,Baseline,Deep_Learning,1.65,148.96,,,,0.0,False,False
14:48:26,Baseline,Heuristic,0.1,1.01,0.308,0.049,0.0,,False,False
14:48:26,Baseline,Deep_Learning,1.58,148.96,,,,0.0,False,False
14:48:26,Baseline,Heuristic,0.1,1.01,0.308,0.047,0.0,,False,False
14:48:26,Baseline,Deep_Learning,1.61,150.16,,,,0.0,False,False
14:48:26,Baseline,Heuristic,0.1,1.01,0.308,0.047,0.0,,False,False
14:48:26,Baseline,Deep_Learning,1.69,150.16,,,,0.0,False,False
14:48:26,Baseline,Heuristic,0.11,1.01,0.308,0.046,0.0,,False,False
14:48:26,Baseline,Deep_Learning,1.59,150.64,,,,0.0,False,False
14:48:26,Baseline,Heuristic,0.11,1.01,0.308,0.045,0.0,,False,False
14:48:26,Baseline,Deep_Learning,1.55,150.38,,,,0.0,False,False
14:48:26,Baseline,Heuristic,0.1,1.01,0.308,0.044,0.0,,False,False
14:48:26,Baseline,Deep_Learning,1.67,150.64,,,,0.0,False,False
14:48:26,Baseline,Heuristic,0.1,1.01,0.308,0.044,0.0,,False,False
14:48:26,Baseline,Deep_Learning,1.61,150.41,,,,0.0,False,False
14:48:26,Baseline,Heuristic,0.1,1.01,0.308,0.043,0.0,,False,False
14:48:26,Baseline,Deep_Learning,1.65,150.16,,,,0.0,False,False
14:48:26,Baseline,Heuristic,0.11,1.01,0.309,0.042,0.0,,False,False
14:48:26,Baseline,Deep_Learning,1.66,149.67,,,,0.0,False,False
14:48:26,Baseline,Heuristic,0.1,1.01,0.309,0.04,0.0,,False,False
14:48:26,Baseline,Deep_Learning,1.66,149.67,,,,0.0,False,False
14:48:26,Baseline,Heuristic,0.1,1.01,0.31,0.04,0.0,,False,False
14:48:26,Baseline,Deep_Learning,1.64,150.12,,,,0.0,False,False
14:48:26,Baseline,Heuristic,0.1,1.01,0.31,0.039,0.0,,False,False
14:48:26,Baseline,Deep_Learning,1.62,149.41,,,,0.0,False,False
14:48:26,Baseline,Heuristic,0.1,1.01,0.31,0.039,0.0,,False,False
14:48:26,Baseline,Deep_Learning,1.6,149.9,,,,0.0,False,False
14:48:26,Baseline,Heuristic,0.1,1.01,0.311,0.038,0.0,,False,False
14:48:26,Baseline,Deep_Learning,1.65,149.9,,,,0.0,False,False
14:48:26,Baseline,Heuristic,0.1,1.01,0.311,0.037,0.0,,False,False
14:48:26,Baseline,Deep_Learning,1.61,150.41,,,,0.0,False,False
14:48:27,Baseline,Heuristic,0.11,1.01,0.312,0.037,0.0,,False,False
14:48:27,Baseline,Deep_Learning,1.65,150.41,,,,0.0,False,False
14:48:27,Baseline,Heuristic,0.11,1.27,0.312,0.036,0.0,,False,False
14:48:27,Baseline,Deep_Learning,1.66,150.16,,,,0.0,False,False
14:48:27,Baseline,Heuristic,0.1,1.01,0.312,0.035,0.0,,False,False
14:48:27,Baseline,Deep_Learning,1.6,149.21,,,,0.0,False,False
14:48:27,Baseline,Heuristic,0.1,1.01,0.312,0.035,0.0,,False,False
14:48:27,Baseline,Deep_Learning,1.6,148.96,,,,0.0,False,False
14:48:27,Baseline,Heuristic,0.1,1.01,0.313,0.034,0.0,,False,False
14:48:27,Baseline,Deep_Learning,1.72,149.21,,,,0.0,False,False
14:48:27,Baseline,Heuristic,0.1,1.01,0.313,0.033,0.0,,False,False
14:48:27,Baseline,Deep_Learning,1.58,148.98,,,,0.0,False,False
14:48:27,Baseline,Heuristic,0.1,1.01,0.312,0.033,0.0,,False,False
14:48:27,Baseline,Deep_Learning,1.66,148.47,,,,0.0,False,False
14:48:27,Baseline,Heuristic,0.1,1.01,0.312,0.032,0.0,,False,False
14:48:27,Baseline,Deep_Learning,1.67,148.73,,,,0.0,False,False
14:48:27,Baseline,Heuristic,0.1,1.01,0.312,0.031,0.0,,False,False
14:48:27,Baseline,Deep_Learning,1.62,148.25,,,,0.0,False,False
14:48:27,Baseline,Heuristic,0.1,1.01,0.312,0.03,0.0,,False,False
14:48:27,Baseline,Deep_Learning,1.67,147.99,,,,0.0,False,False
14:48:27,Baseline,Heuristic,0.1,1.01,0.313,0.03,0.0,,False,False
14:48:27,Baseline,Deep_Learning,1.63,148.25,,,,0.0,False,False
14:48:27,Baseline,Heuristic,0.1,1.01,0.313,0.029,0.0,,False,False
14:48:27,Baseline,Deep_Learning,1.72,147.99,,,,0.0,False,False
14:48:27,Baseline,Heuristic,0.1,1.01,0.313,0.029,0.0,,False,False
14:48:27,Baseline,Deep_Learning,1.64,148.25,,,,0.0,False,False
14:48:27,Baseline,Heuristic,0.1,1.01,0.313,0.028,0.0,,False,False
14:48:27,Baseline,Deep_Learning,1.63,148.25,,,,0.0,False,False
14:48:27,Baseline,Heuristic,0.1,1.01,0.313,0.028,0.0,,False,False
14:48:27,Baseline,Deep_Learning,1.69,148.02,,,,0.0,False,False
14:48:28,Baseline,Heuristic,0.1,1.01,0.313,0.027,0.0,,False,False
14:48:28,Baseline,Deep_Learning,1.63,147.77,,,,0.0,False,False
14:48:28,Baseline,Heuristic,0.1,1.01,0.313,0.027,0.0,,False,False
14:48:28,Baseline,Deep_Learning,1.6,148.47,,,,0.0,False,False
14:48:28,Baseline,Heuristic,0.1,1.01,0.313,0.026,0.0,,False,False
14:48:28,Baseline,Deep_Learning,1.65,148.47,,,,0.0,False,False
14:48:28,Baseline,Heuristic,0.1,1.01,0.313,0.025,0.0,,False,False
14:48:28,Baseline,Deep_Learning,1.69,147.96,,,,0.0,False,False
14:48:28,Baseline,Heuristic,0.11,1.01,0.314,0.025,0.0,,False,False
14:48:28,Baseline,Deep_Learning,1.79,148.22,,,,0.0,False,False
14:48:28,Baseline,Heuristic,0.1,1.01,0.314,0.025,0.0,,False,False
14:48:28,Baseline,Deep_Learning,1.62,147.99,,,,0.0,False,False
14:48:28,Baseline,Heuristic,0.1,1.01,0.314,0.024,0.0,,False,False
14:48:28,Baseline,Deep_Learning,1.64,147.74,,,,0.0,False,False
14:48:28,Baseline,Heuristic,0.1,1.01,0.313,0.024,0.0,,False,False
14:48:28,Baseline,Deep_Learning,1.63,147.74,,,,0.0,False,False
14:48:28,Baseline,Heuristic,0.12,1.01,0.312,0.023,0.0,,False,False
14:48:28,Baseline,Deep_Learning,1.71,147.74,,,,0.0,False,False
14:48:28,Baseline,Heuristic,0.1,1.01,0.311,0.023,0.0,,False,False
14:48:28,Baseline,Deep_Learning,1.61,147.99,,,,0.0,False,False
14:48:28,Baseline,Heuristic,0.11,1.01,0.309,0.023,0.0,,False,False
14:48:28,Baseline,Deep_Learning,1.57,147.77,,,,0.0,False,False
14:48:28,Baseline,Heuristic,0.11,1.01,0.308,0.022,0.0,,False,False
14:48:28,Baseline,Deep_Learning,1.61,147.51,,,,0.0,False,False
14:48:28,Baseline,Heuristic,0.11,1.01,0.305,0.022,0.0,,False,False
14:48:28,Baseline,Deep_Learning,1.61,147.51,,,,0.0,False,False
14:48:28,Baseline,Heuristic,0.13,1.01,0.304,0.021,0.0,,False,False
14:48:28,Baseline,Deep_Learning,1.65,147.51,,,,0.0,False,False
14:48:29,Baseline,Heuristic,0.1,1.01,0.303,0.021,0.0,,False,False
14:48:29,Baseline,Deep_Learning,1.61,147.51,,,,0.0,False,False
14:48:29,Baseline,Heuristic,0.1,1.01,0.303,0.021,0.0,,False,False
14:48:29,Baseline,Deep_Learning,1.6,147.51,,,,0.0,False,False
14:48:29,Baseline,Heuristic,0.1,1.01,0.302,0.02,0.0,,False,False
14:48:29,Baseline,Deep_Learning,1.64,147.51,,,,0.0,False,False
14:48:29,Baseline,Heuristic,0.18,1.27,0.301,0.02,0.0,,False,False
14:48:29,Baseline,Deep_Learning,1.79,147.51,,,,0.0,False,False
14:48:29,Baseline,Heuristic,0.11,1.01,0.3,0.019,0.0,,False,False
14:48:29,Baseline,Deep_Learning,1.8,147.29,,,,0.0,False,False
14:48:29,Baseline,Heuristic,0.1,1.01,0.299,0.019,0.0,,False,False
14:48:29,Baseline,Deep_Learning,1.58,147.51,,,,0.0,False,False
14:48:29,Baseline,Heuristic,0.1,1.01,0.297,0.018,0.0,,False,False
14:48:29,Baseline,Deep_Learning,1.62,148.27,,,,0.0,False,False
14:48:29,Baseline,Heuristic,0.1,1.01,0.296,0.018,0.0,,False,False
14:48:29,Baseline,Deep_Learning,1.68,147.77,,,,0.0,False,False
14:48:29,Baseline,Heuristic,0.1,1.01,0.295,0.018,0.0,,False,False
14:48:29,Baseline,Deep_Learning,1.64,147.99,,,,0.0,False,False
14:48:29,Baseline,Heuristic,0.1,1.01,0.293,0.018,0.0,,False,False
14:48:29,Baseline,Deep_Learning,1.68,147.01,,,,0.0,False,False
14:48:29,Baseline,Heuristic,0.1,1.01,0.291,0.017,0.0,,False,False
14:48:29,Baseline,Deep_Learning,1.62,147.04,,,,0.0,False,False
14:48:29,Baseline,Heuristic,0.1,1.01,0.289,0.017,0.0,,False,False
14:48:29,Baseline,Deep_Learning,1.66,147.26,,,,0.0,False,False
14:48:29,Baseline,Heuristic,0.1,1.01,0.286,0.016,0.0,,False,False
14:48:29,Baseline,Deep_Learning,1.67,146.31,,,,0.0,False,False
14:48:29,Baseline,Heuristic,0.1,1.01,0.284,0.016,0.0,,False,False
14:48:29,Baseline,Deep_Learning,1.59,146.53,,,,0.0,False,False
14:48:30,Baseline,Heuristic,0.1,1.01,0.282,0.016,0.0,,False,False
14:48:30,Baseline,Deep_Learning,1.7,146.31,,,,0.0,False,False
14:48:30,Baseline,Heuristic,0.11,1.01,0.281,0.016,0.0,,False,False
14:48:30,Baseline,Deep_Learning,1.68,146.59,,,,0.0,False,False
14:48:30,Baseline,Heuristic,0.1,1.01,0.28,0.015,0.0,,False,True
14:48:30,Baseline,Deep_Learning,1.63,147.01,,,,0.0,False,True
14:48:30,Baseline,Heuristic,0.1,1.01,0.279,0.015,0.0,,False,True
14:48:30,Baseline,Deep_Learning,1.67,146.53,,,,0.0,False,True
14:48:30,Baseline,Heuristic,0.12,1.01,0.279,0.015,0.0,,False,True
14:48:30,Baseline,Deep_Learning,1.63,146.56,,,,0.0,False,True
14:48:30,Baseline,Heuristic,0.11,1.01,0.279,0.015,0.0,,False,True
14:48:30,Baseline,Deep_Learning,1.59,146.79,,,,0.0,False,True
14:48:30,Baseline,Heuristic,0.1,1.01,0.279,0.014,0.0,,False,True
14:48:30,Baseline,Deep_Learning,1.68,147.04,,,,0.0,False,True
14:48:30,Baseline,Heuristic,0.11,1.01,0.279,0.014,0.0,,False,True
14:48:30,Baseline,Deep_Learning,1.69,147.04,,,,0.0,False,True
14:48:30,Baseline,Heuristic,0.1,1.01,0.28,0.014,0.0,,False,True
14:48:30,Baseline,Deep_Learning,1.63,147.04,,,,0.0,False,True
14:48:30,Baseline,Heuristic,0.11,1.01,0.281,0.013,0.0,,False,True
14:48:30,Baseline,Deep_Learning,1.89,147.04,,,,0.0,False,True
14:48:30,Baseline,Heuristic,0.12,1.01,0.281,0.013,0.0,,False,True
14:48:30,Baseline,Deep_Learning,1.59,147.26,,,,0.0,False,True
14:48:30,Baseline,Heuristic,0.1,1.01,0.281,0.013,0.0,,False,True
14:48:30,Baseline,Deep_Learning,1.7,147.26,,,,0.0,False,True
14:48:30,Baseline,Heuristic,0.12,1.01,0.281,0.013,0.0,,False,True
14:48:30,Baseline,Deep_Learning,1.82,147.26,,,,0.0,False,True
14:48:30,Baseline,Heuristic,0.11,1.01,0.28,0.012,0.0,,False,True
14:48:30,Baseline,Deep_Learning,1.65,147.51,,,,0.0,False,True
14:48:31,Baseline,Heuristic,0.11,1.01,0.28,0.012,0.0,,False,True
14:48:31,Baseline,Deep_Learning,1.88,147.51,,,,0.0,False,True
14:48:31,Baseline,Heuristic,0.12,1.01,0.279,0.012,0.0,,False,True
14:48:31,Baseline,Deep_Learning,1.63,147.51,,,,0.0,False,True
14:48:31,Baseline,Heuristic,0.1,1.01,0.278,0.012,0.0,,False,True
14:48:31,Baseline,Deep_Learning,1.67,147.51,,,,0.0,False,True
14:48:31,Baseline,Heuristic,0.11,1.01,0.278,0.012,0.0,,False,True
14:48:31,Baseline,Deep_Learning,1.59,147.77,,,,0.0,False,True
14:48:31,Baseline,Heuristic,0.1,1.01,0.276,0.011,0.0,,False,True
14:48:31,Baseline,Deep_Learning,1.78,147.29,,,,0.0,False,True
14:48:31,Baseline,Heuristic,0.11,1.01,0.274,0.011,0.0,,False,True
14:48:31,Baseline,Deep_Learning,1.63,147.29,,,,0.0,False,True
14:48:31,Baseline,Heuristic,0.1,1.01,0.273,0.011,0.0,,False,True
14:48:31,Baseline,Deep_Learning,1.62,147.06,,,,0.0,False,True
14:48:31,Baseline,Heuristic,0.11,1.01,0.271,0.011,0.0,,False,True
14:48:31,Baseline,Deep_Learning,1.7,146.84,,,,0.0,False,True
14:48:31,Baseline,Heuristic,0.1,1.01,0.269,0.011,0.0,,False,True
14:48:31,Baseline,Deep_Learning,1.61,146.84,,,,0.0,False,True
14:48:31,Baseline,Heuristic,0.12,1.01,0.267,0.01,0.0,,False,True
14:48:31,Baseline,Deep_Learning,1.62,147.06,,,,0.0,False,True
14:48:31,Baseline,Heuristic,0.1,1.01,0.264,0.01,0.0,,False,True
14:48:31,Baseline,Deep_Learning,1.56,147.06,,,,0.0,False,True
14:48:31,Baseline,Heuristic,0.1,1.01,0.262,0.01,0.0,,False,True
14:48:31,Baseline,Deep_Learning,1.86,147.34,,,,0.0,False,True
14:48:31,Baseline,Heuristic,0.11,1.01,0.26,0.01,0.0,,False,True
14:48:31,Baseline,Deep_Learning,1.64,147.09,,,,0.0,False,True
14:48:31,Baseline,Heuristic,0.1,1.01,0.257,0.01,0.0,,False,True
14:48:31,Baseline,Deep_Learning,1.69,147.09,,,,0.0,False,True
14:48:32,Baseline,Heuristic,0.12,1.01,0.255,0.01,0.0,,False,True
14:48:32,Baseline,Deep_Learning,1.7,146.81,,,,0.0,False,True
14:48:32,Baseline,Heuristic,0.11,1.01,0.253,0.009,0.0,,False,True
14:48:32,Baseline,Deep_Learning,1.65,146.59,,,,0.0,False,True
14:48:32,Baseline,Heuristic,0.12,1.01,0.25,0.009,0.0,,False,True
14:48:32,Baseline,Deep_Learning,1.68,146.59,,,,0.0,False,True
14:48:32,Baseline,Heuristic,0.11,1.01,0.248,0.009,0.0,,False,True
14:48:32,Baseline,Deep_Learning,1.59,146.84,,,,0.0,False,True
14:48:32,Baseline,Heuristic,0.12,1.01,0.245,0.009,0.0,,False,True
14:48:32,Baseline,Deep_Learning,1.65,147.09,,,,0.0,False,True
14:48:32,Baseline,Heuristic,0.12,1.01,0.243,0.009,0.0,,False,True
14:48:32,Baseline,Deep_Learning,1.65,146.84,,,,0.0,False,True
14:48:32,Baseline,Heuristic,0.1,1.01,0.241,0.009,0.0,,False,True
14:48:32,Baseline,Deep_Learning,1.6,146.62,,,,0.0,False,True
14:48:32,Baseline,Heuristic,0.11,1.01,0.239,0.008,0.0,,False,True
14:48:32,Baseline,Deep_Learning,1.74,146.84,,,,0.0,False,True
14:48:32,Baseline,Heuristic,0.12,1.01,0.236,0.008,0.0,,False,True
14:48:32,Baseline,Deep_Learning,1.65,147.32,,,,0.0,False,True
14:48:32,Baseline,Heuristic,0.12,1.01,0.233,0.008,0.0,,False,True
14:48:32,Baseline,Deep_Learning,1.73,147.32,,,,0.0,False,True
14:48:32,Baseline,Heuristic,0.11,1.01,0.231,0.008,0.0,,False,True
14:48:32,Baseline,Deep_Learning,1.66,147.32,,,,0.0,False,True
14:48:32,Baseline,Heuristic,0.11,1.01,0.229,0.008,0.0,,False,True
14:48:32,Baseline,Deep_Learning,1.6,147.32,,,,0.0,False,True
14:48:32,Baseline,Heuristic,0.1,1.01,0.227,0.008,0.0,,False,True
14:48:32,Baseline,Deep_Learning,1.63,146.84,,,,0.0,False,True
14:48:32,Baseline,Heuristic,0.1,1.01,0.225,0.008,0.0,,False,True
14:48:32,Baseline,Deep_Learning,1.73,147.32,,,,0.0,False,True
14:48:33,Baseline,Heuristic,0.11,1.01,0.223,0.007,0.0,,False,True
14:48:33,Baseline,Deep_Learning,1.7,147.32,,,,0.0,False,True
14:48:33,Baseline,Heuristic,0.1,1.01,0.221,0.007,0.0,,False,True
14:48:33,Baseline,Deep_Learning,1.61,147.32,,,,0.0,False,True
14:48:33,Baseline,Heuristic,0.1,1.01,0.219,0.007,0.0,,False,True
14:48:33,Baseline,Deep_Learning,1.68,147.32,,,,0.0,False,True
14:48:33,Baseline,Heuristic,0.1,1.01,0.217,0.007,0.0,,False,True
14:48:33,Baseline,Deep_Learning,1.58,147.09,,,,0.0,False,True
14:48:33,Baseline,Heuristic,0.11,1.01,0.216,0.007,0.0,,False,True
14:48:33,Baseline,Deep_Learning,1.73,147.57,,,,0.0,False,True
14:48:33,Baseline,Heuristic,0.11,1.01,0.213,0.007,0.0,,False,True
14:48:33,Baseline,Deep_Learning,1.65,147.57,,,,0.0,False,True
14:48:33,Baseline,Heuristic,0.1,1.01,0.211,0.007,0.0,,False,True
14:48:33,Baseline,Deep_Learning,1.61,147.34,,,,0.0,False,True
14:48:33,Baseline,Heuristic,0.14,1.27,0.21,0.007,0.0,,False,True
14:48:33,Baseline,Deep_Learning,1.81,147.09,,,,0.0,False,True
14:48:33,Baseline,Heuristic,0.11,1.01,0.209,0.006,0.0,,False,True
14:48:33,Baseline,Deep_Learning,1.68,147.34,,,,0.0,False,True
14:48:33,Baseline,Heuristic,0.1,1.01,0.207,0.006,0.0,,False,True
14:48:33,Baseline,Deep_Learning,1.82,147.09,,,,0.0,False,True
14:48:33,Baseline,Heuristic,0.11,1.01,0.204,0.006,0.0,,False,True
14:48:33,Baseline,Deep_Learning,1.73,147.09,,,,0.0,False,True
14:48:33,Baseline,Heuristic,0.11,1.01,0.203,0.006,0.0,,False,True
14:48:33,Baseline,Deep_Learning,1.81,147.32,,,,0.0,False,True
14:48:33,Baseline,Heuristic,0.11,1.01,0.201,0.006,0.0,,False,True
14:48:33,Baseline,Deep_Learning,1.75,147.57,,,,0.0,False,True
14:48:33,Baseline,Heuristic,0.11,1.01,0.2,0.006,0.001,,False,True
14:48:33,Baseline,Deep_Learning,1.71,147.57,,,,0.0,False,True
14:48:33,Baseline,Heuristic,0.11,1.01,0.198,0.006,0.002,,False,True
14:48:33,Baseline,Deep_Learning,1.73,147.59,,,,0.0,False,True
14:48:34,Baseline,Heuristic,0.11,1.01,0.197,0.006,0.004,,False,True
14:48:34,Baseline,Deep_Learning,1.76,147.57,,,,0.0,False,True
14:48:34,Baseline,Heuristic,0.11,1.01,0.194,0.006,0.006,,False,True
14:48:34,Baseline,Deep_Learning,1.69,147.57,,,,0.0,False,True
14:48:34,Baseline,Heuristic,0.11,1.01,0.193,0.006,0.007,,False,True
14:48:34,Baseline,Deep_Learning,1.78,147.11,,,,0.0,False,True
14:48:34,Baseline,Heuristic,0.12,1.01,0.192,0.005,0.009,,False,True
14:48:34,Baseline,Deep_Learning,1.71,147.09,,,,0.0,False,True
14:48:34,Baseline,Heuristic,0.11,1.01,0.19,0.005,0.01,,False,True
14:48:34,Baseline,Deep_Learning,1.78,147.09,,,,0.0,False,True
14:48:34,Baseline,Heuristic,0.12,1.01,0.188,0.005,0.013,,False,True
14:48:34,Baseline,Deep_Learning,1.75,147.32,,,,0.0,False,True
14:48:34,Baseline,Heuristic,0.11,1.01,0.186,0.005,0.014,,False,True
14:48:34,Baseline,Deep_Learning,1.79,147.34,,,,0.0,False,True
14:48:34,Baseline,Heuristic,0.11,1.01,0.184,0.005,0.016,,False,True
14:48:34,Baseline,Deep_Learning,1.57,147.57,,,,0.0,False,True
14:48:34,Baseline,Heuristic,0.1,1.01,0.183,0.005,0.017,,False,True
14:48:34,Baseline,Deep_Learning,1.59,147.34,,,,0.0,False,True
14:48:34,Baseline,Heuristic,0.12,1.01,0.181,0.005,0.019,,False,True
14:48:34,Baseline,Deep_Learning,1.68,147.11,,,,0.0,False,True
14:48:34,Baseline,Heuristic,0.11,1.01,0.18,0.005,0.02,,False,True
14:48:34,Baseline,Deep_Learning,1.65,147.59,,,,0.0,False,True
14:48:34,Baseline,Heuristic,0.1,1.01,0.179,0.005,0.022,,False,True
14:48:34,Baseline,Deep_Learning,1.67,147.34,,,,0.0,False,True
14:48:34,Baseline,Heuristic,0.1,1.01,0.178,0.005,0.023,,False,True
14:48:34,Baseline,Deep_Learning,1.63,147.34,,,,0.0,False,True
14:48:34,Baseline,Heuristic,0.11,1.01,0.177,0.005,0.024,,False,True
14:48:34,Baseline,Deep_Learning,1.61,147.59,,,,0.0,False,True
14:48:34,Baseline,Heuristic,0.1,1.01,0.175,0.004,0.026,,False,True
14:48:34,Baseline,Deep_Learning,1.61,147.34,,,,0.0,False,True
14:48:35,Baseline,Heuristic,0.1,1.01,0.174,0.004,0.028,,False,True
14:48:35,Baseline,Deep_Learning,1.63,147.57,,,,0.0,False,True
14:48:35,Baseline,Heuristic,0.37,1.01,0.173,0.004,0.029,,False,True
14:48:35,Baseline,Deep_Learning,3.59,146.86,,,,0.0,False,True
14:48:35,Baseline,Heuristic,0.12,1.01,0.172,0.004,0.031,,False,True
14:48:35,Baseline,Deep_Learning,1.58,147.09,,,,0.0,False,True
14:48:35,Baseline,Heuristic,0.11,1.01,0.171,0.004,0.032,,False,True
14:48:35,Baseline,Deep_Learning,1.63,147.57,,,,0.0,False,True
14:48:35,Baseline,Heuristic,0.1,1.01,0.17,0.004,0.034,,False,True
14:48:35,Baseline,Deep_Learning,1.61,147.82,,,,0.0,False,True
14:48:35,Baseline,Heuristic,0.11,1.01,0.169,0.004,0.035,,False,True
14:48:35,Baseline,Deep_Learning,1.6,148.04,,,,0.0,False,True
14:48:35,Baseline,Heuristic,0.1,1.01,0.168,0.004,0.037,,False,True
14:48:35,Baseline,Deep_Learning,1.57,148.27,,,,0.0,False,True
14:48:35,Baseline,Heuristic,0.1,1.01,0.167,0.004,0.038,,False,True
14:48:35,Baseline,Deep_Learning,2.57,148.27,,,,0.0,False,True
14:48:35,Baseline,Heuristic,0.1,1.01,0.167,0.004,0.039,,False,True
14:48:35,Baseline,Deep_Learning,1.61,147.79,,,,0.0,False,True
14:48:35,Baseline,Heuristic,0.11,1.27,0.167,0.004,0.04,,False,True
14:48:35,Baseline,Deep_Learning,1.69,147.79,,,,0.0,False,True
14:48:35,Baseline,Heuristic,0.11,1.01,0.167,0.004,0.043,,False,True
14:48:35,Baseline,Deep_Learning,1.56,148.02,,,,0.0,False,True
14:48:35,Baseline,Heuristic,0.13,1.01,0.167,0.004,0.044,,False,True
14:48:35,Baseline,Deep_Learning,1.69,147.77,,,,0.0,False,True
14:48:35,Baseline,Heuristic,0.11,1.01,0.168,0.004,0.046,,False,True
14:48:35,Baseline,Deep_Learning,1.67,147.77,,,,0.0,False,True
14:48:35,Baseline,Heuristic,0.1,1.01,0.169,0.004,0.048,,False,True
14:48:35,Baseline,Deep_Learning,1.62,147.51,,,,0.0,False,True
14:48:36,Baseline,Heuristic,0.12,1.01,0.169,0.004,0.049,,False,True
14:48:36,Baseline,Deep_Learning,1.85,147.51,,,,0.0,False,True
14:48:36,Baseline,Heuristic,0.11,1.01,0.171,0.004,0.051,,False,True
14:48:36,Baseline,Deep_Learning,1.72,147.99,,,,0.0,False,True
14:48:36,Baseline,Heuristic,0.11,1.01,0.172,0.003,0.053,,False,True
14:48:36,Baseline,Deep_Learning,1.72,147.74,,,,0.0,False,True
14:48:36,Baseline,Heuristic,0.12,1.01,0.174,0.003,0.054,,False,True
14:48:36,Baseline,Deep_Learning,1.65,147.77,,,,0.0,False,True
14:48:36,Baseline,Heuristic,0.1,1.01,0.175,0.003,0.055,,False,True
14:48:36,Baseline,Deep_Learning,1.64,147.99,,,,0.0,False,True
14:48:36,Baseline,Heuristic,0.1,1.01,0.176,0.003,0.056,,False,True
14:48:36,Baseline,Deep_Learning,1.56,147.54,,,,0.0,False,True
14:48:36,Baseline,Heuristic,0.1,1.01,0.177,0.003,0.058,,False,True
14:48:36,Baseline,Deep_Learning,1.66,147.57,,,,0.0,False,True
14:48:36,Baseline,Heuristic,0.1,1.01,0.177,0.003,0.059,,False,True
14:48:36,Baseline,Deep_Learning,1.64,147.32,,,,0.0,False,True
14:48:36,Baseline,Heuristic,0.11,1.01,0.177,0.003,0.06,,False,True
14:48:36,Baseline,Deep_Learning,1.62,147.57,,,,0.0,False,True
14:48:36,Baseline,Heuristic,0.12,1.01,0.177,0.003,0.062,,False,True
14:48:36,Baseline,Deep_Learning,1.78,147.57,,,,0.0,False,True
14:48:36,Baseline,Heuristic,0.1,1.01,0.177,0.003,0.063,,False,True
14:48:36,Baseline,Deep_Learning,1.64,147.57,,,,0.0,False,True
14:48:36,Baseline,Heuristic,0.11,1.01,0.176,0.003,0.065,,False,True
14:48:36,Baseline,Deep_Learning,1.61,147.54,,,,0.0,False,True
14:48:36,Baseline,Heuristic,0.12,1.01,0.176,0.003,0.067,,False,True
14:48:36,Baseline,Deep_Learning,1.74,147.54,,,,0.0,False,True
14:48:36,Baseline,Heuristic,0.12,1.01,0.175,0.003,0.068,,False,True
14:48:36,Baseline,Deep_Learning,1.63,147.54,,,,0.0,False,True
14:48:37,Baseline,Heuristic,0.1,1.01,0.174,0.003,0.069,,False,True
14:48:37,Baseline,Deep_Learning,1.57,147.57,,,,0.0,False,True
14:48:37,Baseline,Heuristic,0.11,1.01,0.174,0.003,0.071,,False,True
14:48:37,Baseline,Deep_Learning,1.64,147.57,,,,0.0,False,True
14:48:37,Baseline,Heuristic,0.1,1.01,0.173,0.003,0.072,,False,True
14:48:37,Baseline,Deep_Learning,1.63,147.79,,,,0.0,False,True
14:48:37,Baseline,Heuristic,0.1,1.01,0.172,0.003,0.074,,False,True
14:48:37,Baseline,Deep_Learning,1.63,147.79,,,,0.0,False,True
14:48:37,Baseline,Heuristic,0.11,1.01,0.172,0.003,0.076,,False,True
14:48:37,Baseline,Deep_Learning,1.68,147.54,,,,0.0,False,True
14:48:37,Baseline,Heuristic,0.14,1.01,0.172,0.003,0.077,,False,True
14:48:37,Baseline,Deep_Learning,1.69,147.29,,,,0.0,False,True
14:48:37,Baseline,Heuristic,0.1,1.01,0.172,0.003,0.078,,False,True
14:48:37,Baseline,Deep_Learning,1.56,147.77,,,,0.0,False,True
14:48:37,Baseline,Heuristic,0.1,1.01,0.172,0.003,0.08,,False,True
14:48:37,Baseline,Deep_Learning,1.58,147.74,,,,0.0,False,True
14:48:37,Baseline,Heuristic,0.1,1.01,0.172,0.003,0.08,,False,True
14:48:37,Baseline,Deep_Learning,1.74,147.99,,,,0.0,False,True
14:48:37,Baseline,Heuristic,0.12,1.01,0.173,0.003,0.082,,False,True
14:48:37,Baseline,Deep_Learning,1.77,147.99,,,,0.0,False,True
14:48:37,Baseline,Heuristic,0.11,1.01,0.174,0.003,0.084,,False,True
14:48:37,Baseline,Deep_Learning,1.58,147.74,,,,0.0,False,True
14:48:37,Baseline,Heuristic,0.11,1.27,0.175,0.003,0.085,,False,True
14:48:37,Baseline,Deep_Learning,1.7,148.02,,,,0.0,False,True
14:48:37,Baseline,Heuristic,0.1,1.01,0.177,0.003,0.087,,False,True
14:48:37,Baseline,Deep_Learning,1.66,147.99,,,,0.0,False,True
14:48:37,Baseline,Heuristic,0.12,1.01,0.179,0.003,0.088,,False,True
14:48:37,Baseline,Deep_Learning,1.63,147.77,,,,0.0,False,True
14:48:37,Baseline,Heuristic,0.11,1.01,0.18,0.003,0.09,,False,True
14:48:37,Baseline,Deep_Learning,1.61,148.02,,,,0.0,False,True
14:48:38,Baseline,Heuristic,0.1,1.01,0.182,0.003,0.091,,False,True
14:48:38,Baseline,Deep_Learning,1.59,148.25,,,,0.0,False,True
14:48:38,Baseline,Heuristic,0.12,1.01,0.183,0.003,0.092,,False,True
14:48:38,Baseline,Deep_Learning,1.72,147.77,,,,0.0,False,True
14:48:38,Baseline,Heuristic,0.1,1.01,0.185,0.003,0.094,,False,True
14:48:38,Baseline,Deep_Learning,1.67,147.77,,,,0.0,False,True
14:48:38,Baseline,Heuristic,0.12,1.01,0.187,0.003,0.095,,False,True
14:48:38,Baseline,Deep_Learning,1.72,147.74,,,,0.0,False,True
14:48:38,Baseline,Heuristic,0.11,1.01,0.189,0.003,0.096,,False,True
14:48:38,Baseline,Deep_Learning,1.69,147.99,,,,0.0,False,True
14:48:38,Baseline,Heuristic,0.11,1.01,0.19,0.003,0.097,,False,True
14:48:38,Baseline,Deep_Learning,1.7,147.99,,,,0.0,False,True
14:48:38,Baseline,Heuristic,0.12,1.01,0.192,0.003,0.099,,False,True
14:48:38,Baseline,Deep_Learning,1.59,147.99,,,,0.0,False,True
14:48:38,Baseline,Heuristic,0.14,1.01,0.193,0.003,0.099,,False,True
14:48:38,Baseline,Deep_Learning,1.66,147.51,,,,0.0,False,True
14:48:38,Baseline,Heuristic,0.1,1.01,0.195,0.003,0.101,,False,True
14:48:38,Baseline,Deep_Learning,1.66,147.51,,,,0.0,False,True
14:48:38,Baseline,Heuristic,0.12,1.01,0.197,0.003,0.102,,False,True
14:48:38,Baseline,Deep_Learning,1.59,147.51,,,,0.0,False,True
14:48:38,Baseline,Heuristic,0.12,1.01,0.199,0.003,0.103,,False,True
14:48:38,Baseline,Deep_Learning,1.61,147.77,,,,0.0,False,True
14:48:38,Baseline,Heuristic,0.1,1.01,0.201,0.003,0.104,,False,True
14:48:38,Baseline,Deep_Learning,1.56,147.99,,,,0.0,False,True
14:48:38,Baseline,Heuristic,0.11,1.01,0.203,0.003,0.104,,False,True
14:48:38,Baseline,Deep_Learning,1.79,147.99,,,,0.0,False,True
14:48:38,Baseline,Heuristic,0.1,1.01,0.205,0.003,0.103,,False,True
14:48:38,Baseline,Deep_Learning,1.66,147.77,,,,0.0,False,True
14:48:38,Baseline,Heuristic,0.1,1.01,0.207,0.003,0.103,,False,True
14:48:38,Baseline,Deep_Learning,1.61,147.51,,,,0.0,False,True
14:48:39,Baseline,Heuristic,0.1,1.01,0.208,0.003,0.103,,False,True
14:48:39,Baseline,Deep_Learning,1.66,147.51,,,,0.0,False,True
14:48:39,Baseline,Heuristic,0.1,1.01,0.209,0.003,0.103,,False,True
14:48:39,Baseline,Deep_Learning,1.62,147.77,,,,0.0,False,True
14:48:39,Baseline,Heuristic,0.13,1.01,0.21,0.003,0.103,,False,True
14:48:39,Baseline,Deep_Learning,1.71,147.32,,,,0.0,False,True
14:48:39,Baseline,Heuristic,0.1,1.01,0.21,0.003,0.103,,False,True
14:48:39,Baseline,Deep_Learning,1.55,147.57,,,,0.0,False,True
14:48:39,Baseline,Heuristic,0.1,1.01,0.21,0.003,0.103,,False,True
14:48:39,Baseline,Deep_Learning,1.64,147.57,,,,0.0,False,True
14:48:39,Baseline,Heuristic,0.11,1.01,0.209,0.003,0.102,,False,True
14:48:39,Baseline,Deep_Learning,1.63,147.57,,,,0.0,False,True
14:48:39,Baseline,Heuristic,0.1,1.01,0.208,0.002,0.102,,False,True
14:48:39,Baseline,Deep_Learning,1.64,147.79,,,,0.0,False,True
14:48:39,Baseline,Heuristic,0.1,1.01,0.208,0.002,0.102,,False,True
14:48:39,Baseline,Deep_Learning,1.62,147.57,,,,0.0,False,True
14:48:39,Baseline,Heuristic,0.11,1.01,0.207,0.002,0.102,,False,True
14:48:39,Baseline,Deep_Learning,1.6,147.82,,,,0.0,False,True
14:48:39,Baseline,Heuristic,0.1,1.01,0.206,0.002,0.102,,False,True
14:48:39,Baseline,Deep_Learning,1.61,147.34,,,,0.0,False,True
14:48:39,Baseline,Heuristic,0.15,1.01,0.205,0.002,0.102,,False,True
14:48:39,Baseline,Deep_Learning,1.7,147.57,,,,0.0,False,True
14:48:39,Baseline,Heuristic,0.1,1.01,0.203,0.002,0.101,,False,True
14:48:39,Baseline,Deep_Learning,1.59,147.09,,,,0.0,False,True
14:48:39,Baseline,Heuristic,0.1,1.01,0.201,0.002,0.101,,False,True
14:48:39,Baseline,Deep_Learning,1.6,147.34,,,,0.0,False,True
14:48:40,Baseline,Heuristic,0.1,1.01,0.2,0.002,0.102,,False,True
14:48:40,Baseline,Deep_Learning,1.63,147.57,,,,0.0,False,True
14:48:40,Baseline,Heuristic,0.1,1.01,0.199,0.002,0.103,,False,True
14:48:40,Baseline,Deep_Learning,1.56,147.57,,,,0.0,False,True
14:48:40,Baseline,Heuristic,0.1,1.01,0.197,0.002,0.104,,False,True
14:48:40,Baseline,Deep_Learning,1.61,147.57,,,,0.0,False,True
14:48:40,Baseline,Heuristic,0.1,1.01,0.196,0.002,0.106,,False,True
14:48:40,Baseline,Deep_Learning,1.57,147.57,,,,0.0,False,True
14:48:40,Baseline,Heuristic,0.11,1.01,0.194,0.002,0.107,,False,True
14:48:40,Baseline,Deep_Learning,1.6,147.32,,,,0.0,False,True
14:48:40,Baseline,Heuristic,0.12,1.01,0.192,0.002,0.109,,False,True
14:48:40,Baseline,Deep_Learning,1.63,147.09,,,,0.0,False,True
14:48:40,Baseline,Heuristic,0.12,1.01,0.191,0.002,0.11,,False,True
14:48:40,Baseline,Deep_Learning,1.6,147.09,,,,0.0,False,True
14:48:40,Baseline,Heuristic,0.11,1.01,0.19,0.002,0.111,,False,True
14:48:40,Baseline,Deep_Learning,1.59,147.32,,,,0.0,False,True
14:48:40,Baseline,Heuristic,0.1,1.01,0.187,0.002,0.113,,False,True
14:48:40,Baseline,Deep_Learning,1.59,147.32,,,,0.0,False,True
14:48:40,Baseline,Heuristic,0.12,1.01,0.187,0.002,0.113,,False,True
14:48:40,Baseline,Deep_Learning,1.77,147.32,,,,0.0,False,True
14:48:40,Baseline,Heuristic,0.1,1.01,0.185,0.002,0.115,,False,True
14:48:40,Baseline,Deep_Learning,1.62,147.57,,,,0.0,False,True
14:48:40,Baseline,Heuristic,0.1,1.01,0.184,0.002,0.116,,False,True
14:48:40,Baseline,Deep_Learning,1.59,147.34,,,,0.0,False,True
14:48:40,Baseline,Heuristic,0.11,1.01,0.182,0.002,0.118,,False,True
14:48:40,Baseline,Deep_Learning,1.69,147.34,,,,0.0,False,True
14:48:40,Baseline,Heuristic,0.11,1.01,0.181,0.002,0.119,,False,True
14:48:40,Baseline,Deep_Learning,1.63,147.09,,,,0.0,False,True
14:48:41,Baseline,Heuristic,0.11,1.01,0.179,0.002,0.121,,False,True
14:48:41,Baseline,Deep_Learning,1.57,147.34,,,,0.0,False,True
14:48:41,Baseline,Heuristic,0.11,1.01,0.177,0.002,0.122,,False,True
14:48:41,Baseline,Deep_Learning,1.72,147.34,,,,0.0,False,True
14:48:41,Baseline,Heuristic,0.11,1.01,0.176,0.002,0.123,,False,True
14:48:41,Baseline,Deep_Learning,1.7,147.57,,,,0.0,False,True
14:48:41,Baseline,Heuristic,0.1,1.01,0.175,0.002,0.124,,False,True
14:48:41,Baseline,Deep_Learning,1.61,147.54,,,,0.0,False,True
14:48:41,Baseline,Heuristic,0.1,1.01,0.175,0.002,0.125,,False,True
14:48:41,Baseline,Deep_Learning,1.65,147.77,,,,0.0,False,True
14:48:41,Baseline,Heuristic,0.11,1.01,0.174,0.002,0.126,,False,True
14:48:41,Baseline,Deep_Learning,1.58,147.51,,,,0.0,False,True
14:48:41,Baseline,Heuristic,0.11,1.01,0.174,0.002,0.127,,False,True
14:48:41,Baseline,Deep_Learning,1.56,147.51,,,,0.0,False,True
14:48:41,Baseline,Heuristic,0.12,1.01,0.174,0.002,0.128,,False,True
14:48:41,Baseline,Deep_Learning,1.67,147.29,,,,0.0,False,True
14:48:41,Baseline,Heuristic,0.1,1.01,0.175,0.002,0.13,,False,True
14:48:41,Baseline,Deep_Learning,1.65,147.77,,,,0.0,False,True
14:48:41,Baseline,Heuristic,0.1,1.01,0.175,0.002,0.131,,False,True
14:48:41,Baseline,Deep_Learning,1.61,147.99,,,,0.0,False,True
14:48:41,Baseline,Heuristic,0.13,1.01,0.177,0.002,0.132,,False,True
14:48:41,Baseline,Deep_Learning,1.74,148.22,,,,0.0,False,True
14:48:41,Baseline,Heuristic,0.11,1.01,0.178,0.002,0.134,,False,True
14:48:41,Baseline,Deep_Learning,1.68,147.99,,,,0.0,False,True
14:48:41,Baseline,Heuristic,0.12,1.01,0.179,0.002,0.135,,False,True
14:48:41,Baseline,Deep_Learning,1.73,147.77,,,,0.0,False,True
14:48:41,Baseline,Heuristic,0.12,1.01,0.181,0.002,0.136,,False,True
14:48:41,Baseline,Deep_Learning,1.6,147.77,,,,0.0,False,True
14:48:42,Baseline,Heuristic,0.1,1.01,0.184,0.002,0.138,,False,True
14:48:42,Baseline,Deep_Learning,1.71,147.51,,,,0.0,False,True
14:48:42,Baseline,Heuristic,0.1,1.01,0.186,0.002,0.139,,False,True
14:48:42,Baseline,Deep_Learning,1.62,147.96,,,,0.0,False,True
14:48:42,Baseline,Heuristic,0.1,1.01,0.187,0.002,0.14,,False,True
14:48:42,Baseline,Deep_Learning,1.64,148.19,,,,0.0,False,True
14:48:42,Baseline,Heuristic,0.11,1.01,0.189,0.002,0.141,,False,True
14:48:42,Baseline,Deep_Learning,1.62,148.41,,,,0.0,False,True
14:48:42,Baseline,Heuristic,0.12,1.01,0.192,0.002,0.142,,False,True
14:48:42,Baseline,Deep_Learning,1.69,148.41,,,,0.0,False,True
14:48:42,Baseline,Heuristic,0.11,1.01,0.193,0.002,0.143,,False,True
14:48:42,Baseline,Deep_Learning,1.63,148.67,,,,0.0,False,True
14:48:42,Baseline,Heuristic,0.2,1.01,0.195,0.002,0.144,,False,True
14:48:42,Baseline,Deep_Learning,1.85,148.67,,,,0.0,False,True
14:48:42,Baseline,Heuristic,0.1,1.01,0.197,0.002,0.145,,False,True
14:48:42,Baseline,Deep_Learning,1.59,148.67,,,,0.0,False,True
14:48:42,Baseline,Heuristic,0.12,1.01,0.199,0.002,0.146,,False,True
14:48:42,Baseline,Deep_Learning,1.68,148.41,,,,0.0,False,True
14:48:42,Baseline,Heuristic,0.12,1.01,0.2,0.002,0.146,,False,True
14:48:42,Baseline,Deep_Learning,1.83,148.41,,,,0.0,False,True
14:48:42,Baseline,Heuristic,0.11,1.01,0.204,0.002,0.146,,False,True
14:48:42,Baseline,Deep_Learning,1.64,148.41,,,,0.0,False,True
14:48:42,Baseline,Heuristic,0.1,1.01,0.206,0.002,0.146,,False,True
14:48:42,Baseline,Deep_Learning,1.59,148.41,,,,0.0,False,True
14:48:42,Baseline,Heuristic,0.11,1.01,0.209,0.002,0.145,,False,True
14:48:42,Baseline,Deep_Learning,1.67,148.64,,,,0.0,False,True
14:48:42,Baseline,Heuristic,0.1,1.01,0.211,0.002,0.145,,False,True
14:48:42,Baseline,Deep_Learning,1.57,148.64,,,,0.0,False,True
14:48:42,Baseline,Heuristic,0.11,1.01,0.213,0.002,0.145,,False,True
14:48:42,Baseline,Deep_Learning,1.78,148.67,,,,0.0,False,True
14:48:42,Baseline,Heuristic,0.11,1.01,0.216,0.002,0.145,,False,True
14:48:42,Baseline,Deep_Learning,1.71,148.67,,,,0.0,False,True
14:48:43,Baseline,Heuristic,0.1,1.01,0.218,0.002,0.145,,False,True
14:48:43,Baseline,Deep_Learning,1.66,148.41,,,,0.0,False,True
14:48:43,Baseline,Heuristic,0.11,1.01,0.221,0.002,0.144,,False,True
14:48:43,Baseline,Deep_Learning,1.69,148.41,,,,0.0,False,True
14:48:43,Baseline,Heuristic,0.11,1.01,0.223,0.002,0.144,,False,True
14:48:43,Baseline,Deep_Learning,1.77,148.41,,,,0.0,False,True
14:48:43,Baseline,Heuristic,0.12,1.01,0.224,0.002,0.144,,False,True
14:48:43,Baseline,Deep_Learning,1.65,148.22,,,,0.0,False,True
14:48:43,Baseline,Heuristic,0.11,1.01,0.224,0.002,0.144,,False,True
14:48:43,Baseline,Deep_Learning,1.74,148.22,,,,0.0,False,True
14:48:43,Baseline,Heuristic,0.11,1.01,0.224,0.002,0.143,,False,True
14:48:43,Baseline,Deep_Learning,1.71,148.22,,,,0.0,False,True
14:48:43,Baseline,Heuristic,0.15,1.01,0.223,0.002,0.143,,False,True
14:48:43,Baseline,Deep_Learning,1.63,148.25,,,,0.0,False,True
14:48:43,Baseline,Heuristic,0.1,1.01,0.223,0.002,0.143,,False,True
14:48:43,Baseline,Deep_Learning,1.61,148.47,,,,0.0,False,True
14:48:43,Baseline,Heuristic,0.11,1.01,0.222,0.002,0.143,,False,True
14:48:43,Baseline,Deep_Learning,1.68,147.96,,,,0.0,False,True
14:48:43,Baseline,Heuristic,0.1,1.01,0.22,0.002,0.143,,False,True
14:48:43,Baseline,Deep_Learning,1.71,147.74,,,,0.0,False,True
14:48:43,Baseline,Heuristic,0.1,1.01,0.219,0.002,0.142,,False,True
14:48:43,Baseline,Deep_Learning,1.68,147.96,,,,0.0,False,True
14:48:43,Baseline,Heuristic,0.11,1.01,0.217,0.002,0.142,,False,True
14:48:43,Baseline,Deep_Learning,1.66,148.22,,,,0.0,False,True
14:48:43,Baseline,Heuristic,0.1,1.01,0.215,0.002,0.142,,False,True
14:48:43,Baseline,Deep_Learning,1.62,147.77,,,,0.0,False,True
14:48:44,Baseline,Heuristic,0.11,1.01,0.214,0.002,0.142,,False,True
14:48:44,Baseline,Deep_Learning,1.58,148.02,,,,0.0,False,True
14:48:44,Baseline,Heuristic,0.1,1.01,0.212,0.002,0.142,,False,True
14:48:44,Baseline,Deep_Learning,1.56,147.54,,,,0.0,False,True
14:48:44,Baseline,Heuristic,0.13,1.27,0.209,0.002,0.141,,False,True
14:48:44,Baseline,Deep_Learning,1.63,147.54,,,,0.0,False,True
14:48:44,Baseline,Heuristic,0.11,1.01,0.207,0.002,0.141,,False,True
14:48:44,Baseline,Deep_Learning,1.62,147.09,,,,0.0,False,True
14:48:44,Baseline,Heuristic,0.1,1.01,0.205,0.002,0.141,,False,True
14:48:44,Baseline,Deep_Learning,1.62,147.32,,,,0.0,False,True
14:48:44,Baseline,Heuristic,0.1,1.01,0.204,0.002,0.141,,False,True
14:48:44,Baseline,Deep_Learning,1.61,147.06,,,,0.0,False,True
14:48:44,Baseline,Heuristic,0.11,1.01,0.202,0.002,0.141,,False,True
14:48:44,Baseline,Deep_Learning,1.73,147.06,,,,0.0,False,True
14:48:44,Baseline,Heuristic,0.11,1.01,0.201,0.002,0.141,,False,True
14:48:44,Baseline,Deep_Learning,1.63,147.06,,,,0.0,False,True
14:48:44,Baseline,Heuristic,0.1,1.01,0.199,0.002,0.142,,False,True
14:48:44,Baseline,Deep_Learning,1.6,147.57,,,,0.0,False,True
14:48:44,Baseline,Heuristic,0.1,1.01,0.196,0.002,0.143,,False,True
14:48:44,Baseline,Deep_Learning,1.59,147.32,,,,0.0,False,True
14:48:44,Baseline,Heuristic,0.12,1.01,0.195,0.002,0.144,,False,True
14:48:44,Baseline,Deep_Learning,1.86,147.32,,,,0.0,False,True
14:48:44,Baseline,Heuristic,0.11,1.01,0.193,0.002,0.146,,False,True
14:48:44,Baseline,Deep_Learning,1.71,147.32,,,,0.0,False,True
14:48:44,Baseline,Heuristic,0.11,1.01,0.192,0.002,0.147,,False,True
14:48:44,Baseline,Deep_Learning,1.72,147.54,,,,0.0,False,True
14:48:44,Baseline,Heuristic,0.12,1.01,0.19,0.002,0.148,,False,True
14:48:44,Baseline,Deep_Learning,1.72,147.54,,,,0.0,False,True
14:48:44,Baseline,Heuristic,0.11,1.01,0.189,0.002,0.149,,False,True
14:48:44,Baseline,Deep_Learning,1.77,147.54,,,,0.0,False,True
14:48:45,Baseline,Heuristic,0.11,1.01,0.188,0.002,0.15,,False,True
14:48:45,Baseline,Deep_Learning,1.77,147.54,,,,0.0,False,True
14:48:45,Baseline,Heuristic,0.11,1.01,0.187,0.002,0.15,,True,True
14:48:45,Baseline,Deep_Learning,1.72,147.54,,,,0.0,False,True
14:48:45,Baseline,Heuristic,0.1,1.01,0.186,0.002,0.151,,True,True
14:48:45,Baseline,Deep_Learning,1.7,147.54,,,,0.0,False,True
14:48:45,Baseline,Heuristic,0.11,1.01,0.185,0.002,0.152,,True,True
14:48:45,Baseline,Deep_Learning,1.71,147.79,,,,0.0,False,True
14:48:45,Baseline,Heuristic,0.1,1.01,0.185,0.002,0.153,,True,True
14:48:45,Baseline,Deep_Learning,1.64,147.79,,,,0.0,False,True
14:48:45,Baseline,Heuristic,0.1,1.01,0.184,0.002,0.154,,True,True
14:48:45,Baseline,Deep_Learning,1.66,147.51,,,,0.0,False,True
14:48:45,Baseline,Heuristic,0.1,1.01,0.183,0.002,0.155,,True,True
14:48:45,Baseline,Deep_Learning,1.62,147.51,,,,0.0,False,True
14:48:45,Baseline,Heuristic,0.1,1.01,0.183,0.002,0.156,,True,True
14:48:45,Baseline,Deep_Learning,1.58,147.74,,,,0.0,False,True
14:48:45,Baseline,Heuristic,0.11,1.01,0.182,0.002,0.157,,True,True
14:48:45,Baseline,Deep_Learning,1.66,147.74,,,,0.0,False,True
14:48:45,Baseline,Heuristic,0.1,1.01,0.182,0.002,0.158,,True,True
14:48:45,Baseline,Deep_Learning,1.66,147.74,,,,0.0,False,True
14:48:45,Baseline,Heuristic,0.1,1.01,0.182,0.002,0.159,,True,True
14:48:45,Baseline,Deep_Learning,1.59,147.48,,,,0.0,False,True
14:48:45,Baseline,Heuristic,0.1,1.01,0.183,0.002,0.16,,True,True
14:48:45,Baseline,Deep_Learning,1.76,147.74,,,,0.0,False,True
14:48:45,Baseline,Heuristic,0.12,1.01,0.183,0.002,0.161,,True,True
14:48:45,Baseline,Deep_Learning,1.65,147.74,,,,0.0,False,True
14:48:45,Baseline,Heuristic,0.12,1.01,0.184,0.002,0.162,,True,True
14:48:45,Baseline,Deep_Learning,1.76,147.51,,,,0.0,False,True
14:48:45,Baseline,Heuristic,0.13,1.01,0.185,0.002,0.163,,True,True
14:48:45,Baseline,Deep_Learning,2.01,147.74,,,,0.0,False,True
14:48:45,Baseline,Heuristic,0.1,1.01,0.186,0.002,0.165,,True,True
14:48:45,Baseline,Deep_Learning,1.62,147.96,,,,0.0,False,True
14:48:46,Baseline,Heuristic,0.11,1.01,0.186,0.002,0.166,,True,True
14:48:46,Baseline,Deep_Learning,1.64,147.74,,,,0.0,False,True
14:48:46,Baseline,Heuristic,0.11,1.01,0.187,0.002,0.167,,True,True
14:48:46,Baseline,Deep_Learning,1.66,147.77,,,,0.0,False,True
14:48:46,Baseline,Heuristic,0.1,1.01,0.187,0.002,0.168,,True,True
14:48:46,Baseline,Deep_Learning,1.62,147.54,,,,0.0,False,True
14:48:46,Baseline,Heuristic,0.11,1.01,0.187,0.002,0.169,,True,True
14:48:46,Baseline,Deep_Learning,1.61,147.79,,,,0.0,False,True
14:48:46,Baseline,Heuristic,0.12,1.27,0.187,0.002,0.17,,True,True
14:48:46,Baseline,Deep_Learning,1.6,148.02,,,,0.0,False,True
14:48:46,Baseline,Heuristic,0.11,1.01,0.187,0.002,0.171,,True,True
14:48:46,Baseline,Deep_Learning,1.61,147.29,,,,0.0,False,True
14:48:46,Baseline,Heuristic,0.12,1.01,0.187,0.002,0.172,,True,True
14:48:46,Baseline,Deep_Learning,1.65,147.51,,,,0.0,False,True
14:48:46,Baseline,Heuristic,0.1,1.01,0.188,0.002,0.173,,True,True
14:48:46,Baseline,Deep_Learning,1.61,147.77,,,,0.0,False,True
14:48:46,Baseline,Heuristic,0.1,1.01,0.188,0.002,0.174,,True,True
14:48:46,Baseline,Deep_Learning,1.64,147.51,,,,0.0,False,True
14:48:46,Baseline,Heuristic,0.1,1.01,0.189,0.002,0.175,,True,True
14:48:46,Baseline,Deep_Learning,1.6,147.51,,,,0.0,False,True
14:48:46,Baseline,Heuristic,0.11,1.01,0.189,0.002,0.176,,True,True
14:48:46,Baseline,Deep_Learning,1.7,147.74,,,,0.0,False,True
14:48:46,Baseline,Heuristic,0.12,1.01,0.191,0.002,0.177,,True,True
14:48:46,Baseline,Deep_Learning,1.59,147.26,,,,0.0,False,True
14:48:46,Baseline,Heuristic,0.11,1.01,0.191,0.002,0.178,,True,True
14:48:46,Baseline,Deep_Learning,1.59,147.26,,,,0.0,False,True
14:48:46,Baseline,Heuristic,0.11,1.01,0.192,0.002,0.179,,True,True
14:48:46,Baseline,Deep_Learning,1.65,147.26,,,,0.0,False,True
14:48:47,Baseline,Heuristic,0.11,1.01,0.194,0.002,0.181,,True,True
14:48:47,Baseline,Deep_Learning,1.63,147.48,,,,0.0,False,True
14:48:47,Baseline,Heuristic,0.18,1.01,0.194,0.002,0.182,,True,True
14:48:47,Baseline,Deep_Learning,1.97,147.48,,,,0.0,False,True
14:48:47,Baseline,Heuristic,0.11,1.01,0.195,0.002,0.183,,True,True
14:48:47,Baseline,Deep_Learning,1.64,147.77,,,,0.0,False,True
14:48:47,Baseline,Heuristic,0.11,1.01,0.195,0.002,0.184,,True,True
14:48:47,Baseline,Deep_Learning,1.63,147.32,,,,0.0,False,True
14:48:47,Baseline,Heuristic,0.11,1.01,0.195,0.002,0.185,,True,True
14:48:47,Baseline,Deep_Learning,1.64,147.32,,,,0.0,False,True
14:48:47,Baseline,Heuristic,0.11,1.01,0.195,0.002,0.186,,True,True
14:48:47,Baseline,Deep_Learning,1.67,147.32,,,,0.0,False,True
14:48:47,Baseline,Heuristic,0.11,1.01,0.194,0.002,0.187,,True,True
14:48:47,Baseline,Deep_Learning,1.64,147.32,,,,0.0,False,True
14:48:47,Baseline,Heuristic,0.11,1.01,0.193,0.002,0.188,,True,True
14:48:47,Baseline,Deep_Learning,1.74,147.32,,,,0.0,False,True
14:48:47,Baseline,Heuristic,0.11,1.01,0.192,0.002,0.189,,True,True
14:48:47,Baseline,Deep_Learning,1.65,147.09,,,,0.0,False,True
14:48:47,Baseline,Heuristic,0.11,1.01,0.19,0.002,0.189,,True,True
14:48:47,Baseline,Deep_Learning,1.66,147.09,,,,0.0,False,True
14:48:47,Baseline,Heuristic,0.12,1.01,0.19,0.002,0.19,,True,True
14:48:47,Baseline,Deep_Learning,1.69,147.09,,,,0.0,False,True
14:48:47,Baseline,Heuristic,0.11,1.01,0.187,0.002,0.191,,True,True
14:48:47,Baseline,Deep_Learning,1.66,147.32,,,,0.0,False,True
14:48:47,Baseline,Heuristic,0.11,1.01,0.186,0.002,0.192,,True,True
14:48:47,Baseline,Deep_Learning,1.58,147.32,,,,0.0,False,True
14:48:47,Baseline,Heuristic,0.11,1.01,0.185,0.002,0.193,,True,True
14:48:47,Baseline,Deep_Learning,1.68,147.32,,,,0.0,False,True
14:48:47,Baseline,Heuristic,0.1,1.01,0.183,0.002,0.194,,True,True
14:48:47,Baseline,Deep_Learning,1.56,147.57,,,,0.0,False,True
14:48:48,Baseline,Heuristic,0.11,1.01,0.182,0.002,0.195,,True,True
14:48:48,Baseline,Deep_Learning,1.59,147.32,,,,0.0,False,True
14:48:48,Baseline,Heuristic,0.11,1.01,0.18,0.002,0.196,,True,True
14:48:48,Baseline,Deep_Learning,1.75,147.57,,,,0.0,False,True
14:48:48,Baseline,Heuristic,0.11,1.01,0.179,0.002,0.197,,True,True
14:48:48,Baseline,Deep_Learning,1.62,147.34,,,,0.0,False,True
14:48:48,Baseline,Heuristic,0.1,1.01,0.178,0.002,0.198,,True,True
14:48:48,Baseline,Deep_Learning,1.63,146.86,,,,0.0,False,True
14:48:48,Baseline,Heuristic,0.1,1.01,0.176,0.002,0.199,,True,True
14:48:48,Baseline,Deep_Learning,1.7,146.86,,,,0.0,False,True
14:48:48,Baseline,Heuristic,0.11,1.01,0.175,0.002,0.2,,True,True
14:48:48,Baseline,Deep_Learning,1.61,146.86,,,,0.0,False,True
14:48:48,Baseline,Heuristic,0.11,1.01,0.174,0.002,0.2,,True,True
14:48:48,Baseline,Deep_Learning,1.65,146.86,,,,0.0,False,True
14:48:48,Baseline,Heuristic,0.1,1.01,0.172,0.002,0.201,,True,True
14:48:48,Baseline,Deep_Learning,1.63,147.09,,,,0.0,False,True
14:48:48,Baseline,Heuristic,0.11,1.01,0.171,0.002,0.202,,True,True
14:48:48,Baseline,Deep_Learning,2.24,147.09,,,,0.0,False,True
14:48:48,Baseline,Heuristic,0.11,1.01,0.169,0.002,0.203,,True,True
14:48:48,Baseline,Deep_Learning,1.58,147.54,,,,0.0,False,True
14:48:48,Baseline,Heuristic,0.1,1.01,0.168,0.002,0.204,,True,True
14:48:48,Baseline,Deep_Learning,1.59,147.54,,,,0.0,False,True
14:48:48,Baseline,Heuristic,0.11,1.01,0.167,0.002,0.205,,True,True
14:48:48,Baseline,Deep_Learning,1.61,147.32,,,,0.0,False,True
14:48:48,Baseline,Heuristic,0.11,1.01,0.165,0.002,0.206,,True,True
14:48:48,Baseline,Deep_Learning,1.64,147.54,,,,0.0,False,True
14:48:48,Baseline,Heuristic,0.1,1.01,0.164,0.002,0.207,,True,True
14:48:48,Baseline,Deep_Learning,1.66,147.32,,,,0.0,False,True
14:48:48,Baseline,Heuristic,0.12,1.01,0.163,0.002,0.208,,True,True
14:48:48,Baseline,Deep_Learning,1.73,147.32,,,,0.0,False,True
14:48:49,Baseline,Heuristic,0.12,1.01,0.161,0.002,0.209,,True,True
14:48:49,Baseline,Deep_Learning,1.63,147.32,,,,0.0,False,True
14:48:49,Baseline,Heuristic,0.1,1.01,0.16,0.002,0.21,,True,True
14:48:49,Baseline,Deep_Learning,1.59,147.09,,,,0.0,False,True
14:48:49,Baseline,Heuristic,0.11,1.01,0.159,0.002,0.211,,True,True
14:48:49,Baseline,Deep_Learning,1.62,147.09,,,,0.0,False,True
14:48:49,Baseline,Heuristic,0.1,1.01,0.158,0.002,0.212,,True,True
14:48:49,Baseline,Deep_Learning,1.62,146.84,,,,0.0,False,True
14:48:49,Baseline,Heuristic,0.1,1.01,0.157,0.002,0.213,,True,True
14:48:49,Baseline,Deep_Learning,1.62,147.09,,,,0.0,False,True
14:48:49,Baseline,Heuristic,0.11,1.01,0.157,0.002,0.213,,True,True
14:48:49,Baseline,Deep_Learning,1.65,147.09,,,,0.0,False,True
14:48:49,Baseline,Heuristic,0.11,1.01,0.156,0.002,0.214,,True,True
14:48:49,Baseline,Deep_Learning,1.64,147.09,,,,0.0,False,True
14:48:49,Baseline,Heuristic,0.1,1.01,0.155,0.002,0.215,,True,True
14:48:49,Baseline,Deep_Learning,1.57,147.09,,,,0.0,False,True
14:48:49,Baseline,Heuristic,0.11,1.01,0.154,0.002,0.216,,True,True
14:48:49,Baseline,Deep_Learning,1.63,147.09,,,,0.0,False,True
14:48:49,Baseline,Heuristic,0.11,1.01,0.153,0.002,0.217,,True,True
14:48:49,Baseline,Deep_Learning,1.72,147.09,,,,0.0,False,True
14:48:49,Baseline,Heuristic,0.11,1.01,0.152,0.002,0.218,,True,True
14:48:49,Baseline,Deep_Learning,1.58,147.32,,,,0.0,False,True
14:48:49,Baseline,Heuristic,0.11,1.01,0.151,0.002,0.219,,True,True
14:48:49,Baseline,Deep_Learning,1.76,147.32,,,,0.0,False,True
14:48:49,Baseline,Heuristic,0.13,1.01,0.15,0.002,0.22,,True,True
14:48:49,Baseline,Deep_Learning,1.64,147.32,,,,0.0,False,True
14:48:49,Baseline,Heuristic,0.11,1.01,0.149,0.002,0.221,,True,True
14:48:49,Baseline,Deep_Learning,1.64,147.32,,,,0.0,False,True
14:48:49,Baseline,Heuristic,0.1,1.01,0.149,0.002,0.222,,True,True
14:48:49,Baseline,Deep_Learning,1.58,147.32,,,,0.0,False,True
14:48:50,Baseline,Heuristic,0.1,1.01,0.148,0.002,0.223,,True,True
14:48:50,Baseline,Deep_Learning,1.61,147.32,,,,0.0,False,True
14:48:50,Baseline,Heuristic,0.11,1.01,0.147,0.002,0.224,,True,True
14:48:50,Baseline,Deep_Learning,1.61,147.57,,,,0.0,False,True
14:48:50,Baseline,Heuristic,0.1,1.01,0.146,0.002,0.225,,True,True
14:48:50,Baseline,Deep_Learning,1.59,147.57,,,,0.0,False,True
14:48:50,Baseline,Heuristic,0.11,1.01,0.146,0.002,0.226,,True,True
14:48:50,Baseline,Deep_Learning,1.69,147.57,,,,0.0,False,True
14:48:50,Baseline,Heuristic,0.11,1.01,0.144,0.002,0.227,,True,True
14:48:50,Baseline,Deep_Learning,1.63,147.09,,,,0.0,False,True
14:48:50,Baseline,Heuristic,0.1,1.01,0.144,0.002,0.227,,True,True
14:48:50,Baseline,Deep_Learning,1.59,147.09,,,,0.0,False,True
14:48:50,Baseline,Heuristic,0.11,1.01,0.143,0.002,0.229,,True,True
14:48:50,Baseline,Deep_Learning,1.6,147.09,,,,0.0,False,True
14:48:50,Baseline,Heuristic,0.13,1.01,0.142,0.002,0.23,,True,True
14:48:50,Baseline,Deep_Learning,1.75,147.34,,,,0.0,False,True
14:48:50,Baseline,Heuristic,0.11,1.01,0.141,0.002,0.23,,True,True
14:48:50,Baseline,Deep_Learning,1.59,146.84,,,,0.0,False,True
14:48:50,Baseline,Heuristic,0.11,1.01,0.14,0.002,0.231,,True,True
14:48:50,Baseline,Deep_Learning,1.61,146.84,,,,0.0,False,True
14:48:50,Baseline,Heuristic,0.11,1.01,0.14,0.002,0.232,,True,True
14:48:50,Baseline,Deep_Learning,1.72,146.84,,,,0.0,False,True
14:48:50,Baseline,Heuristic,0.11,1.01,0.139,0.002,0.233,,True,True
14:48:50,Baseline,Deep_Learning,1.6,147.29,,,,0.0,False,True
14:48:50,Baseline,Heuristic,0.11,1.01,0.139,0.002,0.234,,True,True
14:48:50,Baseline,Deep_Learning,1.75,147.77,,,,0.0,False,True
14:48:50,Baseline,Heuristic,0.11,1.01,0.138,0.002,0.235,,True,True
14:48:50,Baseline,Deep_Learning,1.77,147.74,,,,0.0,False,True
14:48:51,Baseline,Heuristic,0.13,1.01,0.138,0.002,0.236,,True,True
14:48:51,Baseline,Deep_Learning,1.84,147.96,,,,0.0,False,True
14:48:51,Baseline,Heuristic,0.11,1.01,0.139,0.002,0.236,,True,True
14:48:51,Baseline,Deep_Learning,1.7,147.74,,,,0.0,False,True
14:48:51,Baseline,Heuristic,0.11,1.01,0.139,0.002,0.237,,True,True
14:48:51,Baseline,Deep_Learning,1.62,147.74,,,,0.0,False,True
14:48:51,Baseline,Heuristic,0.11,1.01,0.14,0.002,0.238,,True,True
14:48:51,Baseline,Deep_Learning,1.6,147.74,,,,0.0,False,True
14:48:51,Baseline,Heuristic,0.12,1.01,0.142,0.002,0.239,,True,True
14:48:51,Baseline,Deep_Learning,1.69,147.74,,,,0.0,False,True
14:48:51,Baseline,Heuristic,0.1,1.01,0.145,0.002,0.241,,True,True
14:48:51,Baseline,Deep_Learning,1.59,147.74,,,,0.0,False,True
14:48:51,Baseline,Heuristic,0.11,1.01,0.147,0.002,0.242,,True,True
14:48:51,Baseline,Deep_Learning,1.63,147.51,,,,0.0,False,True
14:48:51,Baseline,Heuristic,0.11,1.01,0.149,0.002,0.242,,True,True
14:48:51,Baseline,Deep_Learning,1.62,147.26,,,,0.0,False,True
14:48:51,Baseline,Heuristic,0.1,1.01,0.151,0.002,0.243,,True,True
14:48:51,Baseline,Deep_Learning,1.6,147.26,,,,0.0,False,True
14:48:51,Baseline,Heuristic,0.1,1.01,0.152,0.002,0.244,,True,True
14:48:51,Baseline,Deep_Learning,3.11,147.26,,,,0.0,False,True
14:48:51,Baseline,Heuristic,0.11,1.01,0.154,0.002,0.245,,True,True
14:48:51,Baseline,Deep_Learning,1.65,147.26,,,,0.0,False,True
14:48:51,Baseline,Heuristic,0.12,1.01,0.155,0.002,0.245,,True,True
14:48:51,Baseline,Deep_Learning,1.72,147.26,,,,0.0,False,True
14:48:51,Baseline,Heuristic,0.11,1.01,0.157,0.002,0.247,,True,True
14:48:51,Baseline,Deep_Learning,1.67,147.51,,,,0.0,False,True
14:48:51,Baseline,Heuristic,0.11,1.01,0.158,0.002,0.248,,True,True
14:48:51,Baseline,Deep_Learning,1.63,147.26,,,,0.0,False,True
14:48:52,Baseline,Heuristic,0.12,1.01,0.159,0.002,0.249,,True,True
14:48:52,Baseline,Deep_Learning,1.8,147.26,,,,0.0,False,True
14:48:52,Baseline,Heuristic,0.11,1.01,0.16,0.002,0.25,,True,True
14:48:52,Baseline,Deep_Learning,1.72,147.26,,,,0.0,False,True
14:48:52,Baseline,Heuristic,0.11,1.01,0.161,0.002,0.251,,True,True
14:48:52,Baseline,Deep_Learning,1.66,147.26,,,,0.0,False,True
14:48:52,Baseline,Heuristic,0.1,1.01,0.162,0.002,0.252,,True,True
14:48:52,Baseline,Deep_Learning,1.69,147.26,,,,0.0,False,True
14:48:52,Baseline,Heuristic,0.1,1.01,0.163,0.002,0.253,,True,True
14:48:52,Baseline,Deep_Learning,1.64,147.04,,,,0.0,False,True
14:48:52,Baseline,Heuristic,0.1,1.01,0.163,0.002,0.254,,True,True
14:48:52,Baseline,Deep_Learning,1.61,147.29,,,,0.0,False,True
14:48:52,Baseline,Heuristic,0.1,1.01,0.164,0.002,0.255,,True,True
14:48:52,Baseline,Deep_Learning,1.64,147.54,,,,0.0,False,True
14:48:52,Baseline,Heuristic,0.12,1.01,0.164,0.002,0.256,,True,True
14:48:52,Baseline,Deep_Learning,1.68,147.32,,,,0.0,False,True
14:48:52,Baseline,Heuristic,0.12,1.01,0.164,0.002,0.257,,True,True
14:48:52,Baseline,Deep_Learning,1.74,147.32,,,,0.0,False,True
14:48:52,Baseline,Heuristic,0.1,1.01,0.164,0.002,0.259,,True,True
14:48:52,Baseline,Deep_Learning,1.61,147.32,,,,0.0,False,True
14:48:52,Baseline,Heuristic,0.1,1.01,0.164,0.002,0.26,,True,True
14:48:52,Baseline,Deep_Learning,1.65,147.32,,,,0.0,False,True
14:48:52,Baseline,Heuristic,0.11,1.01,0.163,0.002,0.261,,True,True
14:48:52,Baseline,Deep_Learning,1.66,147.32,,,,0.0,False,True
14:48:52,Baseline,Heuristic,0.1,1.01,0.163,0.002,0.262,,True,True
14:48:52,Baseline,Deep_Learning,1.65,147.32,,,,0.0,False,True
14:48:52,Baseline,Heuristic,0.11,1.01,0.162,0.002,0.263,,True,True
14:48:52,Baseline,Deep_Learning,1.65,147.54,,,,0.0,False,True
14:48:52,Baseline,Heuristic,0.1,1.01,0.161,0.002,0.264,,True,True
14:48:52,Baseline,Deep_Learning,1.68,147.79,,,,0.0,False,True
14:48:52,Baseline,Heuristic,0.1,1.01,0.161,0.002,0.265,,True,True
14:48:52,Baseline,Deep_Learning,1.64,147.32,,,,0.0,False,True
14:48:53,Baseline,Heuristic,0.12,1.01,0.16,0.002,0.267,,True,True
14:48:53,Baseline,Deep_Learning,1.61,147.54,,,,0.0,False,True
14:48:53,Baseline,Heuristic,0.11,1.01,0.159,0.002,0.268,,True,True
14:48:53,Baseline,Deep_Learning,1.65,147.32,,,,0.0,False,True
14:48:53,Baseline,Heuristic,0.1,1.01,0.158,0.002,0.269,,True,True
14:48:53,Baseline,Deep_Learning,1.61,147.54,,,,0.0,False,True
14:48:53,Baseline,Heuristic,0.1,1.01,0.158,0.002,0.27,,True,True
14:48:53,Baseline,Deep_Learning,1.67,147.54,,,,0.0,False,True
14:48:53,Baseline,Heuristic,0.1,1.01,0.157,0.002,0.272,,True,True
14:48:53,Baseline,Deep_Learning,1.56,147.54,,,,0.0,False,True
14:48:53,Baseline,Heuristic,0.11,1.01,0.156,0.002,0.273,,True,True
14:48:53,Baseline,Deep_Learning,1.64,147.54,,,,0.0,False,True
14:48:53,Baseline,Heuristic,0.11,1.01,0.156,0.002,0.274,,True,True
14:48:53,Baseline,Deep_Learning,1.63,147.99,,,,0.0,False,True
14:48:53,Baseline,Heuristic,0.11,1.01,0.155,0.002,0.276,,True,True
14:48:53,Baseline,Deep_Learning,1.79,147.99,,,,0.0,False,True
14:48:53,Baseline,Heuristic,0.1,1.01,0.156,0.002,0.277,,True,True
14:48:53,Baseline,Deep_Learning,1.67,148.22,,,,0.0,False,True
14:48:53,Baseline,Heuristic,0.11,1.01,0.156,0.002,0.278,,True,True
14:48:53,Baseline,Deep_Learning,1.61,148.44,,,,0.0,False,True
14:48:53,Baseline,Heuristic,0.11,1.01,0.157,0.002,0.279,,True,True
14:48:53,Baseline,Deep_Learning,1.72,148.7,,,,0.0,False,True
14:48:53,Baseline,Heuristic,0.11,1.01,0.158,0.002,0.28,,True,True
14:48:53,Baseline,Deep_Learning,1.8,149.41,,,,0.0,False,True
14:48:53,Baseline,Heuristic,0.1,1.01,0.16,0.002,0.281,,True,True
14:48:53,Baseline,Deep_Learning,1.59,150.55,,,,0.0,False,True
14:48:53,Baseline,Heuristic,0.1,1.01,0.161,0.003,0.282,,True,True
14:48:53,Baseline,Deep_Learning,1.65,151.69,,,,0.0,False,True
14:48:54,Baseline,Heuristic,0.11,1.01,0.163,0.005,0.283,,True,True
14:48:54,Baseline,Deep_Learning,1.68,153.05,,,,0.0,False,True
14:48:54,Baseline,Heuristic,0.11,1.01,0.164,0.006,0.284,,True,True
14:48:54,Baseline,Deep_Learning,1.67,154.24,,,,0.0,False,True
14:48:54,Baseline,Heuristic,0.11,1.01,0.167,0.011,0.286,,True,True
14:48:54,Baseline,Deep_Learning,1.7,155.2,,,,0.0,False,True
14:48:54,Baseline,Heuristic,0.11,1.01,0.169,0.015,0.287,,True,True
14:48:54,Baseline,Deep_Learning,1.81,155.66,,,,0.0,False,True
14:48:54,Baseline,Heuristic,0.1,1.01,0.17,0.02,0.288,,True,True
14:48:54,Baseline,Deep_Learning,1.54,156.69,,,,0.0,False,True
14:48:54,Baseline,Heuristic,0.11,1.01,0.171,0.025,0.289,,True,True
14:48:54,Baseline,Deep_Learning,1.57,156.69,,,,0.0,False,True
14:48:54,Baseline,Heuristic,0.11,1.01,0.172,0.03,0.29,,True,True
14:48:54,Baseline,Deep_Learning,1.58,156.97,,,,0.0,False,True
14:48:54,Baseline,Heuristic,0.1,1.01,0.173,0.036,0.291,,True,True
14:48:54,Baseline,Deep_Learning,1.59,157.21,,,,0.0,False,True
14:48:54,Baseline,Heuristic,0.11,1.01,0.174,0.044,0.293,,True,True
14:48:54,Baseline,Deep_Learning,1.54,156.92,,,,0.0,False,True
14:48:54,Baseline,Heuristic,0.11,1.01,0.174,0.049,0.294,,True,True
14:48:54,Baseline,Deep_Learning,1.63,157.21,,,,0.0,False,True
14:48:54,Baseline,Heuristic,0.11,1.01,0.175,0.054,0.295,,True,True
14:48:54,Baseline,Deep_Learning,1.59,156.97,,,,0.0,False,True
14:48:54,Baseline,Heuristic,0.11,1.01,0.175,0.058,0.296,,True,True
14:48:54,Baseline,Deep_Learning,1.59,157.54,,,,0.0,False,True
14:48:54,Baseline,Heuristic,0.11,1.01,0.175,0.063,0.297,,True,True
14:48:54,Baseline,Deep_Learning,1.67,157.31,,,,0.0,False,True
14:48:54,Baseline,Heuristic,0.11,1.01,0.174,0.068,0.298,,True,True
14:48:54,Baseline,Deep_Learning,1.62,157.31,,,,0.0,False,True
14:48:55,Baseline,Heuristic,0.11,1.01,0.173,0.074,0.3,,True,True
14:48:55,Baseline,Deep_Learning,1.59,157.31,,,,0.0,False,True
14:48:55,Baseline,Heuristic,0.12,1.01,0.172,0.078,0.301,,True,True
14:48:55,Baseline,Deep_Learning,1.61,157.59,,,,0.0,False,True
14:48:55,Baseline,Heuristic,0.11,1.01,0.172,0.081,0.302,,True,True
14:48:55,Baseline,Deep_Learning,1.65,157.03,,,,0.0,False,True
14:48:55,Baseline,Heuristic,0.1,1.01,0.171,0.085,0.303,,True,True
14:48:55,Baseline,Deep_Learning,1.61,157.59,,,,0.0,False,True
14:48:55,Baseline,Heuristic,0.1,1.01,0.169,0.091,0.304,,True,True
14:48:55,Baseline,Deep_Learning,1.55,158.11,,,,0.0,False,True
14:48:55,Baseline,Heuristic,0.1,1.01,0.168,0.095,0.306,,True,True
14:48:55,Baseline,Deep_Learning,1.61,157.88,,,,0.0,False,True
14:48:55,Baseline,Heuristic,0.1,1.01,0.167,0.098,0.307,,True,True
14:48:55,Baseline,Deep_Learning,1.75,158.4,,,,0.016,False,True
14:48:55,Baseline,Heuristic,0.11,1.01,0.166,0.102,0.308,,True,True
14:48:55,Baseline,Deep_Learning,1.64,158.4,,,,0.758,False,True
14:48:55,Baseline,Heuristic,0.11,1.01,0.165,0.106,0.309,,True,True
14:48:55,Baseline,Deep_Learning,1.59,158.4,,,,0.32,False,True
14:48:55,Baseline,Heuristic,0.1,1.01,0.164,0.109,0.31,,True,True
14:48:55,Baseline,Deep_Learning,1.64,158.16,,,,0.5,False,True
14:48:55,Baseline,Heuristic,0.1,1.01,0.162,0.115,0.312,,True,True
14:48:55,Baseline,Deep_Learning,1.56,157.92,,,,0.016,False,True
14:48:55,Baseline,Heuristic,0.11,1.01,0.162,0.118,0.313,,True,True
14:48:55,Baseline,Deep_Learning,1.69,158.16,,,,0.0,False,True
14:48:55,Baseline,Heuristic,0.11,1.01,0.161,0.121,0.314,,True,True
14:48:55,Baseline,Deep_Learning,1.74,158.44,,,,0.0,False,True
14:48:55,Baseline,Heuristic,0.11,1.01,0.16,0.124,0.315,,True,True
14:48:55,Baseline,Deep_Learning,1.63,158.44,,,,0.0,False,True
14:48:56,Baseline,Heuristic,0.11,1.01,0.159,0.128,0.316,,True,True
14:48:56,Baseline,Deep_Learning,1.66,158.72,,,,0.0,False,True
14:48:56,Baseline,Heuristic,0.12,1.01,0.158,0.131,0.317,,True,True
14:48:56,Baseline,Deep_Learning,1.64,158.44,,,,0.0,False,True
14:48:56,Baseline,Heuristic,0.12,1.01,0.157,0.134,0.318,,True,True
14:48:56,Baseline,Deep_Learning,1.74,158.2,,,,0.0,False,True
14:48:56,Baseline,Heuristic,0.11,1.01,0.157,0.135,0.319,,True,True
14:48:56,Baseline,Deep_Learning,1.71,158.44,,,,0.0,False,True
14:48:56,Baseline,Heuristic,0.11,1.01,0.156,0.138,0.32,,True,True
14:48:56,Baseline,Deep_Learning,1.61,158.2,,,,0.0,False,True
14:48:56,Baseline,Heuristic,0.1,1.01,0.155,0.141,0.321,,True,True
14:48:56,Baseline,Deep_Learning,1.61,158.2,,,,0.0,False,True
14:48:56,Baseline,Heuristic,0.12,1.01,0.154,0.144,0.322,,True,True
14:48:56,Baseline,Deep_Learning,1.66,158.25,,,,0.0,False,True
14:48:56,Baseline,Heuristic,0.1,1.01,0.153,0.147,0.323,,True,True
14:48:56,Baseline,Deep_Learning,1.65,158.49,,,,0.012,False,True
14:48:56,Baseline,Heuristic,0.11,1.01,0.152,0.149,0.324,,True,True
14:48:56,Baseline,Deep_Learning,1.71,158.25,,,,0.0,False,True
14:48:56,Baseline,Heuristic,0.11,1.01,0.151,0.152,0.326,,True,True
14:48:56,Baseline,Deep_Learning,1.62,158.49,,,,0.0,False,True
14:48:56,Baseline,Heuristic,0.1,1.01,0.15,0.154,0.327,,True,True
14:48:56,Baseline,Deep_Learning,1.65,158.77,,,,0.0,False,True
14:48:56,Baseline,Heuristic,0.1,1.01,0.149,0.156,0.328,,True,True
14:48:56,Baseline,Deep_Learning,1.57,158.49,,,,0.0,False,True
14:48:56,Baseline,Heuristic,0.1,1.01,0.148,0.158,0.329,,True,True
14:48:56,Baseline,Deep_Learning,1.6,158.49,,,,0.0,False,True
14:48:56,Baseline,Heuristic,0.11,1.01,0.147,0.16,0.33,,True,True
14:48:56,Baseline,Deep_Learning,1.63,158.72,,,,0.0,False,True
14:48:56,Baseline,Heuristic,0.1,1.01,0.146,0.162,0.331,,True,True
14:48:56,Baseline,Deep_Learning,1.64,158.44,,,,0.0,False,True
14:48:57,Baseline,Heuristic,0.1,1.01,0.145,0.165,0.333,,True,True
14:48:57,Baseline,Deep_Learning,1.54,158.44,,,,0.0,False,True
14:48:57,Baseline,Heuristic,0.11,1.01,0.145,0.167,0.334,,True,True
14:48:57,Baseline,Deep_Learning,1.58,158.16,,,,0.0,False,True
14:48:57,Baseline,Heuristic,0.11,1.01,0.144,0.169,0.335,,True,True
14:48:57,Baseline,Deep_Learning,1.66,158.11,,,,0.0,False,True
14:48:57,Baseline,Heuristic,0.11,1.01,0.143,0.171,0.336,,True,True
14:48:57,Baseline,Deep_Learning,1.61,157.83,,,,0.0,False,True
14:48:57,Baseline,Heuristic,0.1,1.01,0.143,0.173,0.337,,True,True
14:48:57,Baseline,Deep_Learning,1.63,157.54,,,,0.0,False,True
14:48:57,Baseline,Heuristic,0.11,1.01,0.141,0.176,0.339,,True,True
14:48:57,Baseline,Deep_Learning,1.67,157.07,,,,0.0,False,True
14:48:57,Baseline,Heuristic,0.1,1.01,0.14,0.179,0.34,,True,True
14:48:57,Baseline,Deep_Learning,1.52,157.07,,,,0.0,False,True
14:48:57,Baseline,Heuristic,0.11,1.01,0.139,0.181,0.341,,True,True
14:48:57,Baseline,Deep_Learning,1.58,157.03,,,,0.0,False,True
14:48:57,Baseline,Heuristic,0.11,1.01,0.138,0.183,0.342,,True,True
14:48:57,Baseline,Deep_Learning,1.57,156.51,,,,0.0,False,True
14:48:57,Baseline,Heuristic,0.11,1.01,0.137,0.185,0.343,,True,True
14:48:57,Baseline,Deep_Learning,1.58,156.28,,,,0.0,False,True
14:48:57,Baseline,Heuristic,0.1,1.01,0.137,0.186,0.344,,True,True
14:48:57,Baseline,Deep_Learning,1.58,156.28,,,,0.0,False,True
14:48:57,Baseline,Heuristic,0.1,1.01,0.135,0.187,0.345,,True,True
14:48:57,Baseline,Deep_Learning,1.61,156.0,,,,0.0,False,True
14:48:57,Baseline,Heuristic,0.1,1.01,0.134,0.189,0.346,,True,True
14:48:57,Baseline,Deep_Learning,1.58,156.04,,,,0.0,False,True
14:48:57,Baseline,Heuristic,0.11,1.01,0.132,0.192,0.348,,True,True
14:48:57,Baseline,Deep_Learning,1.53,156.0,,,,0.0,False,True
14:48:58,Baseline,Heuristic,0.11,1.01,0.131,0.194,0.349,,True,True
14:48:58,Baseline,Deep_Learning,1.52,156.28,,,,0.0,False,True
14:48:58,Baseline,Heuristic,0.11,1.01,0.13,0.196,0.35,,True,True
14:48:58,Baseline,Deep_Learning,1.59,156.23,,,,0.0,False,True
14:48:58,Baseline,Heuristic,0.12,1.01,0.128,0.198,0.352,,True,True
14:48:58,Baseline,Deep_Learning,1.55,156.92,,,,0.0,False,True
14:48:58,Baseline,Heuristic,0.12,1.01,0.127,0.2,0.353,,True,True
14:48:58,Baseline,Deep_Learning,1.6,156.92,,,,0.0,False,True
14:48:58,Baseline,Heuristic,0.12,1.01,0.126,0.203,0.354,,True,True
14:48:58,Baseline,Deep_Learning,1.56,157.38,,,,0.0,False,True
14:48:58,Baseline,Heuristic,0.11,1.01,0.125,0.205,0.355,,True,True
14:48:58,Baseline,Deep_Learning,1.54,157.67,,,,0.0,False,True
14:48:58,Baseline,Heuristic,0.11,1.01,0.124,0.208,0.356,,True,True
14:48:58,Baseline,Deep_Learning,1.57,157.9,,,,0.0,False,True
14:48:58,Baseline,Heuristic,0.11,1.01,0.123,0.211,0.357,,True,True
14:48:58,Baseline,Deep_Learning,1.54,158.14,,,,0.0,False,True
14:48:58,Baseline,Heuristic,0.11,1.01,0.122,0.215,0.358,,True,True
14:48:58,Baseline,Deep_Learning,1.58,157.9,,,,0.0,False,True
14:48:58,Baseline,Heuristic,0.11,1.01,0.121,0.22,0.36,,True,True
14:48:58,Baseline,Deep_Learning,1.6,158.25,,,,0.996,True,True
14:48:58,Baseline,Heuristic,0.11,1.01,0.12,0.224,0.361,,True,True
14:48:58,Baseline,Deep_Learning,1.52,158.66,,,,0.996,True,True
14:48:58,Baseline,Heuristic,0.12,1.01,0.119,0.23,0.363,,True,True
14:48:58,Baseline,Deep_Learning,1.59,158.77,,,,0.996,True,True
14:48:58,Baseline,Heuristic,0.11,1.01,0.119,0.234,0.364,,True,True
14:48:58,Baseline,Deep_Learning,1.58,158.71,,,,0.996,True,True
14:48:58,Baseline,Heuristic,0.11,1.01,0.118,0.238,0.365,,True,True
14:48:58,Baseline,Deep_Learning,1.46,158.48,,,,0.996,True,True
14:48:59,Baseline,Heuristic,0.11,1.01,0.118,0.242,0.366,,True,True
14:48:59,Baseline,Deep_Learning,1.54,158.48,,,,0.996,True,True
14:48:59,Baseline,Heuristic,0.12,1.01,0.117,0.246,0.367,,True,True
14:48:59,Baseline,Deep_Learning,1.5,157.96,,,,0.996,True,True
14:48:59,Baseline,Heuristic,0.12,1.01,0.117,0.25,0.368,,True,True
14:48:59,Baseline,Deep_Learning,1.56,158.25,,,,0.5,False,True
14:48:59,Baseline,Heuristic,0.11,1.01,0.117,0.251,0.369,,True,True
14:48:59,Baseline,Deep_Learning,1.54,156.92,,,,0.934,True,True
14:48:59,Baseline,Heuristic,0.11,1.01,0.116,0.255,0.37,,True,True
14:48:59,Baseline,Deep_Learning,1.65,155.76,,,,0.996,True,True
14:48:59,Baseline,Heuristic,0.11,1.01,0.115,0.258,0.372,,True,True
14:48:59,Baseline,Deep_Learning,1.57,153.91,,,,0.758,False,True
14:48:59,Baseline,Heuristic,0.12,1.01,0.115,0.259,0.373,,True,True
14:48:59,Baseline,Deep_Learning,1.57,152.95,,,,0.594,False,True
14:48:59,Baseline,Heuristic,0.1,1.01,0.115,0.259,0.373,,True,True
14:48:59,Baseline,Deep_Learning,1.52,152.03,,,,0.996,True,True
14:48:59,Baseline,Heuristic,0.15,1.01,0.114,0.259,0.375,,True,True
14:48:59,Baseline,Deep_Learning,1.62,151.8,,,,0.996,True,True
14:48:59,Baseline,Heuristic,0.11,1.01,0.113,0.258,0.376,,True,True
14:48:59,Baseline,Deep_Learning,1.6,151.8,,,,0.996,True,True
14:48:59,Baseline,Heuristic,0.11,1.01,0.112,0.255,0.378,,True,True
14:48:59,Baseline,Deep_Learning,1.63,151.3,,,,0.996,True,True
14:48:59,Baseline,Heuristic,0.11,1.01,0.111,0.253,0.379,,True,True
14:48:59,Baseline,Deep_Learning,1.52,151.57,,,,0.996,True,True
14:48:59,Baseline,Heuristic,0.11,1.01,0.11,0.248,0.381,,True,True
14:48:59,Baseline,Deep_Learning,1.62,152.06,,,,0.996,True,True
14:48:59,Baseline,Heuristic,0.12,1.01,0.11,0.246,0.381,,True,True
14:48:59,Baseline,Deep_Learning,1.51,151.8,,,,0.996,True,True
14:49:00,Baseline,Heuristic,0.16,1.01,0.109,0.243,0.382,,True,True
14:49:00,Baseline,Deep_Learning,1.76,151.8,,,,0.996,True,True
14:49:00,Baseline,Heuristic,0.12,1.01,0.108,0.239,0.383,,True,True
14:49:00,Baseline,Deep_Learning,1.74,151.8,,,,0.996,True,True
14:49:00,Baseline,Heuristic,0.11,1.01,0.108,0.235,0.384,,True,True
14:49:00,Baseline,Deep_Learning,1.82,152.06,,,,0.996,True,True
14:49:00,Baseline,Heuristic,0.11,1.01,0.107,0.231,0.386,,True,True
14:49:00,Baseline,Deep_Learning,1.62,152.06,,,,0.996,True,True
14:49:00,Baseline,Heuristic,0.11,1.01,0.107,0.227,0.387,,True,True
14:49:00,Baseline,Deep_Learning,1.57,152.29,,,,0.996,True,True
14:49:00,Baseline,Heuristic,0.11,1.01,0.106,0.223,0.388,,True,True
14:49:00,Baseline,Deep_Learning,1.7,152.52,,,,0.996,True,True
14:49:00,Baseline,Heuristic,0.1,1.01,0.106,0.219,0.389,,True,True
14:49:00,Baseline,Deep_Learning,1.51,152.76,,,,0.984,True,True
14:49:00,Baseline,Heuristic,0.1,1.01,0.106,0.216,0.39,,True,True
14:49:00,Baseline,Deep_Learning,1.57,152.79,,,,0.988,True,True
14:49:00,Baseline,Heuristic,0.13,1.01,0.105,0.212,0.391,,True,True
14:49:00,Baseline,Deep_Learning,1.73,153.06,,,,0.996,True,True
14:49:00,Baseline,Heuristic,0.11,1.01,0.105,0.207,0.393,,True,True
14:49:00,Baseline,Deep_Learning,1.64,152.56,,,,0.996,True,True
14:49:00,Baseline,Heuristic,0.11,1.01,0.105,0.203,0.394,,True,True
14:49:00,Baseline,Deep_Learning,1.6,152.33,,,,0.996,True,True
14:49:00,Baseline,Heuristic,0.11,1.01,0.105,0.2,0.395,,True,True
14:49:00,Baseline,Deep_Learning,1.57,153.12,,,,0.996,True,True
14:49:00,Baseline,Heuristic,0.15,1.01,0.105,0.196,0.396,,True,True
14:49:00,Baseline,Deep_Learning,1.76,153.12,,,,0.996,True,True
14:49:00,Baseline,Heuristic,0.11,1.01,0.105,0.193,0.397,,True,True
14:49:00,Baseline,Deep_Learning,1.69,153.36,,,,0.996,True,True
14:49:01,Baseline,Heuristic,0.14,1.01,0.105,0.187,0.399,,True,True
14:49:01,Baseline,Deep_Learning,1.8,153.36,,,,0.996,True,True
14:49:01,Baseline,Heuristic,0.11,1.01,0.105,0.184,0.4,,True,True
14:49:01,Baseline,Deep_Learning,1.7,153.36,,,,0.996,True,True
14:49:01,Baseline,Heuristic,0.11,1.01,0.105,0.18,0.401,,True,True
14:49:01,Baseline,Deep_Learning,1.56,153.09,,,,0.953,True,True
14:49:01,Baseline,Heuristic,0.11,1.01,0.105,0.177,0.402,,True,True
14:49:01,Baseline,Deep_Learning,1.54,152.59,,,,0.867,True,True
14:49:01,Baseline,Heuristic,0.15,1.01,0.105,0.174,0.403,,True,True
14:49:01,Baseline,Deep_Learning,1.59,153.06,,,,0.906,True,True
14:49:01,Baseline,Heuristic,0.11,1.01,0.105,0.17,0.404,,True,True
14:49:01,Baseline,Deep_Learning,1.61,153.29,,,,0.969,True,True
14:49:01,Baseline,Heuristic,0.11,1.01,0.106,0.166,0.406,,True,True
14:49:01,Baseline,Deep_Learning,1.62,153.29,,,,0.906,True,True
14:49:01,Baseline,Heuristic,0.1,1.01,0.106,0.162,0.407,,True,True
14:49:01,Baseline,Deep_Learning,1.54,153.56,,,,0.68,False,True
14:49:01,Baseline,Heuristic,0.11,1.01,0.107,0.159,0.408,,True,True
14:49:01,Baseline,Deep_Learning,1.61,153.79,,,,0.68,False,True
14:49:01,Baseline,Heuristic,0.11,1.01,0.11,0.155,0.41,,True,True
14:49:01,Baseline,Deep_Learning,1.65,153.76,,,,0.18,False,True
14:49:01,Baseline,Heuristic,0.11,1.01,0.112,0.152,0.411,,True,True
14:49:01,Baseline,Deep_Learning,1.54,153.49,,,,0.047,False,True
14:49:01,Baseline,Heuristic,0.11,1.01,0.114,0.149,0.412,,True,True
14:49:01,Baseline,Deep_Learning,1.61,153.52,,,,0.5,False,True
14:49:01,Baseline,Heuristic,0.11,1.01,0.117,0.145,0.414,,True,True
14:49:01,Baseline,Deep_Learning,1.59,153.29,,,,0.32,False,True
14:49:01,Baseline,Heuristic,0.11,1.01,0.119,0.142,0.415,,True,True
14:49:01,Baseline,Deep_Learning,1.74,153.29,,,,0.18,False,True
14:49:02,Baseline,Heuristic,0.11,1.01,0.122,0.139,0.416,,True,True
14:49:02,Baseline,Deep_Learning,1.6,152.82,,,,0.18,False,True
14:49:02,Baseline,Heuristic,0.11,1.01,0.123,0.136,0.417,,True,True
14:49:02,Baseline,Deep_Learning,1.58,152.36,,,,0.18,False,True
14:49:02,Baseline,Heuristic,0.1,1.01,0.125,0.134,0.418,,True,True
14:49:02,Baseline,Deep_Learning,1.53,152.59,,,,0.594,False,True
14:49:02,Baseline,Heuristic,0.12,1.01,0.127,0.13,0.42,,True,True
14:49:02,Baseline,Deep_Learning,1.69,152.82,,,,0.031,False,True
14:49:02,Baseline,Heuristic,0.11,1.01,0.129,0.127,0.421,,True,True
14:49:02,Baseline,Deep_Learning,1.58,152.29,,,,0.023,False,True
14:49:02,Baseline,Heuristic,0.11,1.01,0.13,0.125,0.422,,True,True
14:49:02,Baseline,Deep_Learning,1.56,152.52,,,,0.094,False,True
14:49:02,Baseline,Heuristic,0.11,1.01,0.133,0.121,0.424,,True,True
14:49:02,Baseline,Deep_Learning,1.58,152.52,,,,0.004,False,True
14:49:02,Baseline,Heuristic,0.11,1.01,0.135,0.119,0.425,,True,True
14:49:02,Baseline,Deep_Learning,1.61,152.59,,,,0.066,False,True
14:49:02,Baseline,Heuristic,0.12,1.01,0.137,0.117,0.426,,True,True
14:49:02,Baseline,Deep_Learning,1.86,152.33,,,,0.047,False,True
14:49:02,Baseline,Heuristic,0.11,1.01,0.138,0.114,0.427,,True,True
14:49:02,Baseline,Deep_Learning,1.63,152.09,,,,0.5,False,True
14:49:02,Baseline,Heuristic,0.1,1.01,0.139,0.112,0.428,,True,True
14:49:02,Baseline,Deep_Learning,1.63,151.86,,,,0.0,False,True
14:49:02,Baseline,Heuristic,0.11,1.01,0.14,0.11,0.429,,True,True
14:49:02,Baseline,Deep_Learning,1.66,151.6,,,,0.0,False,True
14:49:02,Baseline,Heuristic,0.11,1.01,0.141,0.108,0.431,,True,True
14:49:02,Baseline,Deep_Learning,1.59,151.11,,,,0.0,False,True
14:49:02,Baseline,Heuristic,0.11,1.01,0.141,0.106,0.432,,True,True
14:49:02,Baseline,Deep_Learning,1.61,150.88,,,,0.0,False,True
14:49:03,Baseline,Heuristic,0.11,1.01,0.141,0.105,0.432,,True,True
14:49:03,Baseline,Deep_Learning,1.59,151.07,,,,0.0,False,True
14:49:03,Baseline,Heuristic,0.13,1.01,0.142,0.103,0.433,,True,True
14:49:03,Baseline,Deep_Learning,1.59,150.81,,,,0.0,False,True
14:49:03,Baseline,Heuristic,0.1,1.01,0.143,0.101,0.434,,True,True
14:49:03,Baseline,Deep_Learning,1.59,151.07,,,,0.0,False,True
14:49:03,Baseline,Heuristic,0.12,1.01,0.143,0.099,0.436,,True,True
14:49:03,Baseline,Deep_Learning,1.59,151.07,,,,0.0,False,True
14:49:03,Baseline,Heuristic,0.11,1.01,0.144,0.097,0.437,,True,True
14:49:03,Baseline,Deep_Learning,1.64,150.84,,,,0.0,False,True
14:49:03,Baseline,Heuristic,0.12,1.01,0.144,0.095,0.438,,True,True
14:49:03,Baseline,Deep_Learning,1.76,150.58,,,,0.0,False,True
14:49:03,Baseline,Heuristic,0.13,1.01,0.145,0.093,0.439,,True,True
14:49:03,Baseline,Deep_Learning,1.74,150.88,,,,0.0,False,True
14:49:03,Baseline,Heuristic,0.12,1.01,0.146,0.091,0.44,,True,True
14:49:03,Baseline,Deep_Learning,1.6,150.88,,,,0.0,False,True
14:49:03,Baseline,Heuristic,0.11,1.01,0.147,0.09,0.441,,True,True
14:49:03,Baseline,Deep_Learning,1.58,150.12,,,,0.0,False,True
14:49:03,Baseline,Heuristic,0.11,1.01,0.147,0.088,0.442,,True,True
14:49:03,Baseline,Deep_Learning,1.65,150.61,,,,0.0,False,True
14:49:03,Baseline,Heuristic,0.1,1.01,0.148,0.086,0.443,,True,True
14:49:03,Baseline,Deep_Learning,1.59,150.41,,,,0.0,False,True
14:49:03,Baseline,Heuristic,0.1,1.01,0.149,0.084,0.444,,True,True
14:49:03,Baseline,Deep_Learning,1.64,150.38,,,,0.0,False,True
14:49:03,Baseline,Heuristic,0.1,1.01,0.15,0.083,0.446,,True,True
14:49:03,Baseline,Deep_Learning,1.63,150.88,,,,0.0,False,True
14:49:03,Baseline,Heuristic,0.1,1.01,0.15,0.081,0.447,,True,True
14:49:03,Baseline,Deep_Learning,1.62,150.64,,,,0.0,False,True
14:49:03,Baseline,Heuristic,0.1,1.01,0.152,0.079,0.448,,True,True
14:49:03,Baseline,Deep_Learning,1.58,150.16,,,,0.0,False,True
14:49:04,Baseline,Heuristic,0.11,1.01,0.153,0.077,0.449,,True,True
14:49:04,Baseline,Deep_Learning,1.62,150.61,,,,0.0,False,True
14:49:04,Baseline,Heuristic,0.11,1.01,0.153,0.076,0.451,,True,True
14:49:04,Baseline,Deep_Learning,1.67,150.64,,,,0.0,False,True
14:49:04,Baseline,Heuristic,0.11,1.01,0.154,0.074,0.452,,True,True
14:49:04,Baseline,Deep_Learning,1.58,150.88,,,,0.0,False,True
14:49:04,Baseline,Heuristic,0.11,1.01,0.155,0.073,0.453,,True,True
14:49:04,Baseline,Deep_Learning,1.55,150.88,,,,0.0,False,True
14:49:04,Baseline,Heuristic,0.12,1.01,0.155,0.072,0.453,,True,True
14:49:04,Baseline,Deep_Learning,1.58,150.88,,,,0.0,False,True
14:49:04,Baseline,Heuristic,0.1,1.01,0.156,0.071,0.454,,True,True
14:49:04,Baseline,Deep_Learning,1.53,150.88,,,,0.0,False,True
14:49:04,Baseline,Heuristic,0.11,1.01,0.156,0.069,0.456,,True,True
14:49:04,Baseline,Deep_Learning,1.71,150.64,,,,0.0,False,True
14:49:04,Baseline,Heuristic,0.11,1.01,0.157,0.067,0.457,,True,True
14:49:04,Baseline,Deep_Learning,1.59,150.38,,,,0.0,False,True
14:49:04,Baseline,Heuristic,0.1,1.01,0.157,0.065,0.459,,True,True
14:49:04,Baseline,Deep_Learning,1.56,150.09,,,,0.0,False,True
14:49:04,Baseline,Heuristic,0.11,1.01,0.158,0.064,0.46,,True,True
14:49:04,Baseline,Deep_Learning,1.63,149.83,,,,0.0,False,True
14:49:04,Baseline,Heuristic,0.11,1.01,0.158,0.063,0.461,,True,True
14:49:04,Baseline,Deep_Learning,1.62,149.61,,,,0.0,False,True
14:49:04,Baseline,Heuristic,0.12,1.01,0.158,0.062,0.462,,True,True
14:49:04,Baseline,Deep_Learning,1.59,149.15,,,,0.0,False,True
14:49:04,Baseline,Heuristic,0.11,1.01,0.158,0.06,0.463,,True,True
14:49:04,Baseline,Deep_Learning,1.62,149.38,,,,0.0,False,True
14:49:04,Baseline,Heuristic,0.11,1.01,0.158,0.059,0.465,,True,True
14:49:04,Baseline,Deep_Learning,1.62,149.38,,,,0.0,False,True
14:49:05,Baseline,Heuristic,0.11,1.01,0.157,0.058,0.466,,True,True
14:49:05,Baseline,Deep_Learning,1.57,149.64,,,,0.0,False,True
14:49:05,Baseline,Heuristic,0.11,1.01,0.157,0.056,0.467,,True,True
14:49:05,Baseline,Deep_Learning,1.68,149.87,,,,0.0,False,True
14:49:05,Baseline,Heuristic,0.1,1.01,0.156,0.055,0.468,,True,True
14:49:05,Baseline,Deep_Learning,1.55,149.9,,,,0.0,False,True
14:49:05,Baseline,Heuristic,0.11,1.01,0.155,0.054,0.469,,True,True
14:49:05,Baseline,Deep_Learning,1.57,149.67,,,,0.0,False,True
14:49:05,Baseline,Heuristic,0.1,1.01,0.154,0.053,0.471,,True,True
14:49:05,Baseline,Deep_Learning,1.6,149.93,,,,0.0,False,True
14:49:05,Baseline,Heuristic,0.11,1.01,0.153,0.052,0.472,,True,True
14:49:05,Baseline,Deep_Learning,1.6,149.93,,,,0.0,False,True
14:49:05,Baseline,Heuristic,0.1,1.01,0.151,0.051,0.473,,True,True
14:49:05,Baseline,Deep_Learning,1.55,149.93,,,,0.0,False,True
14:49:05,Baseline,Heuristic,0.1,1.01,0.15,0.05,0.474,,True,True
14:49:05,Baseline,Deep_Learning,1.57,150.18,,,,0.0,False,True
14:49:05,Baseline,Heuristic,0.11,1.01,0.149,0.049,0.475,,True,True
14:49:05,Baseline,Deep_Learning,1.84,149.47,,,,0.0,False,True
14:49:05,Baseline,Heuristic,0.11,1.01,0.149,0.049,0.476,,True,True
14:49:05,Baseline,Deep_Learning,1.75,149.44,,,,0.0,False,True
14:49:05,Baseline,Heuristic,0.1,1.01,0.148,0.048,0.477,,True,True
14:49:05,Baseline,Deep_Learning,1.56,149.21,,,,0.0,False,True
14:49:05,Baseline,Heuristic,0.34,1.01,0.147,0.047,0.478,,True,True
14:49:05,Baseline,Deep_Learning,1.76,148.98,,,,0.0,False,True
14:49:05,Baseline,Heuristic,0.11,1.01,0.146,0.046,0.479,,True,True
14:49:05,Baseline,Deep_Learning,1.63,148.3,,,,0.0,False,True
14:49:05,Baseline,Heuristic,0.11,1.01,0.145,0.045,0.48,,True,True
14:49:05,Baseline,Deep_Learning,1.68,147.82,,,,0.0,False,True
14:49:05,Baseline,Heuristic,0.11,1.01,0.144,0.044,0.481,,True,True
14:49:05,Baseline,Deep_Learning,1.7,146.84,,,,0.0,False,True
14:49:06,Baseline,Heuristic,0.11,1.01,0.144,0.043,0.482,,True,True
14:49:06,Baseline,Deep_Learning,1.73,144.16,,,,0.008,False,True
14:49:06,Baseline,Heuristic,0.12,1.01,0.143,0.042,0.483,,True,True
14:49:06,Baseline,Deep_Learning,1.67,143.48,,,,0.996,True,True
14:49:06,Baseline,Heuristic,0.13,1.01,0.142,0.042,0.484,,True,True
14:49:06,Baseline,Deep_Learning,1.79,143.04,,,,0.996,True,True
14:49:06,Baseline,Heuristic,0.11,1.01,0.142,0.041,0.486,,True,True
14:49:06,Baseline,Deep_Learning,1.71,142.81,,,,0.996,True,True
14:49:06,Baseline,Heuristic,0.11,1.01,0.141,0.04,0.487,,True,True
14:49:06,Baseline,Deep_Learning,1.69,142.13,,,,0.996,True,True
14:49:06,Baseline,Heuristic,0.11,1.01,0.14,0.039,0.488,,True,True
14:49:06,Baseline,Deep_Learning,1.72,142.81,,,,0.996,True,True
14:49:06,Baseline,Heuristic,0.1,1.01,0.14,0.039,0.488,,True,True
14:49:06,Baseline,Deep_Learning,1.72,142.58,,,,0.996,True,True
14:49:06,Baseline,Heuristic,0.13,1.01,0.139,0.038,0.489,,True,True
14:49:06,Baseline,Deep_Learning,1.73,143.04,,,,0.996,True,True
14:49:06,Baseline,Heuristic,0.11,1.01,0.139,0.037,0.491,,True,True
14:49:06,Baseline,Deep_Learning,1.71,142.81,,,,0.996,True,True
14:49:06,Baseline,Heuristic,0.11,1.01,0.138,0.036,0.492,,True,True
14:49:06,Baseline,Deep_Learning,1.64,143.73,,,,0.996,True,True
14:49:06,Baseline,Heuristic,0.11,1.01,0.138,0.036,0.493,,True,True
14:49:06,Baseline,Deep_Learning,1.71,144.19,,,,0.996,True,True
14:49:06,Baseline,Heuristic,0.1,1.01,0.137,0.035,0.494,,True,True
14:49:06,Baseline,Deep_Learning,1.73,142.81,,,,0.996,True,True
14:49:06,Baseline,Heuristic,0.11,1.01,0.137,0.035,0.494,,True,True
14:49:06,Baseline,Deep_Learning,1.67,143.04,,,,0.996,True,True
14:49:06,Baseline,Heuristic,0.12,1.01,0.136,0.034,0.496,,True,True
14:49:06,Baseline,Deep_Learning,1.7,143.04,,,,0.996,True,True
14:49:06,Baseline,Heuristic,0.11,1.01,0.135,0.034,0.497,,True,True
14:49:06,Baseline,Deep_Learning,1.67,142.81,,,,0.996,True,True
14:49:06,Baseline,Heuristic,0.11,1.01,0.135,0.033,0.498,,True,True
14:49:06,Baseline,Deep_Learning,1.75,142.81,,,,0.996,True,True
14:49:06,Baseline,Heuristic,0.11,1.01,0.134,0.033,0.499,,True,True
14:49:06,Baseline,Deep_Learning,1.66,142.8,,,,0.996,True,True
14:49:07,Baseline,Heuristic,0.1,1.01,0.134,0.032,0.499,,True,True
14:49:07,Baseline,Deep_Learning,1.72,143.04,,,,0.996,True,True
14:49:07,Baseline,Heuristic,0.12,1.01,0.133,0.032,0.501,,True,True
14:49:07,Baseline,Deep_Learning,1.69,143.5,,,,0.996,True,True
14:49:07,Baseline,Heuristic,0.16,1.01,0.133,0.031,0.502,,True,True
14:49:07,Baseline,Deep_Learning,1.68,142.81,,,,0.996,True,True
14:49:07,Baseline,Heuristic,0.1,1.01,0.132,0.031,0.503,,True,True
14:49:07,Baseline,Deep_Learning,1.64,143.27,,,,0.996,True,True
14:49:07,Baseline,Heuristic,0.11,1.01,0.132,0.03,0.503,,True,True
14:49:07,Baseline,Deep_Learning,1.79,143.73,,,,0.996,True,True
14:49:07,Baseline,Heuristic,0.11,1.01,0.131,0.03,0.504,,True,True
14:49:07,Baseline,Deep_Learning,1.64,143.5,,,,0.996,True,True
14:49:07,Baseline,Heuristic,0.12,1.01,0.131,0.029,0.506,,True,True
14:49:07,Baseline,Deep_Learning,2.77,144.41,,,,0.996,True,True
14:49:07,Baseline,Heuristic,0.12,1.01,0.13,0.029,0.507,,True,True
14:49:07,Baseline,Deep_Learning,1.7,144.41,,,,0.996,True,True
14:49:07,Baseline,Heuristic,0.11,1.01,0.13,0.028,0.508,,True,True
14:49:07,Baseline,Deep_Learning,1.73,143.71,,,,0.996,True,True
14:49:07,Baseline,Heuristic,0.1,1.01,0.129,0.027,0.509,,True,True
14:49:07,Baseline,Deep_Learning,1.68,144.18,,,,0.996,True,True
14:49:07,Baseline,Heuristic,0.1,1.01,0.129,0.027,0.511,,True,True
14:49:07,Baseline,Deep_Learning,1.65,143.73,,,,0.996,True,True
14:49:07,Baseline,Heuristic,0.11,1.01,0.129,0.027,0.512,,True,True
14:49:07,Baseline,Deep_Learning,1.72,143.73,,,,0.996,True,True
14:49:07,Baseline,Heuristic,0.11,1.01,0.128,0.026,0.513,,True,True
14:49:07,Baseline,Deep_Learning,1.79,142.81,,,,0.996,True,True
14:49:07,Baseline,Heuristic,0.11,1.01,0.128,0.026,0.514,,True,True
14:49:07,Baseline,Deep_Learning,1.88,143.96,,,,0.996,True,True
14:49:07,Baseline,Heuristic,0.11,1.01,0.128,0.025,0.514,,True,True
14:49:07,Baseline,Deep_Learning,1.75,145.1,,,,0.996,True,True
14:49:08,Baseline,Heuristic,0.11,1.01,0.128,0.025,0.516,,True,True
14:49:08,Baseline,Deep_Learning,1.7,146.02,,,,0.996,True,True
14:49:08,Baseline,Heuristic,0.11,1.01,0.128,0.024,0.517,,True,True
14:49:08,Baseline,Deep_Learning,1.65,145.8,,,,0.996,True,True
14:49:08,Baseline,Heuristic,0.13,1.01,0.128,0.024,0.518,,True,True
14:49:08,Baseline,Deep_Learning,1.88,145.09,,,,0.996,True,True
14:49:08,Baseline,Heuristic,0.1,1.01,0.127,0.023,0.519,,True,True
14:49:08,Baseline,Deep_Learning,1.66,146.02,,,,0.996,True,True
14:49:08,Baseline,Heuristic,0.11,1.01,0.127,0.023,0.521,,True,True
14:49:08,Baseline,Deep_Learning,1.7,145.78,,,,0.996,True,True
14:49:08,Baseline,Heuristic,0.11,1.01,0.127,0.023,0.522,,True,True
14:49:08,Baseline,Deep_Learning,1.78,146.25,,,,0.996,True,True
14:49:08,Baseline,Heuristic,0.1,1.01,0.127,0.022,0.523,,True,True
14:49:08,Baseline,Deep_Learning,1.65,146.5,,,,0.996,True,True
14:49:08,Baseline,Heuristic,0.12,1.01,0.127,0.022,0.524,,True,True
14:49:08,Baseline,Deep_Learning,1.65,147.88,,,,0.996,True,True
14:49:08,Baseline,Heuristic,0.11,1.01,0.127,0.021,0.525,,True,True
14:49:08,Baseline,Deep_Learning,1.7,146.02,,,,0.996,True,True
14:49:08,Baseline,Heuristic,0.11,1.01,0.127,0.021,0.526,,True,True
14:49:08,Baseline,Deep_Learning,1.79,147.42,,,,0.996,True,True
14:49:08,Baseline,Heuristic,0.13,1.01,0.127,0.02,0.527,,True,True
14:49:08,Baseline,Deep_Learning,1.76,145.57,,,,0.996,True,True
14:49:08,Baseline,Heuristic,0.12,1.01,0.127,0.02,0.528,,True,True
14:49:08,Baseline,Deep_Learning,1.78,146.24,,,,0.996,True,True
14:49:08,Baseline,Heuristic,0.12,1.01,0.126,0.02,0.529,,True,True
14:49:08,Baseline,Deep_Learning,1.72,146.01,,,,0.996,True,True
14:49:08,Baseline,Heuristic,0.11,1.01,0.126,0.019,0.531,,True,True
14:49:08,Baseline,Deep_Learning,1.67,144.64,,,,0.996,True,True
14:49:08,Baseline,Heuristic,0.11,1.01,0.126,0.019,0.532,,True,True
14:49:08,Baseline,Deep_Learning,1.72,146.0,,,,0.996,True,True
14:49:09,Baseline,Heuristic,0.1,1.01,0.126,0.018,0.533,,True,True
14:49:09,Baseline,Deep_Learning,1.67,146.7,,,,0.996,True,True
14:49:09,Baseline,Heuristic,0.11,1.01,0.126,0.018,0.534,,True,True
14:49:09,Baseline,Deep_Learning,1.73,146.0,,,,0.996,True,True
14:49:09,Baseline,Heuristic,0.12,1.01,0.126,0.018,0.536,,True,True
14:49:09,Baseline,Deep_Learning,1.66,143.92,,,,0.996,True,True
14:49:09,Baseline,Heuristic,0.12,1.01,0.126,0.017,0.537,,True,True
14:49:09,Baseline,Deep_Learning,1.73,143.47,,,,0.996,True,True
14:49:09,Baseline,Heuristic,0.11,1.01,0.127,0.017,0.538,,True,True
14:49:09,Baseline,Deep_Learning,1.71,143.24,,,,0.996,True,True
14:49:09,Baseline,Heuristic,0.1,1.01,0.127,0.017,0.539,,True,True
14:49:09,Baseline,Deep_Learning,1.66,143.92,,,,0.996,True,True
14:49:09,Baseline,Heuristic,0.12,1.01,0.127,0.016,0.541,,True,True
14:49:09,Baseline,Deep_Learning,1.74,143.92,,,,0.996,True,True
14:49:09,Baseline,Heuristic,0.11,1.01,0.127,0.016,0.542,,True,True
14:49:09,Baseline,Deep_Learning,1.66,143.01,,,,0.996,True,True
14:49:09,Baseline,Heuristic,0.11,1.01,0.127,0.016,0.543,,True,True
14:49:09,Baseline,Deep_Learning,1.7,143.93,,,,0.996,True,True
14:49:09,Baseline,Heuristic,0.11,1.01,0.127,0.016,0.544,,True,True
14:49:09,Baseline,Deep_Learning,1.73,143.93,,,,0.996,True,True
14:49:09,Baseline,Heuristic,0.11,1.01,0.127,0.015,0.545,,True,True
14:49:09,Baseline,Deep_Learning,1.73,142.79,,,,0.996,True,True
14:49:09,Baseline,Heuristic,0.1,1.01,0.127,0.015,0.546,,True,True
14:49:09,Baseline,Deep_Learning,1.63,143.01,,,,0.996,True,True
14:49:09,Baseline,Heuristic,0.12,1.01,0.127,0.015,0.547,,True,True
14:49:09,Baseline,Deep_Learning,1.64,143.47,,,,0.996,True,True
14:49:09,Baseline,Heuristic,0.11,1.01,0.127,0.015,0.548,,True,True
14:49:09,Baseline,Deep_Learning,1.75,143.68,,,,0.996,True,True
14:49:09,Baseline,Heuristic,0.11,1.01,0.127,0.014,0.549,,True,True
14:49:09,Baseline,Deep_Learning,1.78,143.68,,,,0.996,True,True
14:49:10,Baseline,Heuristic,0.11,1.01,0.127,0.014,0.549,,True,True
14:49:10,Baseline,Deep_Learning,1.67,143.46,,,,0.996,True,True
14:49:10,Baseline,Heuristic,0.1,1.01,0.127,0.014,0.551,,True,True
14:49:10,Baseline,Deep_Learning,1.66,143.92,,,,0.996,True,True
14:49:10,Baseline,Heuristic,0.11,1.01,0.128,0.014,0.552,,True,True
14:49:10,Baseline,Deep_Learning,1.86,145.06,,,,0.996,True,True
14:49:10,Baseline,Heuristic,0.1,1.01,0.128,0.014,0.553,,True,True
14:49:10,Baseline,Deep_Learning,1.64,144.83,,,,0.996,True,True
14:49:10,Baseline,Heuristic,0.11,1.01,0.128,0.013,0.554,,True,True
14:49:10,Baseline,Deep_Learning,1.66,145.75,,,,0.996,True,True
14:49:10,Baseline,Heuristic,0.1,1.01,0.128,0.013,0.554,,True,True
14:49:10,Baseline,Deep_Learning,1.67,145.07,,,,0.996,True,True
14:49:10,Baseline,Heuristic,0.11,1.01,0.128,0.013,0.556,,True,True
14:49:10,Baseline,Deep_Learning,1.75,143.93,,,,0.996,True,True
14:49:10,Baseline,Heuristic,0.11,1.01,0.128,0.013,0.557,,True,True
14:49:10,Baseline,Deep_Learning,1.79,144.82,,,,0.996,True,True
14:49:10,Baseline,Heuristic,0.11,1.01,0.129,0.012,0.559,,True,True
14:49:10,Baseline,Deep_Learning,1.66,144.38,,,,0.996,True,True
14:49:10,Baseline,Heuristic,0.12,1.01,0.129,0.012,0.56,,True,True
14:49:10,Baseline,Deep_Learning,1.8,144.16,,,,0.996,True,True
14:49:10,Baseline,Heuristic,0.11,1.01,0.129,0.012,0.561,,True,True
14:49:10,Baseline,Deep_Learning,1.79,143.92,,,,0.996,True,True
14:49:10,Baseline,Heuristic,0.11,1.01,0.129,0.012,0.562,,True,True
14:49:10,Baseline,Deep_Learning,1.73,144.16,,,,0.996,True,True
14:49:10,Baseline,Heuristic,0.11,1.01,0.129,0.012,0.563,,True,True
14:49:10,Baseline,Deep_Learning,1.68,144.14,,,,0.996,True,True
14:49:10,Baseline,Heuristic,0.11,1.01,0.129,0.011,0.564,,True,True
14:49:10,Baseline,Deep_Learning,1.74,143.47,,,,0.996,True,True
14:49:10,Baseline,Heuristic,0.11,1.01,0.129,0.011,0.565,,True,True
14:49:10,Baseline,Deep_Learning,1.79,143.47,,,,0.996,True,True
14:49:11,Baseline,Heuristic,0.12,1.01,0.129,0.011,0.566,,True,True
14:49:11,Baseline,Deep_Learning,1.66,143.46,,,,0.996,True,True
14:49:11,Baseline,Heuristic,0.11,1.01,0.129,0.011,0.567,,True,True
14:49:11,Baseline,Deep_Learning,1.73,143.46,,,,0.996,True,True
14:49:11,Baseline,Heuristic,0.11,1.01,0.129,0.01,0.569,,True,True
14:49:11,Baseline,Deep_Learning,1.72,143.46,,,,0.996,True,True
14:49:11,Baseline,Heuristic,0.11,1.01,0.13,0.01,0.571,,True,True
14:49:11,Baseline,Deep_Learning,1.65,143.24,,,,0.996,True,True
14:49:11,Baseline,Heuristic,0.12,1.01,0.13,0.01,0.572,,True,True
14:49:11,Baseline,Deep_Learning,1.62,143.91,,,,0.996,True,True
14:49:11,Baseline,Heuristic,0.1,1.01,0.13,0.01,0.573,,True,True
14:49:11,Baseline,Deep_Learning,1.65,144.37,,,,0.996,True,True
14:49:11,Baseline,Heuristic,0.11,1.01,0.13,0.01,0.574,,True,True
14:49:11,Baseline,Deep_Learning,1.64,144.59,,,,0.996,True,True
14:49:11,Baseline,Heuristic,0.11,1.01,0.131,0.009,0.575,,True,True
14:49:11,Baseline,Deep_Learning,1.69,144.83,,,,0.996,True,True
14:49:11,Baseline,Heuristic,0.11,1.01,0.131,0.009,0.576,,True,True
14:49:11,Baseline,Deep_Learning,1.63,143.93,,,,0.996,True,True
14:49:11,Baseline,Heuristic,0.11,1.01,0.131,0.009,0.577,,True,True
14:49:11,Baseline,Deep_Learning,1.66,143.47,,,,0.996,True,True
14:49:11,Baseline,Heuristic,0.1,1.01,0.131,0.009,0.578,,True,True
14:49:11,Baseline,Deep_Learning,1.69,143.46,,,,0.996,True,True
14:49:11,Baseline,Heuristic,0.1,1.01,0.131,0.009,0.579,,True,True
14:49:11,Baseline,Deep_Learning,1.62,144.35,,,,0.996,True,True
14:49:11,Baseline,Heuristic,0.1,1.01,0.131,0.009,0.58,,True,True
14:49:11,Baseline,Deep_Learning,1.65,144.13,,,,0.996,True,True
14:49:11,Baseline,Heuristic,0.11,1.01,0.132,0.008,0.581,,True,True
14:49:11,Baseline,Deep_Learning,1.76,143.91,,,,0.996,True,True
14:49:12,Baseline,Heuristic,0.12,1.01,0.132,0.008,0.582,,True,True
14:49:12,Baseline,Deep_Learning,1.72,143.24,,,,0.996,True,True
14:49:12,Baseline,Heuristic,0.11,1.01,0.132,0.008,0.584,,True,True
14:49:12,Baseline,Deep_Learning,1.61,143.91,,,,0.004,False,True
14:49:12,Baseline,Heuristic,0.11,1.01,0.133,0.008,0.586,,True,True
14:49:12,Baseline,Deep_Learning,1.66,145.47,,,,0.32,False,True
14:49:12,Baseline,Heuristic,0.11,1.01,0.133,0.008,0.587,,True,True
14:49:12,Baseline,Deep_Learning,1.97,146.84,,,,0.094,False,True
14:49:12,Baseline,Heuristic,0.11,1.01,0.134,0.008,0.588,,True,True
14:49:12,Baseline,Deep_Learning,1.64,148.7,,,,0.242,False,True
14:49:12,Baseline,Heuristic,0.13,1.01,0.136,0.007,0.589,,True,True
14:49:12,Baseline,Deep_Learning,1.71,148.93,,,,0.406,False,True
14:49:12,Baseline,Heuristic,0.11,1.01,0.137,0.007,0.59,,True,True
14:49:12,Baseline,Deep_Learning,1.71,148.96,,,,0.0,False,True
14:49:12,Baseline,Heuristic,0.11,1.01,0.139,0.007,0.591,,True,True
14:49:12,Baseline,Deep_Learning,1.65,148.96,,,,0.0,False,True
14:49:12,Baseline,Heuristic,0.12,1.01,0.14,0.007,0.592,,True,True
14:49:12,Baseline,Deep_Learning,1.63,148.93,,,,0.0,False,True
14:49:12,Baseline,Heuristic,0.11,1.01,0.141,0.007,0.593,,True,True
14:49:12,Baseline,Deep_Learning,1.68,148.96,,,,0.0,False,True
14:49:12,Baseline,Heuristic,0.12,1.01,0.144,0.007,0.594,,True,True
14:49:12,Baseline,Deep_Learning,1.81,148.96,,,,0.0,False,True
14:49:12,Baseline,Heuristic,0.1,1.01,0.146,0.007,0.595,,True,True
14:49:12,Baseline,Deep_Learning,1.62,148.93,,,,0.0,False,True
14:49:12,Baseline,Heuristic,0.11,1.01,0.148,0.007,0.596,,True,True
14:49:12,Baseline,Deep_Learning,1.97,149.64,,,,0.0,False,True
14:49:12,Baseline,Heuristic,0.11,1.01,0.149,0.007,0.597,,True,True
14:49:12,Baseline,Deep_Learning,1.75,150.09,,,,0.0,False,True
14:49:12,Baseline,Heuristic,0.11,1.01,0.152,0.006,0.598,,True,True
14:49:12,Baseline,Deep_Learning,1.64,150.32,,,,0.0,False,True
14:49:13,Baseline,Heuristic,0.11,1.01,0.156,0.006,0.599,,True,True
14:49:13,Baseline,Deep_Learning,1.71,151.04,,,,0.0,False,True
14:49:13,Baseline,Heuristic,0.11,1.01,0.159,0.006,0.601,,True,True
14:49:13,Baseline,Deep_Learning,1.58,150.81,,,,0.0,False,True
14:49:13,Baseline,Heuristic,0.11,1.01,0.162,0.006,0.602,,True,True
14:49:13,Baseline,Deep_Learning,1.62,150.55,,,,0.0,False,True
14:49:13,Baseline,Heuristic,0.11,1.01,0.167,0.006,0.603,,True,False
14:49:13,Baseline,Deep_Learning,1.61,150.55,,,,0.0,False,False
14:49:13,Baseline,Heuristic,0.11,1.01,0.17,0.006,0.604,,True,False
14:49:13,Baseline,Deep_Learning,1.61,150.78,,,,0.0,False,False
14:49:13,Baseline,Heuristic,0.1,1.01,0.174,0.006,0.606,,True,False
14:49:13,Baseline,Deep_Learning,1.68,150.74,,,,0.0,False,False
14:49:13,Baseline,Heuristic,0.1,1.01,0.177,0.006,0.607,,True,False
14:49:13,Baseline,Deep_Learning,1.59,150.06,,,,0.0,False,False
14:49:13,Baseline,Heuristic,0.12,1.01,0.18,0.006,0.608,,True,False
14:49:13,Baseline,Deep_Learning,1.73,150.06,,,,0.0,False,False
14:49:13,Baseline,Heuristic,0.1,1.01,0.184,0.006,0.609,,True,False
14:49:13,Baseline,Deep_Learning,1.57,149.83,,,,0.0,False,False
14:49:13,Baseline,Heuristic,0.12,1.01,0.187,0.006,0.61,,True,False
14:49:13,Baseline,Deep_Learning,1.59,149.61,,,,0.031,False,False
14:49:13,Baseline,Heuristic,0.11,1.01,0.19,0.006,0.611,,True,False
14:49:13,Baseline,Deep_Learning,1.63,149.09,,,,0.996,True,False
14:49:13,Baseline,Heuristic,0.11,1.01,0.193,0.006,0.612,,True,False
14:49:13,Baseline,Deep_Learning,1.59,148.83,,,,0.996,True,False
14:49:13,Baseline,Heuristic,0.11,1.01,0.194,0.006,0.613,,True,False
14:49:13,Baseline,Deep_Learning,1.6,148.83,,,,0.996,True,False
14:49:13,Baseline,Heuristic,0.11,1.01,0.197,0.006,0.614,,True,False
14:49:13,Baseline,Deep_Learning,1.57,148.34,,,,0.996,True,False
14:49:13,Baseline,Heuristic,0.11,1.01,0.2,0.005,0.615,,True,False
14:49:13,Baseline,Deep_Learning,1.58,148.57,,,,0.996,True,False
14:49:14,Baseline,Heuristic,0.11,1.01,0.203,0.005,0.615,,True,False
14:49:14,Baseline,Deep_Learning,1.57,148.34,,,,0.996,True,False
14:49:14,Baseline,Heuristic,0.1,1.01,0.205,0.005,0.615,,True,False
14:49:14,Baseline,Deep_Learning,1.6,147.83,,,,0.996,True,False
14:49:14,Baseline,Heuristic,0.1,1.01,0.208,0.005,0.615,,True,False
14:49:14,Baseline,Deep_Learning,1.59,146.83,,,,0.996,True,False
14:49:14,Baseline,Heuristic,0.11,1.01,0.21,0.005,0.615,,True,False
14:49:14,Baseline,Deep_Learning,1.63,147.57,,,,0.996,True,False
14:49:14,Baseline,Heuristic,0.11,1.01,0.211,0.005,0.615,,True,False
14:49:14,Baseline,Deep_Learning,1.6,147.35,,,,0.996,True,False
14:49:14,Baseline,Heuristic,0.11,1.01,0.213,0.005,0.615,,True,False
14:49:14,Baseline,Deep_Learning,1.87,147.61,,,,0.996,True,False
14:49:14,Baseline,Heuristic,0.11,1.01,0.215,0.005,0.615,,True,False
14:49:14,Baseline,Deep_Learning,1.58,147.9,,,,0.988,True,False
14:49:14,Baseline,Heuristic,0.11,1.01,0.217,0.005,0.615,,True,False
14:49:14,Baseline,Deep_Learning,1.62,147.42,,,,0.5,False,False
14:49:14,Baseline,Heuristic,0.11,1.01,0.219,0.005,0.615,,True,False
14:49:14,Baseline,Deep_Learning,1.75,147.61,,,,0.969,True,False
14:49:14,Baseline,Heuristic,0.12,1.01,0.221,0.005,0.615,,True,False
14:49:14,Baseline,Deep_Learning,1.69,147.64,,,,0.004,False,False
14:49:14,Baseline,Heuristic,0.12,1.01,0.223,0.005,0.615,,True,False
14:49:14,Baseline,Deep_Learning,1.6,147.83,,,,0.0,False,False
14:49:14,Baseline,Heuristic,0.1,1.01,0.225,0.005,0.615,,True,False
14:49:14,Baseline,Deep_Learning,1.64,147.31,,,,0.0,False,False
14:49:14,Baseline,Heuristic,0.1,1.01,0.227,0.005,0.615,,True,False
14:49:14,Baseline,Deep_Learning,1.54,147.35,,,,0.0,False,False
14:49:14,Baseline,Heuristic,0.11,1.01,0.229,0.005,0.615,,True,False
14:49:14,Baseline,Deep_Learning,1.58,147.57,,,,0.0,False,False
14:49:15,Baseline,Heuristic,0.11,1.01,0.232,0.005,0.615,,True,False
14:49:15,Baseline,Deep_Learning,1.71,147.35,,,,0.0,False,False
14:49:15,Baseline,Heuristic,0.11,1.01,0.233,0.005,0.615,,True,False
14:49:15,Baseline,Deep_Learning,1.57,147.35,,,,0.0,False,False
14:49:15,Baseline,Heuristic,0.1,1.01,0.235,0.004,0.615,,True,False
14:49:15,Baseline,Deep_Learning,1.59,147.86,,,,0.0,False,False
14:49:15,Baseline,Heuristic,0.11,1.01,0.237,0.004,0.615,,True,False
14:49:15,Baseline,Deep_Learning,1.61,147.64,,,,0.0,False,False
14:49:15,Baseline,Heuristic,0.14,1.01,0.24,0.004,0.615,,True,False
14:49:15,Baseline,Deep_Learning,1.56,147.38,,,,0.0,False,False
14:49:15,Baseline,Heuristic,0.11,1.01,0.242,0.004,0.615,,True,False
14:49:15,Baseline,Deep_Learning,1.6,147.68,,,,0.0,False,False
14:49:15,Baseline,Heuristic,0.11,1.01,0.244,0.004,0.615,,True,False
14:49:15,Baseline,Deep_Learning,1.64,146.94,,,,0.0,False,False
14:49:15,Baseline,Heuristic,0.1,1.01,0.245,0.004,0.615,,True,False
14:49:15,Baseline,Deep_Learning,1.56,146.53,,,,0.242,False,False
14:49:15,Baseline,Heuristic,0.13,1.01,0.247,0.004,0.615,,True,False
14:49:15,Baseline,Deep_Learning,1.68,146.83,,,,0.0,False,False
14:49:15,Baseline,Heuristic,0.11,1.01,0.248,0.004,0.615,,True,False
14:49:15,Baseline,Deep_Learning,1.56,147.75,,,,0.992,True,False
14:49:15,Baseline,Heuristic,0.11,1.01,0.249,0.004,0.615,,True,False
14:49:15,Baseline,Deep_Learning,1.57,146.57,,,,0.992,True,False
14:49:15,Baseline,Heuristic,0.11,1.01,0.251,0.004,0.615,,True,False
14:49:15,Baseline,Deep_Learning,1.6,144.12,,,,0.996,True,False
14:49:15,Baseline,Heuristic,0.11,1.01,0.251,0.004,0.615,,True,False
14:49:15,Baseline,Deep_Learning,1.81,143.05,,,,0.996,True,False
14:49:15,Baseline,Heuristic,0.11,1.01,0.251,0.004,0.615,,True,False
14:49:15,Baseline,Deep_Learning,1.62,142.41,,,,0.996,True,False
14:49:16,Baseline,Heuristic,0.11,1.01,0.251,0.004,0.615,,True,False
14:49:16,Baseline,Deep_Learning,1.62,143.29,,,,0.996,True,False
14:49:16,Baseline,Heuristic,0.11,1.01,0.251,0.004,0.615,,True,False
14:49:16,Baseline,Deep_Learning,1.58,144.84,,,,0.996,True,False
14:49:16,Baseline,Heuristic,0.11,1.01,0.252,0.004,0.615,,True,False
14:49:16,Baseline,Deep_Learning,1.59,146.36,,,,0.023,False,False
14:49:16,Baseline,Heuristic,0.11,1.01,0.252,0.004,0.615,,True,False
14:49:16,Baseline,Deep_Learning,1.66,145.45,,,,0.0,False,False
14:49:16,Baseline,Heuristic,0.12,1.01,0.253,0.004,0.615,,True,False
14:49:16,Baseline,Deep_Learning,1.61,143.76,,,,0.0,False,False
14:49:16,Baseline,Heuristic,0.11,1.01,0.254,0.004,0.615,,True,False
14:49:16,Baseline,Deep_Learning,1.62,143.35,,,,0.0,False,False
14:49:16,Baseline,Heuristic,0.12,1.01,0.254,0.004,0.615,,True,False
14:49:16,Baseline,Deep_Learning,1.67,143.78,,,,0.0,False,False
14:49:16,Baseline,Heuristic,0.11,1.01,0.255,0.004,0.615,,True,False
14:49:16,Baseline,Deep_Learning,1.63,143.54,,,,0.0,False,False
14:49:16,Baseline,Heuristic,0.1,1.01,0.257,0.004,0.615,,True,False
14:49:16,Baseline,Deep_Learning,1.65,144.22,,,,0.0,False,False
14:49:16,Baseline,Heuristic,0.11,1.01,0.258,0.004,0.615,,True,False
14:49:16,Baseline,Deep_Learning,1.54,144.44,,,,0.0,False,False
14:49:16,Baseline,Heuristic,0.12,1.01,0.259,0.004,0.615,,True,False
14:49:16,Baseline,Deep_Learning,1.6,145.18,,,,0.0,False,False
14:49:16,Baseline,Heuristic,0.11,1.01,0.26,0.004,0.615,,True,False
14:49:16,Baseline,Deep_Learning,1.63,145.18,,,,0.0,False,False
14:49:16,Baseline,Heuristic,0.14,1.01,0.262,0.004,0.615,,True,False
14:49:16,Baseline,Deep_Learning,1.59,144.71,,,,0.0,False,False
14:49:16,Baseline,Heuristic,0.1,1.01,0.263,0.004,0.615,,True,False
14:49:16,Baseline,Deep_Learning,1.65,144.0,,,,0.0,False,False
14:49:16,Baseline,Heuristic,0.11,1.01,0.264,0.004,0.615,,True,False
14:49:16,Baseline,Deep_Learning,1.61,143.54,,,,0.984,True,False
14:49:16,Baseline,Heuristic,0.13,1.01,0.265,0.004,0.615,,True,False
14:49:16,Baseline,Deep_Learning,1.82,142.86,,,,0.996,True,False
14:49:17,Baseline,Heuristic,0.1,1.01,0.266,0.004,0.615,,True,False
14:49:17,Baseline,Deep_Learning,1.59,141.95,,,,0.996,True,False
14:49:17,Baseline,Heuristic,0.11,1.01,0.268,0.004,0.615,,True,False
14:49:17,Baseline,Deep_Learning,1.54,141.92,,,,0.996,True,False
14:49:17,Baseline,Heuristic,0.11,1.01,0.27,0.004,0.615,,True,False
14:49:17,Baseline,Deep_Learning,1.61,142.35,,,,0.996,True,False
14:49:17,Baseline,Heuristic,0.1,1.01,0.271,0.004,0.615,,True,False
14:49:17,Baseline,Deep_Learning,1.57,142.35,,,,0.996,True,False
14:49:17,Baseline,Heuristic,0.11,1.01,0.271,0.004,0.615,,True,False
14:49:17,Baseline,Deep_Learning,1.67,142.84,,,,0.996,True,False
14:49:17,Baseline,Heuristic,0.11,1.01,0.27,0.003,0.615,,True,False
14:49:17,Baseline,Deep_Learning,1.63,144.22,,,,0.996,True,False
14:49:17,Baseline,Heuristic,0.11,1.01,0.27,0.003,0.615,,True,False
14:49:17,Baseline,Deep_Learning,1.59,144.9,,,,0.996,True,False
14:49:17,Baseline,Heuristic,0.11,1.01,0.269,0.003,0.615,,True,False
14:49:17,Baseline,Deep_Learning,1.88,145.56,,,,0.996,True,False
14:49:17,Baseline,Heuristic,0.11,1.01,0.268,0.003,0.615,,True,False
14:49:17,Baseline,Deep_Learning,1.59,146.53,,,,0.594,False,False
14:49:17,Baseline,Heuristic,0.11,1.01,0.268,0.003,0.615,,True,False
14:49:17,Baseline,Deep_Learning,1.7,147.51,,,,0.242,False,False
14:49:17,Baseline,Heuristic,0.12,1.01,0.267,0.003,0.615,,True,False
14:49:17,Baseline,Deep_Learning,1.59,147.23,,,,0.0,False,False
14:49:17,Baseline,Heuristic,0.11,1.01,0.267,0.003,0.615,,True,False
14:49:17,Baseline,Deep_Learning,1.6,148.44,,,,0.0,False,False
14:49:17,Baseline,Heuristic,0.11,1.01,0.267,0.003,0.615,,True,False
14:49:17,Baseline,Deep_Learning,1.61,149.12,,,,0.0,False,False
14:49:17,Baseline,Heuristic,0.12,1.01,0.268,0.003,0.615,,True,False
14:49:17,Baseline,Deep_Learning,1.6,148.89,,,,0.0,False,False
14:49:17,Baseline,Heuristic,0.13,1.01,0.268,0.003,0.615,,True,False
14:49:17,Baseline,Deep_Learning,1.72,148.93,,,,0.0,False,False
14:49:18,Baseline,Heuristic,0.11,1.01,0.268,0.003,0.615,,True,False
14:49:18,Baseline,Deep_Learning,1.69,148.93,,,,0.0,False,False
14:49:18,Baseline,Heuristic,0.11,1.01,0.269,0.003,0.615,,True,False
14:49:18,Baseline,Deep_Learning,1.55,148.67,,,,0.0,False,False
14:49:18,Baseline,Heuristic,0.11,1.01,0.269,0.003,0.615,,True,False
14:49:18,Baseline,Deep_Learning,1.65,148.89,,,,0.0,False,False
14:49:18,Baseline,Heuristic,0.1,1.01,0.27,0.003,0.615,,True,False
14:49:18,Baseline,Deep_Learning,1.61,148.89,,,,0.0,False,False
14:49:18,Baseline,Heuristic,0.1,1.01,0.271,0.003,0.615,,True,False
14:49:18,Baseline,Deep_Learning,1.63,148.89,,,,0.0,False,False
14:49:18,Baseline,Heuristic,0.11,1.01,0.272,0.004,0.615,,True,False
14:49:18,Baseline,Deep_Learning,1.67,149.38,,,,0.0,False,False
14:49:18,Baseline,Heuristic,0.12,1.01,0.273,0.005,0.615,,True,False
14:49:18,Baseline,Deep_Learning,1.66,148.89,,,,0.0,False,False
14:49:18,Baseline,Heuristic,0.11,1.01,0.274,0.005,0.615,,True,False
14:49:18,Baseline,Deep_Learning,1.66,148.67,,,,0.0,False,False
14:49:18,Baseline,Heuristic,0.13,1.01,0.274,0.006,0.615,,True,False
14:49:18,Baseline,Deep_Learning,1.72,148.93,,,,0.0,False,False
14:49:18,Baseline,Heuristic,0.11,1.01,0.275,0.006,0.615,,True,False
14:49:18,Baseline,Deep_Learning,1.58,148.44,,,,0.0,False,False
14:49:18,Baseline,Heuristic,0.11,1.01,0.276,0.007,0.615,,True,False
14:49:18,Baseline,Deep_Learning,1.58,148.44,,,,0.0,False,False
14:49:18,Baseline,Heuristic,0.11,1.01,0.277,0.007,0.615,,True,False
14:49:18,Baseline,Deep_Learning,1.63,148.67,,,,0.0,False,False
14:49:18,Baseline,Heuristic,0.11,1.01,0.277,0.007,0.615,,True,False
14:49:18,Baseline,Deep_Learning,1.68,148.67,,,,0.0,False,False
14:49:18,Baseline,Heuristic,0.1,1.01,0.278,0.007,0.615,,True,False
14:49:18,Baseline,Deep_Learning,1.64,149.18,,,,0.0,False,False
14:49:18,Baseline,Heuristic,0.11,1.01,0.279,0.007,0.615,,True,False
14:49:18,Baseline,Deep_Learning,1.67,148.93,,,,0.0,False,False
14:49:18,Baseline,Heuristic,0.11,1.01,0.28,0.008,0.615,,True,False
14:49:18,Baseline,Deep_Learning,1.55,149.18,,,,0.0,False,False
14:49:19,Baseline,Heuristic,0.11,1.01,0.281,0.008,0.615,,True,False
14:49:19,Baseline,Deep_Learning,1.7,148.93,,,,0.0,False,False
14:49:19,Baseline,Heuristic,0.1,1.01,0.282,0.008,0.615,,True,False
14:49:19,Baseline,Deep_Learning,1.53,149.18,,,,0.0,False,False
14:49:19,Baseline,Heuristic,0.11,1.01,0.282,0.008,0.615,,True,False
14:49:19,Baseline,Deep_Learning,1.72,149.41,,,,0.0,False,False
14:49:19,Baseline,Heuristic,0.11,1.01,0.283,0.008,0.615,,True,False
14:49:19,Baseline,Deep_Learning,1.74,149.38,,,,0.0,False,False
14:49:19,Baseline,Heuristic,0.11,1.01,0.284,0.008,0.615,,True,False
14:49:19,Baseline,Deep_Learning,1.67,149.15,,,,0.0,False,False
14:49:19,Baseline,Heuristic,0.11,1.01,0.285,0.008,0.615,,True,False
14:49:19,Baseline,Deep_Learning,1.59,149.15,,,,0.0,False,False
14:49:19,Baseline,Heuristic,0.11,1.01,0.286,0.008,0.615,,True,False
14:49:19,Baseline,Deep_Learning,1.6,149.15,,,,0.0,False,False
14:49:19,Baseline,Heuristic,0.15,1.01,0.287,0.008,0.615,,True,False
14:49:19,Baseline,Deep_Learning,1.61,149.15,,,,0.0,False,False
14:49:19,Baseline,Heuristic,0.1,1.01,0.288,0.008,0.615,,True,False
14:49:19,Baseline,Deep_Learning,1.65,148.93,,,,0.0,False,False
14:49:19,Baseline,Heuristic,0.11,1.01,0.29,0.008,0.615,,True,False
14:49:19,Baseline,Deep_Learning,1.63,148.93,,,,0.0,False,False
14:49:19,Baseline,Heuristic,0.1,1.01,0.291,0.007,0.615,,True,False
14:49:19,Baseline,Deep_Learning,1.6,148.44,,,,0.0,False,False
14:49:19,Baseline,Heuristic,0.11,1.01,0.291,0.007,0.615,,True,False
14:49:19,Baseline,Deep_Learning,1.61,148.44,,,,0.0,False,False
14:49:19,Baseline,Heuristic,0.1,1.01,0.292,0.007,0.615,,True,False
14:49:19,Baseline,Deep_Learning,1.65,148.67,,,,0.0,False,False
14:49:19,Baseline,Heuristic,0.11,1.01,0.294,0.007,0.615,,True,False
14:49:19,Baseline,Deep_Learning,1.69,148.44,,,,0.0,False,False
14:49:19,Baseline,Heuristic,0.11,1.01,0.294,0.007,0.615,,True,False
14:49:19,Baseline,Deep_Learning,1.64,148.44,,,,0.0,False,False
14:49:20,Baseline,Heuristic,0.11,1.01,0.295,0.007,0.615,,True,False
14:49:20,Baseline,Deep_Learning,1.63,148.22,,,,0.0,False,False
14:49:20,Baseline,Heuristic,0.11,1.01,0.296,0.007,0.615,,True,False
14:49:20,Baseline,Deep_Learning,1.62,148.47,,,,0.0,False,False
14:49:20,Baseline,Heuristic,0.1,1.01,0.296,0.007,0.615,,True,False
14:49:20,Baseline,Deep_Learning,1.64,147.99,,,,0.0,False,False
14:49:20,Baseline,Heuristic,0.1,1.01,0.297,0.007,0.615,,True,False
14:49:20,Baseline,Deep_Learning,1.59,147.77,,,,0.0,False,False
14:49:20,Baseline,Heuristic,0.12,1.01,0.297,0.006,0.615,,True,False
14:49:20,Baseline,Deep_Learning,1.54,147.99,,,,0.0,False,False
14:49:20,Baseline,Heuristic,0.11,1.01,0.297,0.006,0.615,,True,False
14:49:20,Baseline,Deep_Learning,1.63,147.74,,,,0.0,False,False
14:49:20,Baseline,Heuristic,0.1,1.01,0.298,0.006,0.615,,True,False
14:49:20,Baseline,Deep_Learning,1.71,147.74,,,,0.0,False,False
14:49:20,Baseline,Heuristic,0.11,1.01,0.298,0.006,0.615,,True,False
14:49:20,Baseline,Deep_Learning,1.61,147.99,,,,0.0,False,False
14:49:20,Baseline,Heuristic,0.11,1.01,0.298,0.006,0.615,,True,False
14:49:20,Baseline,Deep_Learning,1.81,147.96,,,,0.0,False,False
14:49:20,Baseline,Heuristic,0.12,1.01,0.297,0.006,0.615,,True,False
14:49:20,Baseline,Deep_Learning,1.58,148.93,,,,0.0,False,False
14:49:20,Baseline,Heuristic,0.1,1.01,0.296,0.006,0.615,,True,False
14:49:20,Baseline,Deep_Learning,1.62,148.93,,,,0.0,False,False
14:49:20,Baseline,Heuristic,0.11,1.01,0.296,0.006,0.615,,True,False
14:49:20,Baseline,Deep_Learning,1.73,149.15,,,,0.0,False,False
14:49:20,Baseline,Heuristic,0.11,1.01,0.295,0.007,0.615,,True,False
14:49:20,Baseline,Deep_Learning,1.69,149.57,,,,0.0,False,False
14:49:21,Baseline,Heuristic,0.11,1.01,0.295,0.008,0.615,,True,False
14:49:21,Baseline,Deep_Learning,1.61,150.74,,,,0.0,False,False
14:49:21,Baseline,Heuristic,0.12,1.01,0.295,0.009,0.615,,True,False
14:49:21,Baseline,Deep_Learning,1.69,150.74,,,,0.0,False,False
14:49:21,Baseline,Heuristic,0.1,1.01,0.294,0.011,0.615,,True,False
14:49:21,Baseline,Deep_Learning,1.56,150.74,,,,0.0,False,False
14:49:21,Baseline,Heuristic,0.11,1.01,0.294,0.012,0.615,,True,False
14:49:21,Baseline,Deep_Learning,1.64,150.74,,,,0.0,False,False
14:49:21,Baseline,Heuristic,0.11,1.01,0.294,0.014,0.615,,True,False
14:49:21,Baseline,Deep_Learning,1.61,150.74,,,,0.0,False,False
14:49:21,Baseline,Heuristic,0.11,1.01,0.294,0.016,0.615,,True,False
14:49:21,Baseline,Deep_Learning,1.63,150.51,,,,0.0,False,False
14:49:21,Baseline,Heuristic,0.11,1.01,0.294,0.018,0.615,,True,False
14:49:21,Baseline,Deep_Learning,1.7,150.51,,,,0.0,False,False
14:49:21,Baseline,Heuristic,0.11,1.01,0.293,0.02,0.615,,True,False
14:49:21,Baseline,Deep_Learning,1.54,150.74,,,,0.0,False,False
14:49:21,Baseline,Heuristic,0.11,1.01,0.293,0.021,0.615,,True,False
14:49:21,Baseline,Deep_Learning,1.69,150.51,,,,0.0,False,False
14:49:21,Baseline,Heuristic,0.1,1.01,0.293,0.023,0.615,,True,False
14:49:21,Baseline,Deep_Learning,1.55,151.87,,,,0.0,False,False
14:49:21,Baseline,Heuristic,0.1,1.01,0.294,0.026,0.615,,True,False
14:49:21,Baseline,Deep_Learning,1.53,152.28,,,,0.0,False,False
14:49:21,Baseline,Heuristic,0.11,1.01,0.294,0.029,0.615,,True,False
14:49:21,Baseline,Deep_Learning,1.59,152.78,,,,0.0,False,False
14:49:21,Baseline,Heuristic,0.11,1.01,0.294,0.033,0.615,,True,False
14:49:21,Baseline,Deep_Learning,1.6,152.41,,,,0.0,False,False
14:49:21,Baseline,Heuristic,0.11,1.01,0.293,0.036,0.615,,True,False
14:49:21,Baseline,Deep_Learning,1.58,150.32,,,,0.68,False,False
14:49:21,Baseline,Heuristic,0.11,1.01,0.292,0.039,0.615,,True,False
14:49:21,Baseline,Deep_Learning,1.53,149.67,,,,0.988,True,False
14:49:22,Baseline,Heuristic,0.12,1.01,0.291,0.042,0.615,,True,False
14:49:22,Baseline,Deep_Learning,1.58,148.96,,,,0.996,True,False
14:49:22,Baseline,Heuristic,0.11,1.01,0.29,0.045,0.615,,True,False
14:49:22,Baseline,Deep_Learning,1.51,148.73,,,,0.996,True,False
14:49:22,Baseline,Heuristic,0.11,1.01,0.288,0.047,0.615,,True,False
14:49:22,Baseline,Deep_Learning,1.52,148.7,,,,0.996,True,False
14:49:22,Baseline,Heuristic,0.12,1.01,0.287,0.048,0.615,,True,False
14:49:22,Baseline,Deep_Learning,1.51,148.44,,,,0.996,True,False
14:49:22,Baseline,Heuristic,0.1,1.01,0.286,0.049,0.615,,True,False
14:49:22,Baseline,Deep_Learning,1.55,148.44,,,,0.996,True,False
14:49:22,Baseline,Heuristic,0.11,1.01,0.284,0.051,0.615,,True,False
14:49:22,Baseline,Deep_Learning,1.54,148.44,,,,0.984,True,False
14:49:22,Baseline,Heuristic,0.14,1.01,0.283,0.052,0.615,,True,False
14:49:22,Baseline,Deep_Learning,1.53,147.96,,,,0.906,True,False
14:49:22,Baseline,Heuristic,0.14,1.01,0.282,0.053,0.615,,True,False
14:49:22,Baseline,Deep_Learning,1.75,148.67,,,,0.934,True,False
14:49:22,Baseline,Heuristic,0.1,1.01,0.281,0.055,0.615,,True,False
14:49:22,Baseline,Deep_Learning,1.49,148.44,,,,0.969,True,False
14:49:22,Baseline,Heuristic,0.12,1.01,0.28,0.055,0.615,,True,False
14:49:22,Baseline,Deep_Learning,1.6,148.67,,,,0.996,True,False
14:49:22,Baseline,Heuristic,0.11,1.01,0.28,0.056,0.615,,True,False
14:49:22,Baseline,Deep_Learning,1.63,148.64,,,,0.68,False,False
14:49:22,Baseline,Heuristic,0.1,1.01,0.279,0.056,0.615,,True,False
14:49:22,Baseline,Deep_Learning,1.5,148.38,,,,0.0,False,False
14:49:22,Baseline,Heuristic,0.11,1.01,0.277,0.056,0.615,,True,False
14:49:22,Baseline,Deep_Learning,1.55,149.15,,,,0.023,False,False
14:49:22,Baseline,Heuristic,0.12,1.01,0.275,0.055,0.615,,True,False
14:49:22,Baseline,Deep_Learning,1.67,148.7,,,,0.996,True,False
14:49:22,Baseline,Heuristic,0.1,1.01,0.272,0.055,0.615,,True,False
14:49:22,Baseline,Deep_Learning,1.62,148.7,,,,0.977,True,False
14:49:23,Baseline,Heuristic,0.11,1.01,0.27,0.054,0.615,,True,False
14:49:23,Baseline,Deep_Learning,1.66,148.67,,,,0.996,True,False
14:49:23,Baseline,Heuristic,0.14,1.01,0.268,0.054,0.615,,True,False
14:49:23,Baseline,Deep_Learning,1.68,149.12,,,,0.996,True,False
14:49:23,Baseline,Heuristic,0.12,1.01,0.267,0.053,0.615,,True,False
14:49:23,Baseline,Deep_Learning,1.62,148.83,,,,0.953,True,False
14:49:23,Baseline,Heuristic,0.11,1.01,0.266,0.052,0.615,,True,False
14:49:23,Baseline,Deep_Learning,1.64,148.79,,,,0.867,True,False
14:49:23,Baseline,Heuristic,0.11,1.01,0.265,0.051,0.615,,True,False
14:49:23,Baseline,Deep_Learning,1.57,149.05,,,,0.996,True,False
14:49:23,Baseline,Heuristic,0.11,1.01,0.265,0.051,0.615,,True,False
14:49:23,Baseline,Deep_Learning,1.58,148.31,,,,0.996,True,False
14:49:23,Baseline,Heuristic,0.11,1.01,0.265,0.049,0.615,,True,False
14:49:23,Baseline,Deep_Learning,1.59,148.86,,,,0.594,False,False
14:49:23,Baseline,Heuristic,0.11,1.01,0.265,0.049,0.615,,True,False
14:49:23,Baseline,Deep_Learning,1.62,149.09,,,,0.094,False,False
14:49:23,Baseline,Heuristic,0.11,1.01,0.266,0.047,0.615,,True,False
14:49:23,Baseline,Deep_Learning,1.72,148.6,,,,0.996,True,False
14:49:23,Baseline,Heuristic,0.1,1.01,0.267,0.046,0.615,,True,False
14:49:23,Baseline,Deep_Learning,1.61,148.7,,,,0.031,False,False
14:49:23,Baseline,Heuristic,0.11,1.01,0.268,0.046,0.615,,True,False
14:49:23,Baseline,Deep_Learning,1.76,149.18,,,,0.133,False,False
14:49:23,Baseline,Heuristic,0.1,1.01,0.268,0.045,0.615,,True,False
14:49:23,Baseline,Deep_Learning,1.61,148.73,,,,0.0,False,False
14:49:23,Baseline,Heuristic,0.1,1.01,0.268,0.044,0.615,,True,False
14:49:23,Baseline,Deep_Learning,1.62,149.44,,,,0.0,False,False
14:49:23,Baseline,Heuristic,0.1,1.01,0.268,0.043,0.615,,True,False
14:49:23,Baseline,Deep_Learning,1.65,148.96,,,,0.0,False,False
14:49:24,Baseline,Heuristic,0.1,1.01,0.268,0.042,0.615,,True,False
14:49:24,Baseline,Deep_Learning,1.61,149.44,,,,0.0,False,False
14:49:24,Baseline,Heuristic,0.11,1.01,0.268,0.041,0.615,,True,False
14:49:24,Baseline,Deep_Learning,1.64,148.93,,,,0.0,False,False
14:49:24,Baseline,Heuristic,0.11,1.01,0.267,0.04,0.615,,True,False
14:49:24,Baseline,Deep_Learning,1.74,148.93,,,,0.0,False,False
14:49:24,Baseline,Heuristic,0.12,1.01,0.268,0.039,0.615,,True,False
14:49:24,Baseline,Deep_Learning,1.68,148.67,,,,0.0,False,False
14:49:24,Baseline,Heuristic,0.11,1.01,0.268,0.039,0.615,,True,False
14:49:24,Baseline,Deep_Learning,1.68,148.93,,,,0.0,False,False
14:49:24,Baseline,Heuristic,0.12,1.01,0.268,0.038,0.615,,True,False
14:49:24,Baseline,Deep_Learning,1.63,148.93,,,,0.0,False,False
14:49:24,Baseline,Heuristic,0.11,1.01,0.269,0.037,0.615,,True,False
14:49:24,Baseline,Deep_Learning,1.69,148.93,,,,0.0,False,False
14:49:24,Baseline,Heuristic,0.12,1.01,0.27,0.036,0.615,,True,False
14:49:24,Baseline,Deep_Learning,1.71,148.67,,,,0.0,False,False
14:49:24,Baseline,Heuristic,0.11,1.01,0.27,0.036,0.615,,True,False
14:49:24,Baseline,Deep_Learning,1.68,148.93,,,,0.0,False,False
14:49:24,Baseline,Heuristic,0.12,1.01,0.271,0.035,0.615,,True,False
14:49:24,Baseline,Deep_Learning,1.6,149.18,,,,0.0,False,False
14:49:24,Baseline,Heuristic,0.1,1.01,0.272,0.034,0.615,,True,False
14:49:24,Baseline,Deep_Learning,1.56,149.18,,,,0.0,False,False
14:49:24,Baseline,Heuristic,0.11,1.01,0.273,0.034,0.615,,True,False
14:49:24,Baseline,Deep_Learning,1.6,148.93,,,,0.0,False,False
14:49:24,Baseline,Heuristic,0.1,1.01,0.274,0.033,0.615,,True,False
14:49:24,Baseline,Deep_Learning,1.61,148.93,,,,0.0,False,False
14:49:24,Baseline,Heuristic,0.12,1.01,0.275,0.032,0.615,,True,False
14:49:24,Baseline,Deep_Learning,1.62,148.93,,,,0.0,False,False
14:49:24,Baseline,Heuristic,0.11,1.01,0.276,0.032,0.615,,True,False
14:49:24,Baseline,Deep_Learning,1.6,148.93,,,,0.0,False,False
14:49:25,Baseline,Heuristic,0.1,1.01,0.277,0.031,0.615,,True,False
14:49:25,Baseline,Deep_Learning,1.59,148.93,,,,0.0,False,False
14:49:25,Baseline,Heuristic,0.11,1.01,0.277,0.031,0.615,,True,False
14:49:25,Baseline,Deep_Learning,1.58,148.93,,,,0.0,False,False
14:49:25,Baseline,Heuristic,0.1,1.01,0.279,0.03,0.615,,True,False
14:49:25,Baseline,Deep_Learning,1.66,148.67,,,,0.0,False,False
14:49:25,Baseline,Heuristic,0.1,1.01,0.28,0.029,0.615,,True,False
14:49:25,Baseline,Deep_Learning,1.61,148.67,,,,0.0,False,False
14:49:25,Baseline,Heuristic,0.11,1.01,0.281,0.029,0.615,,True,False
14:49:25,Baseline,Deep_Learning,1.64,148.67,,,,0.0,False,False
14:49:25,Baseline,Heuristic,0.11,1.01,0.282,0.028,0.615,,True,False
14:49:25,Baseline,Deep_Learning,1.71,148.44,,,,0.0,False,False
14:49:25,Baseline,Heuristic,0.1,1.01,0.283,0.027,0.615,,True,False
14:49:25,Baseline,Deep_Learning,1.68,148.96,,,,0.0,False,False
14:49:25,Baseline,Heuristic,0.11,1.01,0.284,0.027,0.615,,True,False
14:49:25,Baseline,Deep_Learning,1.71,148.7,,,,0.0,False,False
14:49:25,Baseline,Heuristic,0.1,1.01,0.285,0.026,0.615,,True,False
14:49:25,Baseline,Deep_Learning,1.57,148.93,,,,0.0,False,False
14:49:25,Baseline,Heuristic,0.11,1.01,0.286,0.026,0.615,,True,False
14:49:25,Baseline,Deep_Learning,1.54,148.7,,,,0.0,False,False
14:49:25,Baseline,Heuristic,0.1,1.01,0.287,0.025,0.615,,True,False
14:49:25,Baseline,Deep_Learning,1.55,148.93,,,,0.0,False,False
14:49:25,Baseline,Heuristic,0.11,1.01,0.288,0.025,0.615,,True,False
14:49:25,Baseline,Deep_Learning,1.69,148.67,,,,0.0,False,False
14:49:25,Baseline,Heuristic,0.11,1.01,0.289,0.024,0.615,,True,False
14:49:25,Baseline,Deep_Learning,1.63,148.7,,,,0.0,False,False
14:49:26,Baseline,Heuristic,0.11,1.01,0.289,0.024,0.615,,True,False
14:49:26,Baseline,Deep_Learning,1.62,149.18,,,,0.0,False,False
14:49:26,Baseline,Heuristic,0.11,1.01,0.29,0.023,0.615,,True,False
14:49:26,Baseline,Deep_Learning,1.58,148.7,,,,0.0,False,False
14:49:26,Baseline,Heuristic,0.12,1.01,0.291,0.023,0.615,,True,False
14:49:26,Baseline,Deep_Learning,1.55,148.93,,,,0.0,False,False
14:49:26,Baseline,Heuristic,0.11,1.01,0.292,0.022,0.615,,True,False
14:49:26,Baseline,Deep_Learning,1.68,148.93,,,,0.0,False,False
14:49:26,Baseline,Heuristic,0.11,1.01,0.292,0.022,0.615,,True,False
14:49:26,Baseline,Deep_Learning,1.54,148.93,,,,0.0,False,False
14:49:26,Baseline,Heuristic,0.11,1.01,0.292,0.022,0.615,,True,False
14:49:26,Baseline,Deep_Learning,1.57,149.64,,,,0.0,False,False
14:49:26,Baseline,Heuristic,0.11,1.01,0.292,0.021,0.615,,True,False
14:49:26,Baseline,Deep_Learning,1.66,149.64,,,,0.0,False,False
14:49:26,Baseline,Heuristic,0.11,1.01,0.291,0.021,0.615,,True,False
14:49:26,Baseline,Deep_Learning,1.62,149.44,,,,0.0,False,False
14:49:26,Baseline,Heuristic,0.11,1.01,0.291,0.02,0.615,,True,False
14:49:26,Baseline,Deep_Learning,1.62,149.67,,,,0.0,False,False
14:49:26,Baseline,Heuristic,0.11,1.01,0.292,0.02,0.615,,True,False
14:49:26,Baseline,Deep_Learning,1.76,149.41,,,,0.0,False,False
14:49:26,Baseline,Heuristic,0.11,1.01,0.292,0.019,0.615,,True,False
14:49:26,Baseline,Deep_Learning,1.68,149.15,,,,0.0,False,False
14:49:26,Baseline,Heuristic,0.12,1.01,0.293,0.019,0.615,,True,False
14:49:26,Baseline,Deep_Learning,1.57,149.15,,,,0.0,False,False
14:49:26,Baseline,Heuristic,0.11,1.01,0.294,0.019,0.615,,True,False
14:49:26,Baseline,Deep_Learning,1.62,149.15,,,,0.0,False,False
14:49:26,Baseline,Heuristic,0.11,1.01,0.295,0.018,0.615,,True,False
14:49:26,Baseline,Deep_Learning,1.54,149.41,,,,0.0,False,False
14:49:26,Baseline,Heuristic,0.11,1.01,0.296,0.018,0.615,,True,False
14:49:26,Baseline,Deep_Learning,1.6,149.15,,,,0.0,False,False
14:49:27,Baseline,Heuristic,0.12,1.01,0.298,0.018,0.615,,True,False
14:49:27,Baseline,Deep_Learning,1.7,149.15,,,,0.0,False,False
14:49:27,Baseline,Heuristic,0.11,1.01,0.299,0.017,0.615,,True,False
14:49:27,Baseline,Deep_Learning,1.68,149.41,,,,0.0,False,False
14:49:27,Baseline,Heuristic,0.12,1.01,0.3,0.017,0.615,,True,False
14:49:27,Baseline,Deep_Learning,1.71,149.41,,,,0.0,False,False
14:49:27,Baseline,Heuristic,0.11,1.01,0.302,0.017,0.615,,True,False
14:49:27,Baseline,Deep_Learning,1.68,149.64,,,,0.0,False,False
14:49:27,Baseline,Heuristic,0.11,1.01,0.303,0.016,0.615,,True,False
14:49:27,Baseline,Deep_Learning,1.75,149.64,,,,0.0,False,False
14:49:27,Baseline,Heuristic,0.11,1.01,0.305,0.016,0.615,,True,False
14:49:27,Baseline,Deep_Learning,1.69,149.87,,,,0.0,False,False
14:49:27,Baseline,Heuristic,0.11,1.01,0.306,0.016,0.615,,True,False
14:49:27,Baseline,Deep_Learning,1.61,150.09,,,,0.0,False,False
14:49:27,Baseline,Heuristic,0.1,1.01,0.307,0.016,0.615,,True,False
14:49:27,Baseline,Deep_Learning,1.67,149.83,,,,0.0,False,False
14:49:27,Baseline,Heuristic,0.11,1.01,0.308,0.015,0.615,,True,False
14:49:27,Baseline,Deep_Learning,1.64,149.83,,,,0.0,False,False
14:49:27,Baseline,Heuristic,0.1,1.01,0.309,0.015,0.615,,True,False
14:49:27,Baseline,Deep_Learning,1.55,149.83,,,,0.0,False,False
14:49:27,Baseline,Heuristic,0.1,1.01,0.309,0.015,0.615,,True,False
14:49:27,Baseline,Deep_Learning,1.81,149.61,,,,0.0,False,False
14:49:27,Baseline,Heuristic,0.11,1.01,0.31,0.015,0.615,,True,False
14:49:27,Baseline,Deep_Learning,1.7,149.15,,,,0.0,False,False
14:49:27,Baseline,Heuristic,0.1,1.01,0.311,0.015,0.615,,True,False
14:49:27,Baseline,Deep_Learning,1.63,149.38,,,,0.0,False,False
14:49:27,Baseline,Heuristic,0.1,1.01,0.313,0.014,0.615,,True,False
14:49:27,Baseline,Deep_Learning,1.6,149.38,,,,0.0,False,False
14:49:28,Baseline,Heuristic,0.12,1.01,0.314,0.014,0.615,,True,False
14:49:28,Baseline,Deep_Learning,1.72,149.38,,,,0.0,False,False
14:49:28,Baseline,Heuristic,0.12,1.01,0.314,0.014,0.615,,True,False
14:49:28,Baseline,Deep_Learning,1.63,148.86,,,,0.0,False,False
14:49:28,Baseline,Heuristic,0.11,1.01,0.315,0.014,0.615,,True,False
14:49:28,Baseline,Deep_Learning,1.65,149.09,,,,0.0,False,False
14:49:28,Baseline,Heuristic,0.11,1.01,0.315,0.013,0.615,,True,False
14:49:28,Baseline,Deep_Learning,1.61,149.35,,,,0.0,False,False
14:49:28,Baseline,Heuristic,0.11,1.01,0.315,0.013,0.615,,True,False
14:49:28,Baseline,Deep_Learning,1.67,149.12,,,,0.0,False,False
14:49:28,Baseline,Heuristic,0.12,1.01,0.314,0.013,0.615,,True,False
14:49:28,Baseline,Deep_Learning,1.78,148.86,,,,0.0,False,False
14:49:28,Baseline,Heuristic,0.11,1.01,0.314,0.013,0.615,,True,False
14:49:28,Baseline,Deep_Learning,1.74,148.64,,,,0.0,False,False
14:49:28,Baseline,Heuristic,0.11,1.01,0.313,0.013,0.615,,True,False
14:49:28,Baseline,Deep_Learning,1.71,148.16,,,,0.0,False,False
14:49:28,Baseline,Heuristic,0.11,1.01,0.313,0.013,0.615,,True,False
14:49:28,Baseline,Deep_Learning,1.74,148.16,,,,0.0,False,False
14:49:28,Baseline,Heuristic,0.16,1.01,0.313,0.012,0.615,,True,False
14:49:28,Baseline,Deep_Learning,1.77,148.16,,,,0.0,False,False
14:49:28,Baseline,Heuristic,0.12,1.01,0.314,0.012,0.615,,True,False
14:49:28,Baseline,Deep_Learning,1.74,147.42,,,,0.0,False,False
14:49:28,Baseline,Heuristic,0.12,1.01,0.314,0.012,0.615,,True,False
14:49:28,Baseline,Deep_Learning,1.64,146.98,,,,0.0,False,False
14:49:28,Baseline,Heuristic,0.12,1.01,0.315,0.012,0.615,,True,False
14:49:28,Baseline,Deep_Learning,1.69,145.31,,,,0.004,False,False
14:49:28,Baseline,Heuristic,0.1,1.01,0.315,0.012,0.615,,True,False
14:49:28,Baseline,Deep_Learning,1.6,143.51,,,,0.031,False,False
14:49:28,Baseline,Heuristic,0.1,1.01,0.314,0.012,0.615,,True,False
14:49:28,Baseline,Deep_Learning,1.53,141.74,,,,0.984,True,False
14:49:29,Baseline,Heuristic,0.1,1.01,0.313,0.012,0.615,,True,False
14:49:29,Baseline,Deep_Learning,1.57,139.03,,,,0.996,True,False
14:49:29,Baseline,Heuristic,0.11,1.01,0.312,0.012,0.615,,True,False
14:49:29,Baseline,Deep_Learning,1.56,138.12,,,,0.996,True,False
14:49:29,Baseline,Heuristic,0.1,1.01,0.311,0.011,0.615,,True,False
14:49:29,Baseline,Deep_Learning,1.53,137.02,,,,0.996,True,False
14:49:29,Baseline,Heuristic,0.11,1.01,0.31,0.011,0.615,,True,False
14:49:29,Baseline,Deep_Learning,1.62,135.96,,,,0.992,True,False
14:49:29,Baseline,Heuristic,0.11,1.01,0.31,0.011,0.615,,True,False
14:49:29,Baseline,Deep_Learning,1.6,134.32,,,,0.992,True,False
14:49:29,Baseline,Heuristic,0.1,1.01,0.31,0.011,0.615,,True,False
14:49:29,Baseline,Deep_Learning,1.59,134.51,,,,0.996,True,False
14:49:29,Baseline,Heuristic,0.1,1.01,0.309,0.011,0.615,,True,False
14:49:29,Baseline,Deep_Learning,1.56,133.29,,,,0.996,True,False
14:49:29,Baseline,Heuristic,0.11,1.01,0.309,0.011,0.615,,True,False
14:49:29,Baseline,Deep_Learning,1.64,133.43,,,,0.996,True,False
14:49:29,Baseline,Heuristic,0.11,1.01,0.31,0.011,0.615,,True,False
14:49:29,Baseline,Deep_Learning,1.54,131.4,,,,0.996,True,False
14:49:29,Baseline,Heuristic,0.11,1.01,0.31,0.01,0.615,,True,False
14:49:29,Baseline,Deep_Learning,1.54,131.26,,,,0.996,True,False
14:49:29,Baseline,Heuristic,0.1,1.01,0.31,0.01,0.615,,True,False
14:49:29,Baseline,Deep_Learning,1.59,130.88,,,,0.996,True,False
14:49:29,Baseline,Heuristic,0.11,1.01,0.31,0.01,0.615,,True,False
14:49:29,Baseline,Deep_Learning,1.66,130.11,,,,0.0,False,False
14:49:29,Baseline,Heuristic,0.14,1.01,0.31,0.01,0.615,,True,False
14:49:29,Baseline,Deep_Learning,1.67,130.12,,,,0.0,False,False
14:49:29,Baseline,Heuristic,0.11,1.01,0.31,0.01,0.615,,True,False
14:49:29,Baseline,Deep_Learning,1.64,129.93,,,,0.0,False,False
14:49:29,Baseline,Heuristic,0.1,1.01,0.31,0.009,0.615,,True,False
14:49:29,Baseline,Deep_Learning,1.65,130.73,,,,0.0,False,False
14:49:30,Baseline,Heuristic,0.11,1.01,0.31,0.009,0.615,,True,False
14:49:30,Baseline,Deep_Learning,1.65,132.33,,,,0.0,False,False
14:49:30,Baseline,Heuristic,0.11,1.01,0.311,0.009,0.615,,True,False
14:49:30,Baseline,Deep_Learning,1.61,133.5,,,,0.0,False,False
14:49:30,Baseline,Heuristic,0.1,1.01,0.311,0.009,0.615,,True,False
14:49:30,Baseline,Deep_Learning,1.63,133.77,,,,0.0,False,False
14:49:30,Baseline,Heuristic,0.1,1.01,0.311,0.009,0.615,,True,False
14:49:30,Baseline,Deep_Learning,1.71,135.86,,,,0.0,False,False
14:49:30,Baseline,Heuristic,0.1,1.01,0.312,0.009,0.615,,True,False
14:49:30,Baseline,Deep_Learning,1.6,136.71,,,,0.0,False,False
14:49:30,Baseline,Heuristic,0.12,1.01,0.312,0.008,0.615,,True,False
14:49:30,Baseline,Deep_Learning,1.62,138.2,,,,0.0,False,False
14:49:30,Baseline,Heuristic,0.11,1.01,0.313,0.008,0.615,,True,False
14:49:30,Baseline,Deep_Learning,1.72,139.96,,,,0.0,False,False
14:49:30,Baseline,Heuristic,0.11,1.01,0.313,0.008,0.615,,True,False
14:49:30,Baseline,Deep_Learning,1.63,142.19,,,,0.0,False,False
14:49:30,Baseline,Heuristic,0.12,1.01,0.314,0.008,0.615,,True,False
14:49:30,Baseline,Deep_Learning,1.74,144.96,,,,0.0,False,False
14:49:30,Baseline,Heuristic,0.1,1.01,0.314,0.008,0.615,,True,False
14:49:30,Baseline,Deep_Learning,1.67,146.39,,,,0.0,False,False
14:49:30,Baseline,Heuristic,0.1,1.01,0.314,0.008,0.615,,True,False
14:49:30,Baseline,Deep_Learning,1.62,149.44,,,,0.0,False,False
14:49:30,Baseline,Heuristic,0.11,1.01,0.315,0.008,0.615,,True,False
14:49:30,Baseline,Deep_Learning,1.57,150.16,,,,0.0,False,False
14:49:30,Baseline,Heuristic,0.11,1.01,0.315,0.007,0.615,,True,False
14:49:30,Baseline,Deep_Learning,1.7,150.9,,,,0.0,False,False
14:49:30,Baseline,Heuristic,0.12,1.01,0.315,0.007,0.615,,True,False
14:49:30,Baseline,Deep_Learning,1.75,150.64,,,,0.0,False,False
14:49:31,Baseline,Heuristic,0.11,1.01,0.316,0.007,0.615,,True,False
14:49:31,Baseline,Deep_Learning,1.67,150.88,,,,0.0,False,False
14:49:31,Baseline,Heuristic,0.1,1.01,0.316,0.007,0.615,,True,False
14:49:31,Baseline,Deep_Learning,1.55,152.12,,,,0.0,False,False
14:49:31,Baseline,Heuristic,0.11,1.01,0.316,0.007,0.615,,True,False
14:49:31,Baseline,Deep_Learning,1.67,151.6,,,,0.0,False,False
14:49:31,Baseline,Heuristic,0.12,1.01,0.317,0.007,0.615,,True,False
14:49:31,Baseline,Deep_Learning,1.72,152.12,,,,0.0,False,False
14:49:31,Baseline,Heuristic,0.11,1.01,0.317,0.007,0.615,,True,False
14:49:31,Baseline,Deep_Learning,1.61,152.09,,,,0.0,False,False
14:49:31,Baseline,Heuristic,0.11,1.01,0.317,0.007,0.615,,True,False
14:49:31,Baseline,Deep_Learning,1.67,152.09,,,,0.0,False,False
14:49:31,Baseline,Heuristic,0.11,1.01,0.317,0.007,0.615,,True,False
14:49:31,Baseline,Deep_Learning,1.61,152.09,,,,0.0,False,False
14:49:31,Baseline,Heuristic,0.1,1.01,0.317,0.007,0.615,,True,False
14:49:31,Baseline,Deep_Learning,1.63,152.62,,,,0.0,False,False
14:49:31,Baseline,Heuristic,0.11,1.01,0.317,0.007,0.615,,True,False
14:49:31,Baseline,Deep_Learning,1.63,152.36,,,,0.0,False,False
14:49:31,Baseline,Heuristic,0.1,1.01,0.317,0.006,0.615,,True,False
14:49:31,Baseline,Deep_Learning,1.55,152.62,,,,0.0,False,False
14:49:31,Baseline,Heuristic,0.11,1.01,0.318,0.006,0.615,,True,False
14:49:31,Baseline,Deep_Learning,1.66,152.36,,,,0.0,False,False
14:49:31,Baseline,Heuristic,0.11,1.01,0.318,0.006,0.615,,True,False
14:49:31,Baseline,Deep_Learning,1.54,152.36,,,,0.0,False,False
14:49:31,Baseline,Heuristic,0.1,1.01,0.318,0.006,0.615,,True,False
14:49:31,Baseline,Deep_Learning,1.89,152.12,,,,0.0,False,False
14:49:31,Baseline,Heuristic,0.11,1.01,0.318,0.006,0.615,,True,False
14:49:31,Baseline,Deep_Learning,1.55,152.15,,,,0.0,False,False
14:49:31,Baseline,Heuristic,0.11,1.01,0.317,0.006,0.615,,True,False
14:49:31,Baseline,Deep_Learning,1.73,151.89,,,,0.0,False,False
14:49:32,Baseline,Heuristic,0.1,1.01,0.316,0.006,0.615,,True,False
14:49:32,Baseline,Deep_Learning,1.57,151.63,,,,0.0,False,False
14:49:32,Baseline,Heuristic,0.15,1.01,0.315,0.006,0.615,,True,False
14:49:32,Baseline,Deep_Learning,1.59,151.37,,,,0.0,False,False
14:49:32,Baseline,Heuristic,0.12,1.01,0.314,0.006,0.615,,True,False
14:49:32,Baseline,Deep_Learning,1.69,151.63,,,,0.0,False,False
14:49:32,Baseline,Heuristic,0.11,1.01,0.313,0.006,0.615,,True,False
14:49:32,Baseline,Deep_Learning,1.7,151.11,,,,0.0,False,False
14:49:32,Baseline,Heuristic,0.12,1.01,0.312,0.006,0.615,,True,False
14:49:32,Baseline,Deep_Learning,1.62,151.11,,,,0.0,False,False
14:49:32,Baseline,Heuristic,0.12,1.01,0.312,0.006,0.615,,True,False
14:49:32,Baseline,Deep_Learning,1.64,151.37,,,,0.0,False,False
14:49:32,Baseline,Heuristic,0.11,1.01,0.312,0.006,0.615,,True,False
14:49:32,Baseline,Deep_Learning,1.61,151.37,,,,0.0,False,False
14:49:32,Baseline,Heuristic,0.12,1.01,0.312,0.005,0.615,,True,False
14:49:32,Baseline,Deep_Learning,1.72,151.11,,,,0.0,False,False
14:49:32,Baseline,Heuristic,0.1,1.01,0.311,0.005,0.615,,True,False
14:49:32,Baseline,Deep_Learning,1.59,150.61,,,,0.0,False,False
14:49:32,Baseline,Heuristic,0.11,1.01,0.311,0.005,0.615,,True,False
14:49:32,Baseline,Deep_Learning,1.71,150.88,,,,0.0,False,False
14:49:32,Baseline,Heuristic,0.13,1.01,0.311,0.005,0.615,,True,False
14:49:32,Baseline,Deep_Learning,1.65,150.88,,,,0.0,False,False
14:49:32,Baseline,Heuristic,0.1,1.01,0.311,0.005,0.615,,True,False
14:49:32,Baseline,Deep_Learning,1.65,150.64,,,,0.0,False,False
14:49:32,Baseline,Heuristic,0.11,1.01,0.311,0.005,0.615,,True,False
14:49:32,Baseline,Deep_Learning,2.15,150.64,,,,0.0,False,False
14:49:32,Baseline,Heuristic,0.11,1.01,0.311,0.005,0.615,,True,False
14:49:32,Baseline,Deep_Learning,1.74,150.64,,,,0.0,False,False
14:49:32,Baseline,Heuristic,0.12,1.01,0.311,0.005,0.615,,True,False
14:49:32,Baseline,Deep_Learning,1.59,150.88,,,,0.0,False,False
14:49:32,Baseline,Heuristic,0.1,1.01,0.311,0.005,0.615,,True,False
14:49:32,Baseline,Deep_Learning,1.58,150.88,,,,0.0,False,False
14:49:33,Baseline,Heuristic,0.11,1.01,0.311,0.005,0.615,,True,False
14:49:33,Baseline,Deep_Learning,1.59,150.88,,,,0.0,False,False
14:49:33,Baseline,Heuristic,0.11,1.01,0.31,0.005,0.615,,True,False
14:49:33,Baseline,Deep_Learning,1.64,150.64,,,,0.0,False,False
14:49:33,Baseline,Heuristic,0.11,1.01,0.308,0.005,0.615,,True,False
14:49:33,Baseline,Deep_Learning,1.62,150.9,,,,0.0,False,False
14:49:33,Baseline,Heuristic,0.11,1.01,0.306,0.005,0.615,,True,False
14:49:33,Baseline,Deep_Learning,1.63,150.64,,,,0.0,False,False
14:49:33,Baseline,Heuristic,0.12,1.01,0.305,0.005,0.615,,True,False
14:49:33,Baseline,Deep_Learning,1.7,150.61,,,,0.0,False,False
14:49:33,Baseline,Heuristic,0.12,1.01,0.304,0.005,0.615,,True,False
14:49:33,Baseline,Deep_Learning,1.67,150.61,,,,0.0,False,False
14:49:33,Baseline,Heuristic,0.11,1.01,0.303,0.005,0.615,,True,False
14:49:33,Baseline,Deep_Learning,1.59,150.61,,,,0.0,False,False
14:49:33,Baseline,Heuristic,0.11,1.01,0.303,0.004,0.615,,True,False
14:49:33,Baseline,Deep_Learning,1.61,150.61,,,,0.0,False,False
14:49:33,Baseline,Heuristic,0.12,1.01,0.303,0.004,0.615,,True,False
14:49:33,Baseline,Deep_Learning,1.59,150.61,,,,0.0,False,False
14:49:33,Baseline,Heuristic,0.12,1.01,0.302,0.004,0.615,,True,False
14:49:33,Baseline,Deep_Learning,1.68,150.35,,,,0.0,False,False
14:49:33,Baseline,Heuristic,0.21,1.01,0.302,0.004,0.615,,True,False
14:49:33,Baseline,Deep_Learning,2.86,150.61,,,,0.0,False,False
14:49:33,Baseline,Heuristic,0.12,1.01,0.302,0.004,0.615,,True,False
14:49:33,Baseline,Deep_Learning,1.64,150.38,,,,0.0,False,False
14:49:33,Baseline,Heuristic,0.11,1.01,0.302,0.004,0.615,,True,False
14:49:33,Baseline,Deep_Learning,1.68,150.38,,,,0.0,False,False
14:49:33,Baseline,Heuristic,0.11,1.01,0.301,0.004,0.614,,True,False
14:49:33,Baseline,Deep_Learning,1.69,150.16,,,,0.0,False,False
14:49:33,Baseline,Heuristic,0.11,1.01,0.301,0.004,0.614,,True,False
14:49:33,Baseline,Deep_Learning,1.57,150.41,,,,0.0,False,False
14:49:34,Baseline,Heuristic,0.11,1.01,0.3,0.004,0.613,,True,False
14:49:34,Baseline,Deep_Learning,1.62,150.41,,,,0.0,False,False
14:49:34,Baseline,Heuristic,0.1,1.01,0.299,0.004,0.612,,True,False
14:49:34,Baseline,Deep_Learning,1.65,150.41,,,,0.0,False,False
14:49:34,Baseline,Heuristic,0.1,1.01,0.298,0.004,0.611,,True,False
14:49:34,Baseline,Deep_Learning,1.64,150.64,,,,0.0,False,False
14:49:34,Baseline,Heuristic,0.1,1.01,0.297,0.004,0.609,,True,False
14:49:34,Baseline,Deep_Learning,1.59,150.9,,,,0.0,False,False
14:49:34,Baseline,Heuristic,0.1,1.01,0.296,0.004,0.608,,True,False
14:49:34,Baseline,Deep_Learning,1.61,150.88,,,,0.0,False,False
14:49:34,Baseline,Heuristic,0.1,1.01,0.296,0.004,0.608,,True,False
14:49:34,Baseline,Deep_Learning,1.9,150.61,,,,0.0,False,False
14:49:34,Baseline,Heuristic,0.12,1.01,0.296,0.004,0.606,,True,False
14:49:34,Baseline,Deep_Learning,1.74,150.61,,,,0.0,False,False
14:49:34,Baseline,Heuristic,0.1,1.01,0.295,0.004,0.605,,True,False
14:49:34,Baseline,Deep_Learning,1.56,150.88,,,,0.0,False,False
14:49:34,Baseline,Heuristic,0.11,1.01,0.295,0.004,0.604,,True,False
14:49:34,Baseline,Deep_Learning,1.69,150.88,,,,0.0,False,False
14:49:34,Baseline,Heuristic,0.11,1.01,0.296,0.004,0.603,,True,False
14:49:34,Baseline,Deep_Learning,1.68,151.11,,,,0.0,False,False
14:49:34,Baseline,Heuristic,0.11,1.01,0.296,0.004,0.602,,True,False
14:49:34,Baseline,Deep_Learning,1.6,151.11,,,,0.0,False,False
14:49:34,Baseline,Heuristic,0.11,1.01,0.296,0.004,0.6,,True,False
14:49:34,Baseline,Deep_Learning,1.64,150.61,,,,0.0,False,False
14:49:34,Baseline,Heuristic,0.1,1.01,0.297,0.004,0.599,,True,False
14:49:34,Baseline,Deep_Learning,1.69,150.38,,,,0.0,False,False
14:49:34,Baseline,Heuristic,0.11,1.01,0.297,0.004,0.598,,True,False
14:49:34,Baseline,Deep_Learning,1.63,150.12,,,,0.0,False,False
14:49:34,Baseline,Heuristic,0.1,1.01,0.297,0.004,0.597,,True,False
14:49:34,Baseline,Deep_Learning,1.62,150.38,,,,0.0,False,False
14:49:35,Baseline,Heuristic,0.11,1.01,0.298,0.003,0.596,,True,False
14:49:35,Baseline,Deep_Learning,1.67,150.38,,,,0.0,False,False
14:49:35,Baseline,Heuristic,0.11,1.01,0.298,0.003,0.594,,True,False
14:49:35,Baseline,Deep_Learning,1.67,150.38,,,,0.0,False,False
14:49:35,Baseline,Heuristic,0.11,1.01,0.298,0.003,0.594,,True,False
14:49:35,Baseline,Deep_Learning,1.8,150.16,,,,0.0,False,False
14:49:35,Baseline,Heuristic,0.12,1.01,0.299,0.003,0.593,,True,False
14:49:35,Baseline,Deep_Learning,1.6,149.9,,,,0.0,False,False
14:49:35,Baseline,Heuristic,0.1,1.01,0.299,0.003,0.592,,True,False
14:49:35,Baseline,Deep_Learning,1.59,149.9,,,,0.0,False,False
14:49:35,Baseline,Heuristic,0.1,1.01,0.299,0.003,0.591,,True,False
14:49:35,Baseline,Deep_Learning,1.59,149.9,,,,0.0,False,False
14:49:35,Baseline,Heuristic,0.11,1.01,0.299,0.003,0.589,,True,False
14:49:35,Baseline,Deep_Learning,1.68,150.12,,,,0.0,False,False
14:49:35,Baseline,Heuristic,0.1,1.01,0.3,0.003,0.588,,True,False
14:49:35,Baseline,Deep_Learning,1.64,150.16,,,,0.0,False,False
14:49:35,Baseline,Heuristic,0.1,1.01,0.3,0.003,0.587,,True,False
14:49:35,Baseline,Deep_Learning,1.7,150.41,,,,0.0,False,False
14:49:35,Baseline,Heuristic,0.11,1.01,0.3,0.003,0.586,,True,False
14:49:35,Baseline,Deep_Learning,1.62,150.88,,,,0.0,False,False
14:49:35,Baseline,Heuristic,0.11,1.01,0.3,0.003,0.584,,True,False
14:49:35,Baseline,Deep_Learning,1.6,150.64,,,,0.0,False,False
14:49:35,Baseline,Heuristic,0.1,1.01,0.301,0.003,0.583,,True,False
14:49:35,Baseline,Deep_Learning,1.65,150.12,,,,0.0,False,False
14:49:35,Baseline,Heuristic,0.11,1.01,0.301,0.003,0.582,,True,False
14:49:35,Baseline,Deep_Learning,1.77,150.67,,,,0.0,False,False
14:49:35,Baseline,Heuristic,0.1,1.01,0.3,0.003,0.581,,True,False
14:49:35,Baseline,Deep_Learning,1.67,150.67,,,,0.0,False,False
14:49:35,Baseline,Heuristic,0.11,1.01,0.299,0.003,0.58,,True,False
14:49:35,Baseline,Deep_Learning,1.67,150.9,,,,0.0,False,False
14:49:36,Baseline,Heuristic,0.12,1.01,0.297,0.003,0.578,,True,False
14:49:36,Baseline,Deep_Learning,1.7,150.41,,,,0.0,False,False
14:49:36,Baseline,Heuristic,0.11,1.01,0.297,0.003,0.578,,True,False
14:49:36,Baseline,Deep_Learning,1.65,150.64,,,,0.0,False,False
14:49:36,Baseline,Heuristic,0.1,1.01,0.296,0.003,0.577,,True,False
14:49:36,Baseline,Deep_Learning,1.55,150.9,,,,0.0,False,False
14:49:36,Baseline,Heuristic,0.11,1.01,0.296,0.003,0.576,,True,False
14:49:36,Baseline,Deep_Learning,1.62,150.64,,,,0.0,False,False
14:49:36,Baseline,Heuristic,0.11,1.01,0.296,0.003,0.574,,True,False
14:49:36,Baseline,Deep_Learning,1.54,150.61,,,,0.0,False,False
14:49:36,Baseline,Heuristic,0.11,1.01,0.296,0.003,0.574,,True,False
14:49:36,Baseline,Deep_Learning,1.57,150.61,,,,0.0,False,False
14:49:36,Baseline,Heuristic,0.11,1.01,0.296,0.003,0.573,,True,False
14:49:36,Baseline,Deep_Learning,1.62,150.84,,,,0.0,False,False
14:49:36,Baseline,Heuristic,0.11,1.01,0.296,0.003,0.571,,True,False
14:49:36,Baseline,Deep_Learning,1.7,150.88,,,,0.0,False,False
14:49:36,Baseline,Heuristic,0.1,1.01,0.296,0.003,0.57,,True,False
14:49:36,Baseline,Deep_Learning,1.55,150.61,,,,0.0,False,False
14:49:36,Baseline,Heuristic,0.11,1.01,0.297,0.003,0.569,,True,False
14:49:36,Baseline,Deep_Learning,1.64,150.58,,,,0.0,False,False
14:49:36,Baseline,Heuristic,0.11,1.01,0.297,0.003,0.568,,True,False
14:49:36,Baseline,Deep_Learning,1.54,150.61,,,,0.0,False,False
14:49:36,Baseline,Heuristic,0.11,1.01,0.298,0.003,0.567,,True,False
14:49:36,Baseline,Deep_Learning,1.57,150.61,,,,0.0,False,False
14:49:36,Baseline,Heuristic,0.11,1.01,0.299,0.003,0.566,,True,False
14:49:36,Baseline,Deep_Learning,1.56,150.61,,,,0.0,False,False
14:49:36,Baseline,Heuristic,0.1,1.01,0.299,0.003,0.564,,True,False
14:49:36,Baseline,Deep_Learning,1.6,150.64,,,,0.0,False,False
14:49:36,Baseline,Heuristic,0.11,1.01,0.3,0.003,0.563,,True,False
14:49:36,Baseline,Deep_Learning,1.59,150.41,,,,0.0,False,False
14:49:37,Baseline,Heuristic,0.1,1.01,0.3,0.003,0.562,,True,False
14:49:37,Baseline,Deep_Learning,1.71,150.41,,,,0.0,False,False
14:49:37,Baseline,Heuristic,0.11,1.01,0.299,0.003,0.561,,True,False
14:49:37,Baseline,Deep_Learning,1.57,150.41,,,,0.0,False,False
14:49:37,Baseline,Heuristic,0.1,1.01,0.299,0.003,0.56,,True,False
14:49:37,Baseline,Deep_Learning,1.62,150.41,,,,0.0,False,False
14:49:37,Baseline,Heuristic,0.11,1.01,0.299,0.003,0.559,,True,False
14:49:37,Baseline,Deep_Learning,1.64,150.41,,,,0.0,False,False
14:49:37,Baseline,Heuristic,0.13,1.01,0.298,0.003,0.558,,True,False
14:49:37,Baseline,Deep_Learning,1.58,150.41,,,,0.0,False,False
14:49:37,Baseline,Heuristic,0.11,1.01,0.298,0.003,0.557,,True,False
14:49:37,Baseline,Deep_Learning,1.66,150.38,,,,0.0,False,False
14:49:37,Baseline,Heuristic,0.1,1.01,0.298,0.003,0.557,,True,False
14:49:37,Baseline,Deep_Learning,1.63,150.16,,,,0.0,False,False
14:49:37,Baseline,Heuristic,0.11,1.01,0.298,0.003,0.556,,True,False
14:49:37,Baseline,Deep_Learning,1.84,150.16,,,,0.0,False,False
14:49:37,Baseline,Heuristic,0.1,1.01,0.298,0.003,0.554,,True,False
14:49:37,Baseline,Deep_Learning,1.59,150.41,,,,0.0,False,False
14:49:37,Baseline,Heuristic,0.11,1.01,0.298,0.003,0.553,,True,False
14:49:37,Baseline,Deep_Learning,1.63,150.38,,,,0.0,False,False
14:49:37,Baseline,Heuristic,0.11,1.01,0.299,0.003,0.552,,True,False
14:49:37,Baseline,Deep_Learning,1.59,150.64,,,,0.0,False,False
14:49:37,Baseline,Heuristic,0.11,1.01,0.299,0.003,0.551,,True,False
14:49:37,Baseline,Deep_Learning,1.58,150.12,,,,0.0,False,False
14:49:37,Baseline,Heuristic,0.1,1.01,0.299,0.002,0.549,,True,False
14:49:37,Baseline,Deep_Learning,1.71,150.09,,,,0.0,False,False
14:49:37,Baseline,Heuristic,0.11,1.01,0.299,0.002,0.548,,True,False
14:49:37,Baseline,Deep_Learning,1.63,149.93,,,,0.0,False,False
14:49:37,Baseline,Heuristic,0.11,1.01,0.299,0.002,0.547,,True,False
14:49:37,Baseline,Deep_Learning,1.7,149.9,,,,0.0,False,False
14:49:37,Baseline,Heuristic,0.11,1.01,0.299,0.002,0.547,,True,False
14:49:37,Baseline,Deep_Learning,1.69,149.44,,,,0.0,False,False
14:49:38,Baseline,Heuristic,0.11,1.01,0.298,0.002,0.546,,True,False
14:49:38,Baseline,Deep_Learning,1.61,149.41,,,,0.0,False,False
14:49:38,Baseline,Heuristic,0.1,1.01,0.297,0.002,0.544,,True,False
14:49:38,Baseline,Deep_Learning,1.61,149.44,,,,0.0,False,False
14:49:38,Baseline,Heuristic,0.11,1.01,0.296,0.002,0.543,,True,False
14:49:38,Baseline,Deep_Learning,1.65,149.44,,,,0.0,False,False
14:49:38,Baseline,Heuristic,0.11,1.01,0.296,0.002,0.542,,True,False
14:49:38,Baseline,Deep_Learning,1.67,149.93,,,,0.0,False,False
14:49:38,Baseline,Heuristic,0.14,1.01,0.295,0.002,0.541,,True,False
14:49:38,Baseline,Deep_Learning,1.58,149.7,,,,0.0,False,False
14:49:38,Baseline,Heuristic,0.14,1.01,0.295,0.002,0.54,,True,False
14:49:38,Baseline,Deep_Learning,1.96,149.93,,,,0.0,False,False
14:49:38,Baseline,Heuristic,0.11,1.01,0.294,0.002,0.538,,True,False
14:49:38,Baseline,Deep_Learning,1.69,149.93,,,,0.0,False,False
14:49:38,Baseline,Heuristic,0.12,1.01,0.294,0.002,0.537,,True,False
14:49:38,Baseline,Deep_Learning,1.59,149.44,,,,0.0,False,False
14:49:38,Baseline,Heuristic,0.12,1.01,0.294,0.002,0.536,,True,False
14:49:38,Baseline,Deep_Learning,1.68,149.44,,,,0.0,False,False
14:49:38,Baseline,Heuristic,0.12,1.01,0.294,0.002,0.535,,True,False
14:49:38,Baseline,Deep_Learning,1.65,149.44,,,,0.0,False,False
14:49:38,Baseline,Heuristic,0.1,1.01,0.294,0.002,0.534,,True,False
14:49:38,Baseline,Deep_Learning,1.6,149.44,,,,0.0,False,False
14:49:38,Baseline,Heuristic,0.1,1.01,0.294,0.002,0.534,,True,False
14:49:38,Baseline,Deep_Learning,1.6,149.93,,,,0.0,False,False
14:49:38,Baseline,Heuristic,0.1,1.01,0.294,0.002,0.534,,True,False
14:49:38,Baseline,Deep_Learning,1.64,149.67,,,,0.0,False,False
14:49:38,Baseline,Heuristic,0.1,1.01,0.294,0.002,0.534,,True,False
14:49:38,Baseline,Deep_Learning,1.61,150.44,,,,0.0,False,False
14:49:39,Baseline,Heuristic,0.11,1.01,0.295,0.002,0.534,,True,False
14:49:39,Baseline,Deep_Learning,1.6,150.93,,,,0.0,False,False
14:49:39,Baseline,Heuristic,0.1,1.01,0.295,0.002,0.534,,True,False
14:49:39,Baseline,Deep_Learning,1.64,151.6,,,,0.0,False,False
14:49:39,Baseline,Heuristic,0.11,1.01,0.295,0.002,0.534,,True,False
14:49:39,Baseline,Deep_Learning,1.68,150.35,,,,0.047,False,False
14:49:39,Baseline,Heuristic,0.11,1.01,0.294,0.002,0.534,,True,False
14:49:39,Baseline,Deep_Learning,1.65,149.7,,,,0.0,False,False
14:49:39,Baseline,Heuristic,0.11,1.01,0.292,0.002,0.534,,True,False
14:49:39,Baseline,Deep_Learning,1.62,148.07,,,,0.996,True,False
14:49:39,Baseline,Heuristic,0.12,1.01,0.291,0.002,0.534,,True,False
14:49:39,Baseline,Deep_Learning,1.72,147.82,,,,0.996,True,False
14:49:39,Baseline,Heuristic,0.1,1.01,0.288,0.002,0.534,,True,False
14:49:39,Baseline,Deep_Learning,1.64,147.34,,,,0.996,True,False
14:49:39,Baseline,Heuristic,0.1,1.01,0.287,0.002,0.534,,True,False
14:49:39,Baseline,Deep_Learning,1.61,147.93,,,,0.996,True,False
14:49:39,Baseline,Heuristic,0.11,1.01,0.286,0.002,0.534,,True,False
14:49:39,Baseline,Deep_Learning,1.78,148.79,,,,0.996,True,False
14:49:39,Baseline,Heuristic,0.12,1.01,0.285,0.002,0.534,,True,False
14:49:39,Baseline,Deep_Learning,1.78,149.98,,,,0.996,True,False
14:49:39,Baseline,Heuristic,0.1,1.01,0.285,0.002,0.534,,True,False
14:49:39,Baseline,Deep_Learning,1.65,149.76,,,,0.996,True,False
14:49:39,Baseline,Heuristic,0.12,1.01,0.284,0.002,0.534,,True,False
14:49:39,Baseline,Deep_Learning,1.67,149.09,,,,0.996,True,False
14:49:39,Baseline,Heuristic,0.11,1.01,0.284,0.002,0.534,,True,False
14:49:39,Baseline,Deep_Learning,1.72,148.38,,,,0.996,True,False
14:49:39,Baseline,Heuristic,0.12,1.01,0.284,0.002,0.534,,True,False
14:49:39,Baseline,Deep_Learning,1.6,148.38,,,,0.0,False,False
14:49:40,Baseline,Heuristic,0.11,1.01,0.285,0.002,0.532,,True,False
14:49:40,Baseline,Deep_Learning,1.65,148.64,,,,0.0,False,False
14:49:40,Baseline,Heuristic,0.11,1.01,0.285,0.002,0.531,,True,False
14:49:40,Baseline,Deep_Learning,1.68,147.77,,,,0.0,False,False
14:49:40,Baseline,Heuristic,0.11,1.01,0.284,0.002,0.53,,True,False
14:49:40,Baseline,Deep_Learning,1.7,147.61,,,,0.0,False,False
14:49:40,Baseline,Heuristic,0.11,1.01,0.285,0.002,0.529,,True,False
14:49:40,Baseline,Deep_Learning,1.63,149.19,,,,0.0,False,False
14:49:40,Baseline,Heuristic,0.11,1.01,0.285,0.002,0.528,,True,False
14:49:40,Baseline,Deep_Learning,1.63,149.23,,,,0.047,False,False
14:49:40,Baseline,Heuristic,0.1,1.01,0.285,0.002,0.527,,True,False
14:49:40,Baseline,Deep_Learning,1.65,150.51,,,,0.996,True,False
14:49:40,Baseline,Heuristic,0.11,1.01,0.284,0.002,0.526,,True,False
14:49:40,Baseline,Deep_Learning,1.62,150.21,,,,0.996,True,False
14:49:40,Baseline,Heuristic,0.1,1.01,0.284,0.002,0.525,,True,False
14:49:40,Baseline,Deep_Learning,1.84,149.98,,,,0.996,True,False
14:49:40,Baseline,Heuristic,0.11,1.01,0.283,0.002,0.524,,True,False
14:49:40,Baseline,Deep_Learning,1.61,149.35,,,,0.0,False,False
14:49:40,Baseline,Heuristic,0.1,1.01,0.282,0.002,0.523,,True,False
14:49:40,Baseline,Deep_Learning,1.7,146.14,,,,0.0,False,False
14:49:40,Baseline,Heuristic,0.1,1.01,0.282,0.003,0.521,,True,False
14:49:40,Baseline,Deep_Learning,1.64,144.76,,,,0.0,False,False
14:49:40,Baseline,Heuristic,0.11,1.01,0.282,0.003,0.52,,True,False
14:49:40,Baseline,Deep_Learning,1.71,145.0,,,,0.0,False,False
14:49:40,Baseline,Heuristic,0.11,1.01,0.282,0.003,0.519,,True,False
14:49:40,Baseline,Deep_Learning,1.72,145.47,,,,0.0,False,False
14:49:40,Baseline,Heuristic,0.11,1.01,0.283,0.003,0.518,,True,False
14:49:40,Baseline,Deep_Learning,1.67,146.64,,,,0.0,False,False
14:49:41,Baseline,Heuristic,0.11,1.01,0.283,0.003,0.517,,True,False
14:49:41,Baseline,Deep_Learning,1.6,147.13,,,,0.0,False,False
14:49:41,Baseline,Heuristic,0.11,1.01,0.284,0.003,0.516,,True,False
14:49:41,Baseline,Deep_Learning,1.61,147.36,,,,0.0,False,False
14:49:41,Baseline,Heuristic,0.12,1.01,0.284,0.003,0.514,,True,False
14:49:41,Baseline,Deep_Learning,1.75,148.53,,,,0.0,False,False
14:49:41,Baseline,Heuristic,0.11,1.01,0.285,0.002,0.513,,True,False
14:49:41,Baseline,Deep_Learning,1.71,148.98,,,,0.0,False,False
14:49:41,Baseline,Heuristic,0.11,1.01,0.286,0.002,0.512,,True,False
14:49:41,Baseline,Deep_Learning,1.64,148.75,,,,0.0,False,False
14:49:41,Baseline,Heuristic,0.11,1.01,0.287,0.002,0.511,,True,False
14:49:41,Baseline,Deep_Learning,1.62,148.75,,,,0.0,False,False
14:49:41,Baseline,Heuristic,0.11,1.01,0.288,0.002,0.51,,True,False
14:49:41,Baseline,Deep_Learning,1.61,148.5,,,,0.0,False,False
14:49:41,Baseline,Heuristic,0.1,1.01,0.288,0.002,0.509,,True,False
14:49:41,Baseline,Deep_Learning,1.61,148.25,,,,0.0,False,False
14:49:41,Baseline,Heuristic,0.1,1.01,0.288,0.002,0.508,,True,False
14:49:41,Baseline,Deep_Learning,1.64,148.5,,,,0.0,False,False
14:49:41,Baseline,Heuristic,0.11,1.01,0.288,0.002,0.507,,True,False
14:49:41,Baseline,Deep_Learning,1.62,148.5,,,,0.0,False,False
14:49:41,Baseline,Heuristic,0.11,1.01,0.288,0.002,0.506,,True,False
14:49:41,Baseline,Deep_Learning,1.66,149.95,,,,0.0,False,False
14:49:41,Baseline,Heuristic,0.11,1.01,0.287,0.002,0.504,,True,False
14:49:41,Baseline,Deep_Learning,1.6,149.44,,,,0.0,False,False
14:49:41,Baseline,Heuristic,0.11,1.01,0.287,0.002,0.503,,True,False
14:49:41,Baseline,Deep_Learning,1.85,149.7,,,,0.0,False,False
14:49:41,Baseline,Heuristic,0.11,1.01,0.287,0.002,0.501,,True,False
14:49:41,Baseline,Deep_Learning,1.67,149.21,,,,0.0,False,False
14:49:42,Baseline,Heuristic,0.11,1.01,0.288,0.002,0.5,,True,False
14:49:42,Baseline,Deep_Learning,1.69,148.96,,,,0.0,False,False
14:49:42,Baseline,Heuristic,0.11,1.01,0.288,0.002,0.499,,True,False
14:49:42,Baseline,Deep_Learning,1.63,148.96,,,,0.0,False,False
14:49:42,Baseline,Heuristic,0.11,1.01,0.289,0.002,0.498,,True,False
14:49:42,Baseline,Deep_Learning,1.63,148.98,,,,0.0,False,False
14:49:42,Baseline,Heuristic,0.11,1.01,0.29,0.002,0.496,,True,False
14:49:42,Baseline,Deep_Learning,1.63,148.73,,,,0.0,False,False
14:49:42,Baseline,Heuristic,0.11,1.01,0.29,0.002,0.495,,True,False
14:49:42,Baseline,Deep_Learning,1.75,148.5,,,,0.0,False,False
14:49:42,Baseline,Heuristic,0.1,1.01,0.29,0.002,0.494,,True,False
14:49:42,Baseline,Deep_Learning,1.62,148.22,,,,0.0,False,False
14:49:42,Baseline,Heuristic,0.11,1.01,0.29,0.002,0.493,,True,False
14:49:42,Baseline,Deep_Learning,1.7,148.22,,,,0.0,False,False
14:49:42,Baseline,Heuristic,0.1,1.01,0.289,0.002,0.492,,True,False
14:49:42,Baseline,Deep_Learning,1.63,148.22,,,,0.0,False,False
14:49:42,Baseline,Heuristic,0.11,1.01,0.287,0.002,0.492,,True,False
14:49:42,Baseline,Deep_Learning,1.56,148.25,,,,0.0,False,False
14:49:42,Baseline,Heuristic,0.12,1.01,0.286,0.002,0.492,,True,False
14:49:42,Baseline,Deep_Learning,1.67,148.98,,,,0.0,False,False
14:49:42,Baseline,Heuristic,0.11,1.01,0.286,0.002,0.492,,True,False
14:49:42,Baseline,Deep_Learning,1.6,148.98,,,,0.0,False,False
14:49:42,Baseline,Heuristic,0.11,1.01,0.286,0.002,0.492,,True,False
14:49:42,Baseline,Deep_Learning,1.61,149.21,,,,0.0,False,False
14:49:42,Baseline,Heuristic,0.12,1.01,0.286,0.002,0.492,,True,False
14:49:42,Baseline,Deep_Learning,1.69,148.96,,,,0.0,False,False
14:49:42,Baseline,Heuristic,0.1,1.01,0.286,0.002,0.492,,True,False
14:49:42,Baseline,Deep_Learning,1.61,149.18,,,,0.0,False,False
14:49:42,Baseline,Heuristic,0.11,1.01,0.286,0.002,0.492,,True,False
14:49:42,Baseline,Deep_Learning,1.65,148.96,,,,0.0,False,False
14:49:43,Baseline,Heuristic,0.1,1.01,0.286,0.002,0.492,,True,False
14:49:43,Baseline,Deep_Learning,1.61,148.7,,,,0.0,False,False
14:49:43,Baseline,Heuristic,0.11,1.01,0.287,0.002,0.492,,True,False
14:49:43,Baseline,Deep_Learning,2.43,149.21,,,,0.0,False,False
14:49:43,Baseline,Heuristic,0.1,1.01,0.287,0.002,0.492,,True,False
14:49:43,Baseline,Deep_Learning,1.59,148.96,,,,0.0,False,False
14:49:43,Baseline,Heuristic,0.1,1.01,0.287,0.002,0.492,,True,False
14:49:43,Baseline,Deep_Learning,1.61,149.21,,,,0.0,False,False
14:49:43,Baseline,Heuristic,0.1,1.01,0.288,0.002,0.492,,True,False
14:49:43,Baseline,Deep_Learning,1.62,148.96,,,,0.0,False,False
14:49:43,Baseline,Heuristic,0.12,1.01,0.288,0.002,0.492,,True,False
14:49:43,Baseline,Deep_Learning,1.65,148.96,,,,0.0,False,False
14:49:43,Baseline,Heuristic,0.11,1.01,0.289,0.002,0.492,,True,False
14:49:43,Baseline,Deep_Learning,1.65,148.96,,,,0.0,False,False
14:49:43,Baseline,Heuristic,0.11,1.01,0.289,0.002,0.492,,True,False
14:49:43,Baseline,Deep_Learning,1.72,148.73,,,,0.0,False,False
14:49:43,Baseline,Heuristic,0.13,1.01,0.29,0.002,0.492,,True,False
14:49:43,Baseline,Deep_Learning,1.72,148.73,,,,0.0,False,False
14:49:43,Baseline,Heuristic,0.1,1.01,0.29,0.002,0.492,,True,False
14:49:43,Baseline,Deep_Learning,1.59,148.73,,,,0.0,False,False
14:49:43,Baseline,Heuristic,0.12,1.01,0.291,0.002,0.492,,True,False
14:49:43,Baseline,Deep_Learning,1.78,148.98,,,,0.0,False,False
14:49:43,Baseline,Heuristic,0.11,1.01,0.292,0.002,0.492,,True,False
14:49:43,Baseline,Deep_Learning,1.63,148.98,,,,0.0,False,False
14:49:43,Baseline,Heuristic,0.11,1.01,0.292,0.002,0.492,,True,False
14:49:43,Baseline,Deep_Learning,1.71,148.47,,,,0.0,False,False
14:49:43,Baseline,Heuristic,0.11,1.01,0.291,0.002,0.492,,True,False
14:49:43,Baseline,Deep_Learning,1.7,148.47,,,,0.0,False,False
14:49:43,Baseline,Heuristic,0.12,1.01,0.291,0.002,0.492,,True,False
14:49:43,Baseline,Deep_Learning,1.74,148.47,,,,0.0,False,False
14:49:44,Baseline,Heuristic,0.1,1.01,0.29,0.002,0.492,,True,False
14:49:44,Baseline,Deep_Learning,1.66,148.47,,,,0.0,False,False
14:49:44,Baseline,Heuristic,0.11,1.01,0.289,0.002,0.492,,True,False
14:49:44,Baseline,Deep_Learning,1.59,148.73,,,,0.0,False,False
14:49:44,Baseline,Heuristic,0.11,1.01,0.289,0.002,0.492,,True,False
14:49:44,Baseline,Deep_Learning,2.96,148.96,,,,0.0,False,False
14:49:44,Baseline,Heuristic,0.11,1.01,0.289,0.002,0.492,,True,False
14:49:44,Baseline,Deep_Learning,1.73,149.21,,,,0.0,False,False
14:49:44,Baseline,Heuristic,0.11,1.01,0.289,0.002,0.492,,True,False
14:49:44,Baseline,Deep_Learning,1.81,149.21,,,,0.0,False,False
14:49:44,Baseline,Heuristic,0.11,1.01,0.289,0.002,0.492,,True,False
14:49:44,Baseline,Deep_Learning,1.68,148.96,,,,0.0,False,False
14:49:44,Baseline,Heuristic,0.12,1.01,0.289,0.002,0.492,,True,False
14:49:44,Baseline,Deep_Learning,1.71,148.96,,,,0.0,False,False
14:49:44,Baseline,Heuristic,0.12,1.01,0.289,0.002,0.492,,True,False
14:49:44,Baseline,Deep_Learning,1.6,149.18,,,,0.0,False,False
14:49:44,Baseline,Heuristic,0.11,1.01,0.289,0.002,0.492,,True,False
14:49:44,Baseline,Deep_Learning,1.64,149.18,,,,0.0,False,False
14:49:44,Baseline,Heuristic,0.12,1.01,0.289,0.002,0.491,,True,False
14:49:44,Baseline,Deep_Learning,1.63,148.96,,,,0.0,False,False
14:49:44,Baseline,Heuristic,0.16,1.01,0.29,0.002,0.489,,True,False
14:49:44,Baseline,Deep_Learning,2.15,148.73,,,,0.0,False,False
14:49:44,Baseline,Heuristic,0.11,1.01,0.291,0.002,0.487,,True,False
14:49:44,Baseline,Deep_Learning,1.59,148.73,,,,0.0,False,False
14:49:44,Baseline,Heuristic,0.1,1.01,0.291,0.002,0.487,,True,False
14:49:44,Baseline,Deep_Learning,1.6,148.73,,,,0.0,False,False
14:49:44,Baseline,Heuristic,0.11,1.01,0.292,0.002,0.486,,True,False
14:49:44,Baseline,Deep_Learning,1.91,148.73,,,,0.0,False,False
14:49:44,Baseline,Heuristic,0.12,1.01,0.292,0.002,0.484,,True,False
14:49:44,Baseline,Deep_Learning,1.6,148.96,,,,0.0,False,False
14:49:45,Baseline,Heuristic,0.11,1.01,0.293,0.002,0.483,,True,False
14:49:45,Baseline,Deep_Learning,1.97,148.96,,,,0.0,False,False
14:49:45,Baseline,Heuristic,0.1,1.01,0.294,0.002,0.482,,True,False
14:49:45,Baseline,Deep_Learning,1.58,149.18,,,,0.0,False,False
14:49:45,Baseline,Heuristic,0.11,1.01,0.294,0.002,0.481,,True,False
14:49:45,Baseline,Deep_Learning,1.64,149.44,,,,0.0,False,False
14:49:45,Baseline,Heuristic,0.11,1.01,0.295,0.002,0.479,,True,False
14:49:45,Baseline,Deep_Learning,1.6,149.44,,,,0.0,False,False
14:49:45,Baseline,Heuristic,0.1,1.01,0.296,0.002,0.478,,True,False
14:49:45,Baseline,Deep_Learning,1.86,148.96,,,,0.0,False,False
14:49:45,Baseline,Heuristic,0.11,1.01,0.296,0.002,0.477,,True,False
14:49:45,Baseline,Deep_Learning,1.63,148.96,,,,0.0,False,False
14:49:45,Baseline,Heuristic,0.11,1.01,0.297,0.002,0.476,,True,False
14:49:45,Baseline,Deep_Learning,1.62,148.73,,,,0.0,False,False
14:49:45,Baseline,Heuristic,0.11,1.01,0.297,0.002,0.476,,True,False
14:49:45,Baseline,Deep_Learning,1.66,148.96,,,,0.0,False,False
14:49:45,Baseline,Heuristic,0.11,1.01,0.298,0.002,0.474,,True,False
14:49:45,Baseline,Deep_Learning,1.67,148.73,,,,0.0,False,False
14:49:45,Baseline,Heuristic,0.12,1.01,0.298,0.002,0.473,,True,False
14:49:45,Baseline,Deep_Learning,1.62,148.96,,,,0.0,False,False
14:49:45,Baseline,Heuristic,0.12,1.01,0.298,0.002,0.472,,True,False
14:49:45,Baseline,Deep_Learning,1.67,148.96,,,,0.0,False,False
14:49:45,Baseline,Heuristic,0.11,1.01,0.298,0.002,0.472,,True,False
14:49:45,Baseline,Deep_Learning,1.61,148.96,,,,0.0,False,False
14:49:45,Baseline,Heuristic,0.11,1.01,0.297,0.002,0.471,,True,False
14:49:45,Baseline,Deep_Learning,1.68,148.73,,,,0.0,False,False
14:49:45,Baseline,Heuristic,0.11,1.01,0.297,0.002,0.469,,True,False
14:49:45,Baseline,Deep_Learning,1.63,148.47,,,,0.0,False,False
14:49:45,Baseline,Heuristic,0.1,1.01,0.296,0.002,0.468,,True,False
14:49:45,Baseline,Deep_Learning,1.58,148.96,,,,0.0,False,False
14:49:45,Baseline,Heuristic,0.11,1.01,0.296,0.002,0.467,,True,False
14:49:45,Baseline,Deep_Learning,1.62,148.96,,,,0.0,False,False
14:49:46,Baseline,Heuristic,0.11,1.01,0.296,0.002,0.466,,True,False
14:49:46,Baseline,Deep_Learning,1.85,148.96,,,,0.0,False,False
14:49:46,Baseline,Heuristic,0.11,1.01,0.296,0.002,0.464,,True,False
14:49:46,Baseline,Deep_Learning,1.66,148.96,,,,0.0,False,False
14:49:46,Baseline,Heuristic,0.1,1.01,0.296,0.002,0.463,,True,False
14:49:46,Baseline,Deep_Learning,1.61,148.96,,,,0.0,False,False
14:49:46,Baseline,Heuristic,0.11,1.01,0.296,0.002,0.462,,True,False
14:49:46,Baseline,Deep_Learning,1.63,148.96,,,,0.0,False,False
14:49:46,Baseline,Heuristic,0.11,1.01,0.296,0.002,0.461,,True,False
14:49:46,Baseline,Deep_Learning,1.72,148.96,,,,0.0,False,False
14:49:46,Baseline,Heuristic,0.11,1.01,0.296,0.002,0.461,,True,False
14:49:46,Baseline,Deep_Learning,1.63,148.7,,,,0.0,False,False
14:49:46,Baseline,Heuristic,0.11,1.01,0.296,0.002,0.459,,True,False
14:49:46,Baseline,Deep_Learning,1.63,148.7,,,,0.0,False,False
14:49:46,Baseline,Heuristic,0.11,1.01,0.296,0.002,0.458,,True,False
14:49:46,Baseline,Deep_Learning,1.63,148.96,,,,0.0,False,False
14:49:46,Baseline,Heuristic,0.18,1.01,0.297,0.002,0.457,,True,False
14:49:46,Baseline,Deep_Learning,1.71,148.96,,,,0.0,False,False
14:49:46,Baseline,Heuristic,0.1,1.01,0.297,0.002,0.456,,True,False
14:49:46,Baseline,Deep_Learning,1.61,148.96,,,,0.0,False,False
14:49:46,Baseline,Heuristic,0.1,1.01,0.298,0.002,0.454,,True,False
14:49:46,Baseline,Deep_Learning,1.61,148.96,,,,0.0,False,False
14:49:46,Baseline,Heuristic,0.1,1.01,0.297,0.002,0.453,,True,False
14:49:46,Baseline,Deep_Learning,1.7,148.96,,,,0.0,False,False
14:49:46,Baseline,Heuristic,0.11,1.01,0.296,0.002,0.452,,True,False
14:49:46,Baseline,Deep_Learning,1.61,148.7,,,,0.0,False,False
14:49:46,Baseline,Heuristic,0.1,1.01,0.295,0.002,0.451,,True,False
14:49:46,Baseline,Deep_Learning,1.7,148.96,,,,0.0,False,False
14:49:47,Baseline,Heuristic,0.11,1.01,0.295,0.002,0.449,,True,False
14:49:47,Baseline,Deep_Learning,1.64,148.96,,,,0.0,False,False
14:49:47,Baseline,Heuristic,0.11,1.01,0.294,0.002,0.448,,True,False
14:49:47,Baseline,Deep_Learning,1.74,148.7,,,,0.0,False,False
14:49:47,Baseline,Heuristic,0.11,1.01,0.294,0.002,0.447,,True,False
14:49:47,Baseline,Deep_Learning,1.6,148.96,,,,0.0,False,False
14:49:47,Baseline,Heuristic,0.11,1.01,0.294,0.002,0.447,,True,False
14:49:47,Baseline,Deep_Learning,1.67,148.96,,,,0.0,False,False
14:49:47,Baseline,Heuristic,0.11,1.01,0.294,0.002,0.446,,True,False
14:49:47,Baseline,Deep_Learning,1.68,148.96,,,,0.0,False,False
14:49:47,Baseline,Heuristic,0.1,1.01,0.294,0.002,0.444,,True,False
14:49:47,Baseline,Deep_Learning,1.57,148.96,,,,0.0,False,False
14:49:47,Baseline,Heuristic,0.11,1.01,0.294,0.002,0.443,,True,False
14:49:47,Baseline,Deep_Learning,1.63,149.18,,,,0.0,False,False
14:49:47,Baseline,Heuristic,0.11,1.01,0.295,0.002,0.442,,True,False
14:49:47,Baseline,Deep_Learning,1.62,149.18,,,,0.0,False,False
14:49:47,Baseline,Heuristic,0.14,1.01,0.295,0.002,0.441,,True,False
14:49:47,Baseline,Deep_Learning,1.65,148.96,,,,0.0,False,False
14:49:47,Baseline,Heuristic,0.11,1.01,0.295,0.002,0.441,,True,False
14:49:47,Baseline,Deep_Learning,1.58,149.21,,,,0.0,False,False
14:49:47,Baseline,Heuristic,0.11,1.01,0.295,0.002,0.439,,True,False
14:49:47,Baseline,Deep_Learning,1.6,148.96,,,,0.0,False,False
14:49:47,Baseline,Heuristic,0.11,1.01,0.296,0.002,0.438,,True,False
14:49:47,Baseline,Deep_Learning,1.83,148.96,,,,0.0,False,False
14:49:47,Baseline,Heuristic,0.1,1.01,0.296,0.002,0.437,,True,False
14:49:47,Baseline,Deep_Learning,1.6,149.21,,,,0.0,False,False
14:49:47,Baseline,Heuristic,0.11,1.01,0.296,0.002,0.436,,True,False
14:49:47,Baseline,Deep_Learning,1.72,149.44,,,,0.0,False,False
14:49:47,Baseline,Heuristic,0.11,1.01,0.295,0.002,0.435,,True,False
14:49:47,Baseline,Deep_Learning,1.66,149.44,,,,0.0,False,False
14:49:47,Baseline,Heuristic,0.11,1.01,0.294,0.002,0.434,,True,False
14:49:47,Baseline,Deep_Learning,1.65,149.18,,,,0.0,False,False
14:49:47,Baseline,Heuristic,0.12,1.01,0.294,0.002,0.433,,True,False
14:49:47,Baseline,Deep_Learning,1.68,149.18,,,,0.0,False,False
14:49:48,Baseline,Heuristic,0.12,1.01,0.293,0.002,0.432,,True,False
14:49:48,Baseline,Deep_Learning,1.68,149.18,,,,0.0,False,False
14:49:48,Baseline,Heuristic,0.11,1.01,0.293,0.002,0.431,,True,False
14:49:48,Baseline,Deep_Learning,1.65,149.18,,,,0.0,False,False
14:49:48,Baseline,Heuristic,0.1,1.01,0.293,0.002,0.43,,True,False
14:49:48,Baseline,Deep_Learning,1.59,148.7,,,,0.0,False,False
14:49:48,Baseline,Heuristic,0.11,1.01,0.293,0.002,0.429,,True,False
14:49:48,Baseline,Deep_Learning,1.66,148.96,,,,0.0,False,False
14:49:48,Baseline,Heuristic,0.11,1.01,0.293,0.002,0.428,,True,False
14:49:48,Baseline,Deep_Learning,1.61,148.93,,,,0.0,False,False
14:49:48,Baseline,Heuristic,0.11,1.01,0.293,0.002,0.427,,True,False
14:49:48,Baseline,Deep_Learning,1.59,148.7,,,,0.0,False,False
14:49:48,Baseline,Heuristic,0.11,1.01,0.293,0.002,0.426,,True,False
14:49:48,Baseline,Deep_Learning,1.65,148.96,,,,0.0,False,False
14:49:48,Baseline,Heuristic,0.11,1.01,0.293,0.002,0.425,,True,False
14:49:48,Baseline,Deep_Learning,1.65,148.96,,,,0.0,False,False
14:49:48,Baseline,Heuristic,0.12,1.01,0.293,0.002,0.424,,True,False
14:49:48,Baseline,Deep_Learning,1.84,148.73,,,,0.0,False,False
14:49:48,Baseline,Heuristic,0.12,1.01,0.294,0.002,0.423,,True,False
14:49:48,Baseline,Deep_Learning,1.73,148.73,,,,0.0,False,False
14:49:48,Baseline,Heuristic,0.1,1.01,0.294,0.002,0.422,,True,False
14:49:48,Baseline,Deep_Learning,1.58,149.21,,,,0.0,False,False
14:49:48,Baseline,Heuristic,0.1,1.01,0.294,0.002,0.421,,True,False
14:49:48,Baseline,Deep_Learning,1.58,148.98,,,,0.0,False,False
14:49:48,Baseline,Heuristic,0.11,1.01,0.293,0.002,0.419,,True,False
14:49:48,Baseline,Deep_Learning,1.73,148.73,,,,0.0,False,False
14:49:48,Baseline,Heuristic,0.1,1.01,0.292,0.002,0.418,,True,False
14:49:48,Baseline,Deep_Learning,1.66,148.73,,,,0.0,False,False
14:49:48,Baseline,Heuristic,0.1,1.01,0.292,0.002,0.417,,True,False
14:49:48,Baseline,Deep_Learning,1.56,148.47,,,,0.0,False,False
14:49:49,Baseline,Heuristic,0.23,1.01,0.291,0.002,0.416,,True,False
14:49:49,Baseline,Deep_Learning,3.81,148.98,,,,0.0,False,False
14:49:49,Baseline,Heuristic,0.12,1.01,0.291,0.002,0.415,,True,False
14:49:49,Baseline,Deep_Learning,1.59,148.98,,,,0.0,False,False
14:49:49,Baseline,Heuristic,0.18,1.01,0.29,0.002,0.413,,True,False
14:49:49,Baseline,Deep_Learning,1.62,148.7,,,,0.0,False,False
14:49:49,Baseline,Heuristic,0.11,1.01,0.29,0.002,0.412,,True,False
14:49:49,Baseline,Deep_Learning,1.61,148.96,,,,0.0,False,False
14:49:49,Baseline,Heuristic,0.1,1.01,0.29,0.002,0.411,,True,False
14:49:49,Baseline,Deep_Learning,1.71,148.7,,,,0.0,False,False
14:49:49,Baseline,Heuristic,0.12,1.01,0.291,0.002,0.409,,True,False
14:49:49,Baseline,Deep_Learning,1.65,148.7,,,,0.0,False,False
14:49:49,Baseline,Heuristic,0.12,1.01,0.291,0.002,0.409,,True,False
14:49:49,Baseline,Deep_Learning,1.59,148.7,,,,0.0,False,False
14:49:49,Baseline,Heuristic,0.1,1.01,0.291,0.002,0.408,,True,False
14:49:49,Baseline,Deep_Learning,1.7,148.7,,,,0.0,False,False
14:49:49,Baseline,Heuristic,0.11,1.01,0.291,0.002,0.407,,True,False
14:49:49,Baseline,Deep_Learning,1.71,148.7,,,,0.0,False,False
14:49:49,Baseline,Heuristic,0.1,1.01,0.291,0.002,0.406,,True,False
14:49:49,Baseline,Deep_Learning,1.55,148.73,,,,0.0,False,False
14:49:49,Baseline,Heuristic,0.11,1.01,0.292,0.002,0.405,,True,False
14:49:49,Baseline,Deep_Learning,1.62,148.47,,,,0.0,False,False
14:49:49,Baseline,Heuristic,0.11,1.01,0.292,0.002,0.404,,True,False
14:49:49,Baseline,Deep_Learning,1.72,148.73,,,,0.0,False,False
14:49:49,Baseline,Heuristic,0.11,1.01,0.293,0.002,0.403,,True,False
14:49:49,Baseline,Deep_Learning,1.58,148.73,,,,0.0,False,False
14:49:49,Baseline,Heuristic,0.11,1.01,0.293,0.002,0.402,,True,False
14:49:49,Baseline,Deep_Learning,1.65,148.96,,,,0.0,False,False
14:49:49,Baseline,Heuristic,0.1,1.01,0.294,0.002,0.401,,True,False
14:49:49,Baseline,Deep_Learning,1.63,148.7,,,,0.0,False,False
14:49:49,Baseline,Heuristic,0.11,1.01,0.294,0.002,0.401,,True,False
14:49:49,Baseline,Deep_Learning,1.71,148.73,,,,0.0,False,False
14:49:50,Baseline,Heuristic,0.11,1.01,0.294,0.002,0.399,,True,False
14:49:50,Baseline,Deep_Learning,1.66,148.7,,,,0.0,False,False
14:49:50,Baseline,Heuristic,0.1,1.01,0.293,0.002,0.398,,True,False
14:49:50,Baseline,Deep_Learning,1.57,148.7,,,,0.0,False,False
14:49:50,Baseline,Heuristic,0.11,1.01,0.291,0.002,0.397,,True,False
14:49:50,Baseline,Deep_Learning,1.6,148.47,,,,0.0,False,False
14:49:50,Baseline,Heuristic,0.12,1.01,0.29,0.002,0.396,,True,False
14:49:50,Baseline,Deep_Learning,1.67,148.47,,,,0.0,False,False
14:49:50,Baseline,Heuristic,0.11,1.01,0.29,0.002,0.394,,True,False
14:49:50,Baseline,Deep_Learning,1.59,148.25,,,,0.0,False,False
14:49:50,Baseline,Heuristic,0.11,1.01,0.289,0.002,0.393,,True,False
14:49:50,Baseline,Deep_Learning,1.58,148.73,,,,0.0,False,False
14:49:50,Baseline,Heuristic,0.11,1.01,0.289,0.002,0.392,,True,False
14:49:50,Baseline,Deep_Learning,1.71,148.7,,,,0.0,False,False
14:49:50,Baseline,Heuristic,0.12,1.01,0.289,0.002,0.391,,True,False
14:49:50,Baseline,Deep_Learning,1.69,149.21,,,,0.0,False,False
14:49:50,Baseline,Heuristic,0.11,1.01,0.289,0.002,0.39,,True,False
14:49:50,Baseline,Deep_Learning,1.7,148.96,,,,0.0,False,False
14:49:50,Baseline,Heuristic,0.11,1.01,0.289,0.002,0.388,,True,False
14:49:50,Baseline,Deep_Learning,1.72,149.18,,,,0.0,False,False
14:49:50,Baseline,Heuristic,0.11,1.01,0.29,0.002,0.387,,True,False
14:49:50,Baseline,Deep_Learning,1.62,149.18,,,,0.0,False,False
14:49:50,Baseline,Heuristic,0.11,1.01,0.29,0.002,0.386,,True,False
14:49:50,Baseline,Deep_Learning,1.6,149.44,,,,0.0,False,False
14:49:50,Baseline,Heuristic,0.11,1.01,0.29,0.002,0.384,,True,False
14:49:50,Baseline,Deep_Learning,1.73,149.21,,,,0.0,False,False
14:49:50,Baseline,Heuristic,0.11,1.01,0.291,0.002,0.383,,True,False
14:49:50,Baseline,Deep_Learning,1.99,149.21,,,,0.0,False,False
14:49:51,Baseline,Heuristic,0.11,1.01,0.291,0.002,0.382,,True,False
14:49:51,Baseline,Deep_Learning,1.65,149.21,,,,0.0,False,False
14:49:51,Baseline,Heuristic,0.11,1.01,0.292,0.002,0.381,,True,False
14:49:51,Baseline,Deep_Learning,1.8,148.96,,,,0.0,False,False
14:49:51,Baseline,Heuristic,0.11,1.01,0.292,0.002,0.38,,True,False
14:49:51,Baseline,Deep_Learning,1.59,148.96,,,,0.0,False,False
14:49:51,Baseline,Heuristic,0.11,1.01,0.292,0.002,0.379,,True,False
14:49:51,Baseline,Deep_Learning,1.64,148.7,,,,0.0,False,False
14:49:51,Baseline,Heuristic,0.1,1.01,0.291,0.002,0.378,,True,False
14:49:51,Baseline,Deep_Learning,1.61,149.21,,,,0.0,False,False
14:49:51,Baseline,Heuristic,0.11,1.01,0.291,0.002,0.377,,True,False
14:49:51,Baseline,Deep_Learning,1.67,148.96,,,,0.0,False,False
14:49:51,Baseline,Heuristic,0.11,1.01,0.29,0.002,0.376,,True,False
14:49:51,Baseline,Deep_Learning,1.61,148.7,,,,0.0,False,False
14:49:51,Baseline,Heuristic,0.1,1.01,0.29,0.002,0.374,,True,False
14:49:51,Baseline,Deep_Learning,1.63,148.96,,,,0.0,False,False
14:49:51,Baseline,Heuristic,0.1,1.01,0.29,0.002,0.374,,True,False
14:49:51,Baseline,Deep_Learning,1.62,148.7,,,,0.0,False,False
14:49:51,Baseline,Heuristic,0.1,1.01,0.29,0.002,0.373,,True,False
14:49:51,Baseline,Deep_Learning,1.6,148.96,,,,0.0,False,False
14:49:51,Baseline,Heuristic,0.11,1.01,0.29,0.002,0.372,,True,False
14:49:51,Baseline,Deep_Learning,1.63,148.96,,,,0.0,False,False
14:49:51,Baseline,Heuristic,0.1,1.01,0.29,0.002,0.371,,True,False
14:49:51,Baseline,Deep_Learning,1.63,149.44,,,,0.0,False,False
14:49:51,Baseline,Heuristic,0.11,1.01,0.291,0.002,0.369,,True,False
14:49:51,Baseline,Deep_Learning,1.61,148.96,,,,0.0,False,False
14:49:51,Baseline,Heuristic,0.11,1.01,0.291,0.002,0.368,,True,False
14:49:51,Baseline,Deep_Learning,1.71,148.7,,,,0.0,False,False
14:49:51,Baseline,Heuristic,0.1,1.01,0.292,0.002,0.367,,True,False
14:49:51,Baseline,Deep_Learning,1.6,148.73,,,,0.0,False,False
14:49:52,Baseline,Heuristic,0.12,1.01,0.292,0.002,0.366,,True,False
14:49:52,Baseline,Deep_Learning,1.69,148.5,,,,0.0,False,False
14:49:52,Baseline,Heuristic,0.11,1.01,0.292,0.002,0.365,,True,False
14:49:52,Baseline,Deep_Learning,2.86,148.47,,,,0.0,False,False
14:49:52,Baseline,Heuristic,0.1,1.01,0.292,0.002,0.364,,True,False
14:49:52,Baseline,Deep_Learning,1.57,148.5,,,,0.0,False,False
14:49:52,Baseline,Heuristic,0.1,1.01,0.291,0.002,0.362,,True,False
14:49:52,Baseline,Deep_Learning,1.58,148.75,,,,0.0,False,False
14:49:52,Baseline,Heuristic,0.11,1.01,0.29,0.002,0.361,,True,False
14:49:52,Baseline,Deep_Learning,1.68,148.98,,,,0.0,False,False
14:49:52,Baseline,Heuristic,0.1,1.01,0.29,0.002,0.36,,True,False
14:49:52,Baseline,Deep_Learning,1.59,148.47,,,,0.0,False,False
14:49:52,Baseline,Heuristic,0.11,1.01,0.289,0.002,0.359,,True,False
14:49:52,Baseline,Deep_Learning,1.59,148.7,,,,0.0,False,False
14:49:52,Baseline,Heuristic,0.12,1.01,0.289,0.002,0.358,,True,False
14:49:52,Baseline,Deep_Learning,1.68,148.7,,,,0.0,False,False
14:49:52,Baseline,Heuristic,0.11,1.01,0.289,0.002,0.357,,True,False
14:49:52,Baseline,Deep_Learning,1.61,148.47,,,,0.0,False,False
14:49:52,Baseline,Heuristic,0.1,1.01,0.289,0.002,0.356,,True,False
14:49:52,Baseline,Deep_Learning,1.56,148.5,,,,0.0,False,False
14:49:52,Baseline,Heuristic,0.1,1.01,0.289,0.002,0.355,,True,False
14:49:52,Baseline,Deep_Learning,1.59,148.73,,,,0.0,False,False
14:49:52,Baseline,Heuristic,0.11,1.01,0.289,0.002,0.354,,True,False
14:49:52,Baseline,Deep_Learning,1.81,148.47,,,,0.0,False,False
14:49:52,Baseline,Heuristic,0.11,1.01,0.289,0.002,0.353,,True,False
14:49:52,Baseline,Deep_Learning,1.65,148.73,,,,0.0,False,False
14:49:52,Baseline,Heuristic,0.1,1.01,0.289,0.002,0.352,,True,False
14:49:52,Baseline,Deep_Learning,1.65,148.96,,,,0.0,False,False
14:49:52,Baseline,Heuristic,0.11,1.01,0.289,0.002,0.351,,True,False
14:49:52,Baseline,Deep_Learning,1.72,148.73,,,,0.0,False,False
14:49:52,Baseline,Heuristic,0.11,1.01,0.29,0.002,0.349,,True,False
14:49:52,Baseline,Deep_Learning,1.62,148.73,,,,0.0,False,False
14:49:53,Baseline,Heuristic,0.1,1.01,0.29,0.002,0.348,,True,False
14:49:53,Baseline,Deep_Learning,1.61,148.98,,,,0.0,False,False
14:49:53,Baseline,Heuristic,0.11,1.01,0.29,0.002,0.347,,True,False
14:49:53,Baseline,Deep_Learning,1.59,149.24,,,,0.0,False,False
14:49:53,Baseline,Heuristic,0.11,1.01,0.291,0.002,0.346,,True,False
14:49:53,Baseline,Deep_Learning,1.62,148.73,,,,0.0,False,False
14:49:53,Baseline,Heuristic,0.11,1.01,0.291,0.002,0.345,,True,False
14:49:53,Baseline,Deep_Learning,1.65,148.96,,,,0.0,False,False
14:49:53,Baseline,Heuristic,0.12,1.01,0.292,0.002,0.344,,True,False
14:49:53,Baseline,Deep_Learning,1.72,148.7,,,,0.0,False,False
14:49:53,Baseline,Heuristic,0.11,1.01,0.292,0.002,0.343,,True,False
14:49:53,Baseline,Deep_Learning,1.63,148.96,,,,0.0,False,False
14:49:53,Baseline,Heuristic,0.11,1.01,0.293,0.002,0.341,,True,False
14:49:53,Baseline,Deep_Learning,1.78,148.7,,,,0.0,False,False
14:49:53,Baseline,Heuristic,0.11,1.01,0.294,0.002,0.34,,True,False
14:49:53,Baseline,Deep_Learning,1.63,148.47,,,,0.0,False,False
14:49:53,Baseline,Heuristic,0.11,1.01,0.295,0.002,0.339,,True,False
14:49:53,Baseline,Deep_Learning,1.61,148.25,,,,0.0,False,False
14:49:53,Baseline,Heuristic,0.11,1.01,0.295,0.002,0.338,,True,False
14:49:53,Baseline,Deep_Learning,1.6,148.5,,,,0.0,False,False
14:49:53,Baseline,Heuristic,0.1,1.01,0.295,0.002,0.337,,True,False
14:49:53,Baseline,Deep_Learning,1.62,148.5,,,,0.0,False,False
14:49:53,Baseline,Heuristic,0.11,1.01,0.296,0.002,0.336,,True,False
14:49:53,Baseline,Deep_Learning,1.69,148.27,,,,0.0,False,False
14:49:53,Baseline,Heuristic,0.1,1.01,0.296,0.002,0.335,,True,False
14:49:53,Baseline,Deep_Learning,1.59,148.25,,,,0.0,False,False
14:49:53,Baseline,Heuristic,0.11,1.01,0.297,0.002,0.333,,True,False
14:49:53,Baseline,Deep_Learning,1.73,148.47,,,,0.0,False,False
14:49:54,Baseline,Heuristic,0.1,1.01,0.297,0.002,0.332,,True,False
14:49:54,Baseline,Deep_Learning,1.59,148.73,,,,0.0,False,False
14:49:54,Baseline,Heuristic,0.12,1.01,0.297,0.002,0.331,,True,False
14:49:54,Baseline,Deep_Learning,1.71,148.73,,,,0.0,False,False
14:49:54,Baseline,Heuristic,0.11,1.01,0.296,0.002,0.33,,True,False
14:49:54,Baseline,Deep_Learning,1.6,148.73,,,,0.0,False,False
14:49:54,Baseline,Heuristic,0.15,1.01,0.295,0.002,0.329,,True,False
14:49:54,Baseline,Deep_Learning,1.68,148.98,,,,0.0,False,False
14:49:54,Baseline,Heuristic,0.11,1.01,0.294,0.002,0.328,,True,False
14:49:54,Baseline,Deep_Learning,1.69,148.98,,,,0.0,False,False
14:49:54,Baseline,Heuristic,0.1,1.01,0.294,0.002,0.327,,True,False
14:49:54,Baseline,Deep_Learning,1.65,148.96,,,,0.0,False,False
14:49:54,Baseline,Heuristic,0.11,1.01,0.293,0.002,0.326,,True,False
14:49:54,Baseline,Deep_Learning,1.68,148.73,,,,0.0,False,False
14:49:54,Baseline,Heuristic,0.11,1.01,0.293,0.002,0.325,,True,False
14:49:54,Baseline,Deep_Learning,1.63,148.73,,,,0.0,False,False
14:49:54,Baseline,Heuristic,0.11,1.01,0.293,0.002,0.324,,True,False
14:49:54,Baseline,Deep_Learning,1.62,148.98,,,,0.0,False,False
14:49:54,Baseline,Heuristic,0.11,1.01,0.292,0.002,0.323,,True,False
14:49:54,Baseline,Deep_Learning,1.63,148.5,,,,0.0,False,False
14:49:54,Baseline,Heuristic,0.11,1.01,0.292,0.002,0.322,,True,False
14:49:54,Baseline,Deep_Learning,1.79,148.47,,,,0.0,False,False
14:49:54,Baseline,Heuristic,0.1,1.01,0.292,0.002,0.321,,True,False
14:49:54,Baseline,Deep_Learning,1.64,148.47,,,,0.0,False,False
14:49:54,Baseline,Heuristic,0.11,1.01,0.292,0.002,0.32,,True,False
14:49:54,Baseline,Deep_Learning,1.63,148.73,,,,0.0,False,False
14:49:54,Baseline,Heuristic,0.11,1.01,0.292,0.002,0.319,,True,False
14:49:54,Baseline,Deep_Learning,1.6,148.73,,,,0.0,False,False
14:49:54,Baseline,Heuristic,0.11,1.01,0.292,0.002,0.318,,True,False
14:49:54,Baseline,Deep_Learning,1.62,149.21,,,,0.0,False,False
14:49:54,Baseline,Heuristic,0.11,1.01,0.293,0.002,0.317,,True,False
14:49:54,Baseline,Deep_Learning,2.03,148.96,,,,0.0,False,False
14:49:55,Baseline,Heuristic,0.1,1.01,0.293,0.002,0.315,,True,False
14:49:55,Baseline,Deep_Learning,1.58,149.44,,,,0.0,False,False
14:49:55,Baseline,Heuristic,0.11,1.01,0.294,0.002,0.314,,True,False
14:49:55,Baseline,Deep_Learning,1.71,149.44,,,,0.0,False,False
14:49:55,Baseline,Heuristic,0.1,1.01,0.294,0.002,0.313,,True,False
14:49:55,Baseline,Deep_Learning,1.58,149.7,,,,0.0,False,False
14:49:55,Baseline,Heuristic,0.1,1.01,0.295,0.002,0.312,,True,False
14:49:55,Baseline,Deep_Learning,1.61,149.44,,,,0.0,False,False
14:49:55,Baseline,Heuristic,0.11,1.01,0.295,0.002,0.311,,True,False
14:49:55,Baseline,Deep_Learning,1.65,148.25,,,,0.0,False,False
14:49:55,Baseline,Heuristic,0.11,1.01,0.295,0.002,0.31,,True,False
14:49:55,Baseline,Deep_Learning,1.6,148.73,,,,0.0,False,False
14:49:55,Baseline,Heuristic,0.12,1.01,0.293,0.002,0.308,,True,False
14:49:55,Baseline,Deep_Learning,1.83,148.22,,,,0.0,False,False
14:49:55,Baseline,Heuristic,0.1,1.01,0.292,0.002,0.307,,True,False
14:49:55,Baseline,Deep_Learning,1.7,148.25,,,,0.0,False,False
14:49:55,Baseline,Heuristic,0.12,1.01,0.291,0.002,0.306,,True,False
14:49:55,Baseline,Deep_Learning,1.8,148.73,,,,0.0,False,False
14:49:55,Baseline,Heuristic,0.11,1.01,0.29,0.002,0.305,,True,False
14:49:55,Baseline,Deep_Learning,1.66,148.47,,,,0.0,False,False
14:49:55,Baseline,Heuristic,0.11,1.01,0.289,0.002,0.304,,True,False
14:49:55,Baseline,Deep_Learning,1.71,148.73,,,,0.0,False,False
14:49:55,Baseline,Heuristic,0.11,1.01,0.289,0.002,0.303,,True,False
14:49:55,Baseline,Deep_Learning,1.69,148.73,,,,0.0,False,False
14:49:55,Baseline,Heuristic,0.11,1.01,0.289,0.002,0.302,,True,False
14:49:55,Baseline,Deep_Learning,1.72,148.47,,,,0.0,False,False
14:49:55,Baseline,Heuristic,0.11,1.01,0.289,0.002,0.301,,True,False
14:49:55,Baseline,Deep_Learning,1.65,148.73,,,,0.0,False,False
14:49:55,Baseline,Heuristic,0.11,1.01,0.289,0.002,0.3,,True,False
14:49:55,Baseline,Deep_Learning,1.66,148.73,,,,0.0,False,False
14:49:56,Baseline,Heuristic,0.1,1.01,0.289,0.002,0.299,,True,False
14:49:56,Baseline,Deep_Learning,1.64,148.96,,,,0.0,False,False
14:49:56,Baseline,Heuristic,0.11,1.01,0.289,0.002,0.298,,True,False
14:49:56,Baseline,Deep_Learning,1.63,148.98,,,,0.0,False,False
14:49:56,Baseline,Heuristic,0.11,1.01,0.289,0.002,0.297,,True,False
14:49:56,Baseline,Deep_Learning,1.71,148.47,,,,0.0,False,False
14:49:56,Baseline,Heuristic,0.11,1.01,0.289,0.003,0.296,,True,False
14:49:56,Baseline,Deep_Learning,1.71,148.25,,,,0.0,False,False
14:49:56,Baseline,Heuristic,0.1,1.01,0.289,0.003,0.295,,True,False
14:49:56,Baseline,Deep_Learning,1.64,148.25,,,,0.0,False,False
14:49:56,Baseline,Heuristic,0.15,1.01,0.29,0.003,0.294,,True,False
14:49:56,Baseline,Deep_Learning,1.7,148.02,,,,0.0,False,False
14:49:56,Baseline,Heuristic,0.11,1.01,0.29,0.003,0.293,,True,False
14:49:56,Baseline,Deep_Learning,1.68,147.77,,,,0.0,False,False
14:49:56,Baseline,Heuristic,0.11,1.01,0.29,0.003,0.292,,True,False
14:49:56,Baseline,Deep_Learning,1.65,147.77,,,,0.0,False,False
14:49:56,Baseline,Heuristic,0.11,1.01,0.291,0.003,0.291,,True,False
14:49:56,Baseline,Deep_Learning,1.61,148.02,,,,0.0,False,False
14:49:56,Baseline,Heuristic,0.1,1.01,0.291,0.003,0.29,,True,False
14:49:56,Baseline,Deep_Learning,1.62,148.25,,,,0.0,False,False
14:49:56,Baseline,Heuristic,0.1,1.01,0.291,0.003,0.289,,True,False
14:49:56,Baseline,Deep_Learning,1.68,148.27,,,,0.0,False,False
14:49:56,Baseline,Heuristic,0.11,1.01,0.291,0.003,0.288,,True,False
14:49:56,Baseline,Deep_Learning,1.63,148.25,,,,0.0,False,False
14:49:56,Baseline,Heuristic,0.1,1.01,0.292,0.003,0.287,,True,False
14:49:56,Baseline,Deep_Learning,1.56,148.25,,,,0.0,False,False
14:49:56,Baseline,Heuristic,0.11,1.01,0.292,0.003,0.286,,True,False
14:49:56,Baseline,Deep_Learning,1.72,148.47,,,,0.0,False,False
14:49:56,Baseline,Heuristic,0.1,1.01,0.292,0.003,0.285,,True,False
14:49:56,Baseline,Deep_Learning,1.63,148.7,,,,0.0,False,False
14:49:56,Baseline,Heuristic,0.1,1.01,0.293,0.003,0.284,,True,False
14:49:56,Baseline,Deep_Learning,1.62,148.96,,,,0.0,False,False
14:49:57,Baseline,Heuristic,0.1,1.01,0.293,0.003,0.282,,True,False
14:49:57,Baseline,Deep_Learning,1.64,148.7,,,,0.0,False,False
14:49:57,Baseline,Heuristic,0.1,1.01,0.294,0.003,0.281,,True,False
14:49:57,Baseline,Deep_Learning,1.6,148.7,,,,0.0,False,False
14:49:57,Baseline,Heuristic,0.11,1.01,0.295,0.003,0.28,,True,False
14:49:57,Baseline,Deep_Learning,1.63,148.47,,,,0.0,False,False
14:49:57,Baseline,Heuristic,0.11,1.01,0.295,0.003,0.279,,True,False
14:49:57,Baseline,Deep_Learning,1.59,148.22,,,,0.0,False,False
14:49:57,Baseline,Heuristic,0.1,1.01,0.296,0.003,0.277,,True,False
14:49:57,Baseline,Deep_Learning,1.7,148.25,,,,0.0,False,False
14:49:57,Baseline,Heuristic,0.1,1.01,0.296,0.003,0.276,,True,False
14:49:57,Baseline,Deep_Learning,1.62,148.25,,,,0.0,False,False
14:49:57,Baseline,Heuristic,0.11,1.01,0.297,0.003,0.275,,True,False
14:49:57,Baseline,Deep_Learning,1.66,148.25,,,,0.0,False,False
14:49:57,Baseline,Heuristic,0.11,1.01,0.297,0.003,0.274,,True,False
14:49:57,Baseline,Deep_Learning,1.63,147.99,,,,0.012,False,False
14:49:57,Baseline,Heuristic,0.11,1.01,0.297,0.003,0.273,,True,False
14:49:57,Baseline,Deep_Learning,1.62,147.99,,,,0.0,False,False
14:49:57,Baseline,Heuristic,0.1,1.01,0.298,0.003,0.272,,True,False
14:49:57,Baseline,Deep_Learning,1.63,148.5,,,,0.0,False,False
14:49:57,Baseline,Heuristic,0.1,1.01,0.298,0.003,0.271,,True,False
14:49:57,Baseline,Deep_Learning,1.68,148.5,,,,0.0,False,False
14:49:57,Baseline,Heuristic,0.13,1.01,0.298,0.003,0.269,,True,False
14:49:57,Baseline,Deep_Learning,1.71,148.27,,,,0.0,False,False
14:49:57,Baseline,Heuristic,0.11,1.01,0.297,0.003,0.269,,True,False
14:49:57,Baseline,Deep_Learning,1.61,147.99,,,,0.0,False,False
14:49:57,Baseline,Heuristic,0.14,1.01,0.297,0.003,0.268,,True,False
14:49:57,Baseline,Deep_Learning,1.87,148.47,,,,0.0,False,False
14:49:57,Baseline,Heuristic,0.11,1.01,0.296,0.003,0.267,,True,False
14:49:57,Baseline,Deep_Learning,1.55,148.7,,,,0.0,False,False
14:49:58,Baseline,Heuristic,0.11,1.01,0.296,0.003,0.266,,True,False
14:49:58,Baseline,Deep_Learning,1.73,148.96,,,,0.0,False,False
14:49:58,Baseline,Heuristic,0.11,1.01,0.295,0.002,0.265,,True,False
14:49:58,Baseline,Deep_Learning,1.59,148.7,,,,0.0,False,False
14:49:58,Baseline,Heuristic,0.1,1.01,0.295,0.002,0.264,,True,False
14:49:58,Baseline,Deep_Learning,1.64,148.73,,,,0.0,False,False
14:49:58,Baseline,Heuristic,0.1,1.01,0.295,0.002,0.263,,True,False
14:49:58,Baseline,Deep_Learning,1.6,148.5,,,,0.0,False,False
14:49:58,Baseline,Heuristic,0.11,1.01,0.295,0.002,0.262,,True,False
14:49:58,Baseline,Deep_Learning,1.61,148.47,,,,0.0,False,False
14:49:58,Baseline,Heuristic,0.11,1.01,0.295,0.002,0.261,,True,False
14:49:58,Baseline,Deep_Learning,1.6,148.22,,,,0.0,False,False
14:49:58,Baseline,Heuristic,0.1,1.01,0.295,0.002,0.26,,True,False
14:49:58,Baseline,Deep_Learning,1.63,147.99,,,,0.0,False,False
14:49:58,Baseline,Heuristic,0.1,1.01,0.295,0.002,0.259,,True,False
14:49:58,Baseline,Deep_Learning,1.61,148.25,,,,0.0,False,False
14:49:58,Baseline,Heuristic,0.11,1.01,0.295,0.002,0.258,,True,False
14:49:58,Baseline,Deep_Learning,1.63,148.25,,,,0.0,False,False
14:49:58,Baseline,Heuristic,0.11,1.01,0.296,0.002,0.256,,True,False
14:49:58,Baseline,Deep_Learning,1.72,148.47,,,,0.0,False,False
14:49:58,Baseline,Heuristic,0.1,1.01,0.296,0.002,0.255,,True,False
14:49:58,Baseline,Deep_Learning,1.57,148.47,,,,0.0,False,False
14:49:58,Baseline,Heuristic,0.11,1.01,0.296,0.002,0.253,,True,False
14:49:58,Baseline,Deep_Learning,1.66,148.96,,,,0.0,False,False
14:49:58,Baseline,Heuristic,0.11,1.01,0.297,0.002,0.252,,True,False
14:49:58,Baseline,Deep_Learning,1.85,148.96,,,,0.0,False,False
14:49:58,Baseline,Heuristic,0.1,1.01,0.297,0.002,0.251,,True,False
14:49:58,Baseline,Deep_Learning,1.55,148.7,,,,0.0,False,False
14:49:58,Baseline,Heuristic,0.15,1.01,0.297,0.002,0.25,,True,False
14:49:58,Baseline,Deep_Learning,1.74,149.21,,,,0.0,False,False
14:49:59,Baseline,Heuristic,0.1,1.01,0.298,0.002,0.249,,True,False
14:49:59,Baseline,Deep_Learning,1.57,148.22,,,,0.0,False,False
14:49:59,Baseline,Heuristic,0.11,1.01,0.298,0.002,0.248,,True,False
14:49:59,Baseline,Deep_Learning,1.56,147.99,,,,0.0,False,False
14:49:59,Baseline,Heuristic,0.11,1.01,0.298,0.002,0.247,,True,False
14:49:59,Baseline,Deep_Learning,1.61,148.02,,,,0.0,False,False
14:49:59,Baseline,Heuristic,0.1,1.01,0.299,0.002,0.246,,True,False
14:49:59,Baseline,Deep_Learning,1.59,148.25,,,,0.0,False,False
14:49:59,Baseline,Heuristic,0.11,1.01,0.299,0.002,0.244,,True,False
14:49:59,Baseline,Deep_Learning,1.62,147.74,,,,0.0,False,False
14:49:59,Baseline,Heuristic,0.1,1.01,0.299,0.002,0.243,,True,False
14:49:59,Baseline,Deep_Learning,1.59,147.51,,,,0.0,False,False
14:49:59,Baseline,Heuristic,0.11,1.01,0.299,0.002,0.242,,True,False
14:49:59,Baseline,Deep_Learning,1.69,147.77,,,,0.0,False,False
14:49:59,Baseline,Heuristic,0.1,1.01,0.299,0.002,0.241,,True,False
14:49:59,Baseline,Deep_Learning,1.73,147.99,,,,0.0,False,False
14:49:59,Baseline,Heuristic,0.11,1.01,0.3,0.002,0.24,,True,False
14:49:59,Baseline,Deep_Learning,1.59,147.51,,,,0.0,False,False
14:49:59,Baseline,Heuristic,0.1,1.01,0.3,0.002,0.239,,True,False
14:49:59,Baseline,Deep_Learning,1.59,147.26,,,,0.0,False,False
14:49:59,Baseline,Heuristic,0.1,1.01,0.3,0.002,0.237,,True,False
14:49:59,Baseline,Deep_Learning,1.63,147.51,,,,0.0,False,False
14:49:59,Baseline,Heuristic,0.1,1.01,0.3,0.002,0.236,,True,False
14:49:59,Baseline,Deep_Learning,1.58,147.74,,,,0.0,False,False
14:49:59,Baseline,Heuristic,0.1,1.01,0.3,0.002,0.235,,True,False
14:49:59,Baseline,Deep_Learning,1.64,147.74,,,,0.0,False,False
14:49:59,Baseline,Heuristic,0.11,1.01,0.3,0.002,0.234,,True,False
14:49:59,Baseline,Deep_Learning,1.59,147.74,,,,0.0,False,False
14:50:00,Baseline,Heuristic,0.11,1.01,0.3,0.002,0.233,,True,False
14:50:00,Baseline,Deep_Learning,1.66,147.99,,,,0.0,False,False
14:50:00,Baseline,Heuristic,0.12,1.01,0.3,0.002,0.232,,True,False
14:50:00,Baseline,Deep_Learning,1.74,147.77,,,,0.0,False,False
14:50:00,Baseline,Heuristic,0.11,1.01,0.3,0.002,0.231,,True,False
14:50:00,Baseline,Deep_Learning,1.66,147.77,,,,0.0,False,False
14:50:00,Baseline,Heuristic,0.13,1.01,0.3,0.002,0.229,,True,False
14:50:00,Baseline,Deep_Learning,1.71,147.51,,,,0.0,False,False
14:50:00,Baseline,Heuristic,0.11,1.01,0.3,0.002,0.228,,True,False
14:50:00,Baseline,Deep_Learning,1.63,147.77,,,,0.0,False,False
14:50:00,Baseline,Heuristic,0.1,1.01,0.3,0.002,0.227,,True,False
14:50:00,Baseline,Deep_Learning,1.67,147.77,,,,0.0,False,False
14:50:00,Baseline,Heuristic,0.11,1.01,0.3,0.002,0.226,,True,False
14:50:00,Baseline,Deep_Learning,1.62,147.77,,,,0.0,False,False
14:50:00,Baseline,Heuristic,0.11,1.01,0.299,0.002,0.224,,True,False
14:50:00,Baseline,Deep_Learning,1.69,147.99,,,,0.0,False,False
14:50:00,Baseline,Heuristic,0.11,1.01,0.299,0.002,0.223,,True,False
14:50:00,Baseline,Deep_Learning,1.6,147.74,,,,0.0,False,False
14:50:00,Baseline,Heuristic,0.1,1.01,0.299,0.002,0.223,,True,False
14:50:00,Baseline,Deep_Learning,1.62,148.5,,,,0.0,False,False
14:50:00,Baseline,Heuristic,0.11,1.01,0.299,0.002,0.222,,True,False
14:50:00,Baseline,Deep_Learning,1.58,148.5,,,,0.0,False,False
14:50:00,Baseline,Heuristic,0.11,1.01,0.298,0.002,0.221,,True,False
14:50:00,Baseline,Deep_Learning,1.65,147.99,,,,0.0,False,False
14:50:00,Baseline,Heuristic,0.11,1.01,0.298,0.002,0.219,,True,False
14:50:00,Baseline,Deep_Learning,1.77,147.99,,,,0.0,False,False
14:50:00,Baseline,Heuristic,0.11,1.01,0.297,0.002,0.218,,True,False
14:50:00,Baseline,Deep_Learning,1.76,147.99,,,,0.0,False,False
14:50:00,Baseline,Heuristic,0.1,1.01,0.297,0.002,0.216,,True,False
14:50:00,Baseline,Deep_Learning,1.69,148.25,,,,0.0,False,False
14:50:01,Baseline,Heuristic,0.1,1.01,0.297,0.002,0.215,,True,False
14:50:01,Baseline,Deep_Learning,1.65,148.02,,,,0.0,False,False
14:50:01,Baseline,Heuristic,0.27,1.01,0.296,0.002,0.214,,True,False
14:50:01,Baseline,Deep_Learning,4.54,147.99,,,,0.0,False,False
14:50:01,Baseline,Heuristic,0.11,1.01,0.295,0.002,0.212,,True,False
14:50:01,Baseline,Deep_Learning,1.72,147.99,,,,0.0,False,False
14:50:01,Baseline,Heuristic,0.12,1.01,0.295,0.002,0.211,,True,False
14:50:01,Baseline,Deep_Learning,1.65,147.99,,,,0.0,False,False
14:50:01,Baseline,Heuristic,0.11,1.01,0.295,0.002,0.21,,True,False
14:50:01,Baseline,Deep_Learning,1.61,148.22,,,,0.0,False,False
14:50:01,Baseline,Heuristic,0.1,1.01,0.294,0.002,0.209,,True,False
14:50:01,Baseline,Deep_Learning,1.91,148.22,,,,0.0,False,False
14:50:01,Baseline,Heuristic,0.11,1.01,0.294,0.002,0.207,,True,False
14:50:01,Baseline,Deep_Learning,1.62,148.25,,,,0.0,False,False
14:50:01,Baseline,Heuristic,0.1,1.01,0.294,0.002,0.207,,True,False
14:50:01,Baseline,Deep_Learning,1.6,147.99,,,,0.0,False,False
14:50:01,Baseline,Heuristic,0.1,1.01,0.294,0.002,0.206,,True,False
14:50:01,Baseline,Deep_Learning,1.61,147.99,,,,0.0,False,False
14:50:01,Baseline,Heuristic,0.11,1.01,0.294,0.002,0.204,,True,False
14:50:01,Baseline,Deep_Learning,1.64,147.99,,,,0.0,False,False
14:50:01,Baseline,Heuristic,0.11,1.01,0.294,0.002,0.203,,True,False
14:50:01,Baseline,Deep_Learning,1.72,147.99,,,,0.0,False,False
14:50:01,Baseline,Heuristic,0.12,1.01,0.294,0.002,0.202,,True,False
14:50:01,Baseline,Deep_Learning,1.84,148.44,,,,0.0,False,False
14:50:01,Baseline,Heuristic,0.12,1.01,0.295,0.002,0.201,,True,False
14:50:01,Baseline,Deep_Learning,1.87,148.22,,,,0.0,False,False
14:50:01,Baseline,Heuristic,0.12,1.01,0.295,0.002,0.199,,True,False
14:50:01,Baseline,Deep_Learning,1.95,148.25,,,,0.0,False,False
14:50:02,Baseline,Heuristic,0.13,1.01,0.294,0.002,0.198,,True,False
14:50:02,Baseline,Deep_Learning,3.2,147.99,,,,0.0,False,False
14:50:02,Baseline,Heuristic,0.11,1.01,0.294,0.002,0.198,,True,False
14:50:02,Baseline,Deep_Learning,1.71,148.25,,,,0.0,False,False
14:50:02,Baseline,Heuristic,0.14,1.01,0.293,0.002,0.197,,True,False
14:50:02,Baseline,Deep_Learning,1.75,147.99,,,,0.0,False,False
14:50:02,Baseline,Heuristic,0.11,1.01,0.293,0.002,0.196,,True,False
14:50:02,Baseline,Deep_Learning,1.73,147.99,,,,0.0,False,False
14:50:02,Baseline,Heuristic,0.11,1.01,0.292,0.002,0.194,,True,False
14:50:02,Baseline,Deep_Learning,1.75,147.77,,,,0.0,False,False
14:50:02,Baseline,Heuristic,0.11,1.01,0.292,0.002,0.194,,True,False
14:50:02,Baseline,Deep_Learning,1.71,148.25,,,,0.0,False,False
14:50:02,Baseline,Heuristic,0.11,1.01,0.291,0.002,0.193,,True,False
14:50:02,Baseline,Deep_Learning,1.75,148.25,,,,0.0,False,False
14:50:02,Baseline,Heuristic,0.11,1.01,0.291,0.002,0.192,,True,False
14:50:02,Baseline,Deep_Learning,1.7,147.51,,,,0.0,False,False
14:50:02,Baseline,Heuristic,0.11,1.01,0.29,0.002,0.19,,True,False
14:50:02,Baseline,Deep_Learning,1.64,147.99,,,,0.0,False,False
14:50:02,Baseline,Heuristic,0.11,1.01,0.29,0.002,0.189,,True,False
14:50:02,Baseline,Deep_Learning,1.63,147.99,,,,0.0,False,False
14:50:02,Baseline,Heuristic,0.11,1.01,0.29,0.002,0.188,,True,False
14:50:02,Baseline,Deep_Learning,1.68,147.99,,,,0.0,False,False
14:50:02,Baseline,Heuristic,0.11,1.01,0.29,0.002,0.187,,True,False
14:50:02,Baseline,Deep_Learning,1.59,147.96,,,,0.0,False,False
14:50:02,Baseline,Heuristic,0.11,1.01,0.291,0.002,0.186,,True,False
14:50:02,Baseline,Deep_Learning,1.61,147.96,,,,0.0,False,False
14:50:02,Baseline,Heuristic,0.11,1.01,0.291,0.002,0.184,,True,False
14:50:02,Baseline,Deep_Learning,1.61,148.22,,,,0.0,False,False
14:50:02,Baseline,Heuristic,0.11,1.01,0.291,0.002,0.183,,True,False
14:50:02,Baseline,Deep_Learning,1.64,148.7,,,,0.0,False,False
14:50:03,Baseline,Heuristic,0.11,1.01,0.291,0.002,0.182,,True,False
14:50:03,Baseline,Deep_Learning,1.61,148.7,,,,0.0,False,False
14:50:03,Baseline,Heuristic,0.11,1.01,0.292,0.002,0.181,,True,False
14:50:03,Baseline,Deep_Learning,1.63,147.96,,,,0.0,False,False
14:50:03,Baseline,Heuristic,0.1,1.01,0.292,0.002,0.179,,True,False
14:50:03,Baseline,Deep_Learning,1.59,148.19,,,,0.0,False,False
14:50:03,Baseline,Heuristic,0.11,1.01,0.293,0.002,0.178,,True,False
14:50:03,Baseline,Deep_Learning,1.59,148.19,,,,0.0,False,False
14:50:03,Baseline,Heuristic,0.11,1.01,0.293,0.002,0.177,,True,False
14:50:03,Baseline,Deep_Learning,1.66,148.19,,,,0.0,False,False
14:50:03,Baseline,Heuristic,0.11,1.01,0.294,0.002,0.177,,True,False
14:50:03,Baseline,Deep_Learning,1.92,148.19,,,,0.0,False,False
14:50:03,Baseline,Heuristic,0.11,1.01,0.294,0.002,0.176,,True,False
14:50:03,Baseline,Deep_Learning,1.66,148.19,,,,0.0,False,False
14:50:03,Baseline,Heuristic,0.11,1.01,0.294,0.002,0.174,,True,False
14:50:03,Baseline,Deep_Learning,1.62,148.47,,,,0.0,False,False
14:50:03,Baseline,Heuristic,0.11,1.01,0.294,0.002,0.173,,True,False
14:50:03,Baseline,Deep_Learning,1.59,148.7,,,,0.0,False,False
14:50:03,Baseline,Heuristic,0.11,1.01,0.293,0.002,0.172,,True,False
14:50:03,Baseline,Deep_Learning,1.67,148.7,,,,0.0,False,False
14:50:03,Baseline,Heuristic,0.11,1.01,0.293,0.002,0.171,,True,False
14:50:03,Baseline,Deep_Learning,2.51,148.25,,,,0.0,False,False
14:50:03,Baseline,Heuristic,0.11,1.01,0.292,0.002,0.169,,True,False
14:50:03,Baseline,Deep_Learning,1.64,148.22,,,,0.0,False,False
14:50:03,Baseline,Heuristic,0.11,1.01,0.292,0.002,0.168,,True,False
14:50:03,Baseline,Deep_Learning,1.73,148.47,,,,0.0,False,False
14:50:03,Baseline,Heuristic,0.11,1.01,0.292,0.002,0.167,,True,False
14:50:03,Baseline,Deep_Learning,1.67,148.7,,,,0.0,False,False
14:50:04,Baseline,Heuristic,0.11,1.01,0.292,0.002,0.166,,True,False
14:50:04,Baseline,Deep_Learning,1.76,148.7,,,,0.0,False,False
14:50:04,Baseline,Heuristic,0.11,1.01,0.292,0.002,0.164,,True,False
14:50:04,Baseline,Deep_Learning,1.77,148.7,,,,0.0,False,False
14:50:04,Baseline,Heuristic,0.11,1.01,0.292,0.002,0.163,,True,False
14:50:04,Baseline,Deep_Learning,1.71,148.22,,,,0.0,False,False
14:50:04,Baseline,Heuristic,0.11,1.01,0.292,0.002,0.162,,True,False
14:50:04,Baseline,Deep_Learning,1.71,148.22,,,,0.0,False,False
14:50:04,Baseline,Heuristic,0.11,1.01,0.292,0.002,0.161,,True,False
14:50:04,Baseline,Deep_Learning,1.65,148.22,,,,0.0,False,False
14:50:04,Baseline,Heuristic,0.11,1.01,0.292,0.002,0.16,,True,False
14:50:04,Baseline,Deep_Learning,1.59,148.47,,,,0.0,False,False
14:50:04,Baseline,Heuristic,0.11,1.01,0.292,0.002,0.159,,True,False
14:50:04,Baseline,Deep_Learning,1.66,148.7,,,,0.0,False,False
14:50:04,Baseline,Heuristic,0.1,1.01,0.292,0.003,0.158,,True,False
14:50:04,Baseline,Deep_Learning,1.64,148.96,,,,0.0,False,False
14:50:04,Baseline,Heuristic,0.1,1.01,0.293,0.003,0.157,,True,False
14:50:04,Baseline,Deep_Learning,1.65,148.93,,,,0.0,False,False
14:50:04,Baseline,Heuristic,0.11,1.01,0.293,0.003,0.156,,True,False
14:50:04,Baseline,Deep_Learning,1.66,148.67,,,,0.0,False,False
14:50:04,Baseline,Heuristic,0.11,1.01,0.293,0.003,0.154,,True,False
14:50:04,Baseline,Deep_Learning,1.64,148.67,,,,0.0,False,False
14:50:04,Baseline,Heuristic,0.11,1.01,0.294,0.003,0.153,,True,False
14:50:04,Baseline,Deep_Learning,1.73,149.15,,,,0.0,False,False
14:50:04,Baseline,Heuristic,0.1,1.01,0.294,0.003,0.152,,True,False
14:50:04,Baseline,Deep_Learning,1.66,149.15,,,,0.0,False,False
14:50:04,Baseline,Heuristic,0.11,1.01,0.295,0.003,0.151,,True,False
14:50:04,Baseline,Deep_Learning,1.63,149.41,,,,0.0,False,False
14:50:05,Baseline,Heuristic,0.31,1.01,0.295,0.003,0.149,,False,False
14:50:05,Baseline,Deep_Learning,1.79,149.38,,,,0.0,False,False
14:50:05,Baseline,Heuristic,0.13,1.01,0.296,0.003,0.148,,False,False
14:50:05,Baseline,Deep_Learning,1.76,149.15,,,,0.0,False,False
14:50:05,Baseline,Heuristic,0.11,1.01,0.297,0.003,0.147,,False,False
14:50:05,Baseline,Deep_Learning,1.58,149.38,,,,0.0,False,False
14:50:05,Baseline,Heuristic,0.11,1.01,0.297,0.003,0.146,,False,False
14:50:05,Baseline,Deep_Learning,1.62,149.41,,,,0.0,False,False
14:50:05,Baseline,Heuristic,0.11,1.01,0.297,0.003,0.144,,False,False
14:50:05,Baseline,Deep_Learning,1.64,149.41,,,,0.0,False,False
14:50:05,Baseline,Heuristic,0.11,1.01,0.298,0.003,0.143,,False,False
14:50:05,Baseline,Deep_Learning,1.63,148.86,,,,0.0,False,False
14:50:05,Baseline,Heuristic,0.1,1.01,0.298,0.003,0.142,,False,False
14:50:05,Baseline,Deep_Learning,1.62,149.35,,,,0.0,False,False
14:50:05,Baseline,Heuristic,0.11,1.01,0.299,0.003,0.141,,False,False
14:50:05,Baseline,Deep_Learning,1.63,149.61,,,,0.0,False,False
14:50:05,Baseline,Heuristic,0.1,1.01,0.299,0.003,0.139,,False,False
14:50:05,Baseline,Deep_Learning,1.61,149.35,,,,0.0,False,False
14:50:05,Baseline,Heuristic,0.1,1.01,0.299,0.003,0.138,,False,False
14:50:05,Baseline,Deep_Learning,1.66,149.35,,,,0.0,False,False
14:50:05,Baseline,Heuristic,0.12,1.01,0.3,0.003,0.137,,False,False
14:50:05,Baseline,Deep_Learning,1.67,149.83,,,,0.0,False,False
14:50:05,Baseline,Heuristic,0.11,1.01,0.3,0.003,0.136,,False,False
14:50:05,Baseline,Deep_Learning,1.76,149.57,,,,0.0,False,False
14:50:05,Baseline,Heuristic,0.1,1.01,0.301,0.004,0.134,,False,False
14:50:05,Baseline,Deep_Learning,1.63,149.83,,,,0.0,False,False
14:50:05,Baseline,Heuristic,0.11,1.01,0.301,0.004,0.133,,False,False
14:50:05,Baseline,Deep_Learning,1.65,149.61,,,,0.0,False,False
14:50:06,Baseline,Heuristic,0.1,1.01,0.302,0.004,0.132,,False,False
14:50:06,Baseline,Deep_Learning,1.59,149.35,,,,0.0,False,False
14:50:06,Baseline,Heuristic,0.11,1.01,0.302,0.004,0.131,,False,False
14:50:06,Baseline,Deep_Learning,1.71,149.9,,,,0.0,False,False
14:50:06,Baseline,Heuristic,0.1,1.01,0.301,0.005,0.129,,False,False
14:50:06,Baseline,Deep_Learning,1.53,149.64,,,,0.0,False,False
14:50:06,Baseline,Heuristic,0.11,1.01,0.3,0.005,0.128,,False,False
14:50:06,Baseline,Deep_Learning,1.64,149.83,,,,0.0,False,False
14:50:06,Baseline,Heuristic,0.1,1.01,0.298,0.006,0.127,,False,False
14:50:06,Baseline,Deep_Learning,1.63,149.87,,,,0.0,False,False
14:50:06,Baseline,Heuristic,0.11,1.01,0.298,0.007,0.126,,False,False
14:50:06,Baseline,Deep_Learning,1.64,149.61,,,,0.0,False,False
14:50:06,Baseline,Heuristic,0.1,1.01,0.297,0.007,0.124,,False,False
14:50:06,Baseline,Deep_Learning,1.6,149.15,,,,0.0,False,False
14:50:06,Baseline,Heuristic,0.11,1.01,0.297,0.008,0.123,,False,False
14:50:06,Baseline,Deep_Learning,1.68,149.41,,,,0.0,False,False
14:50:06,Baseline,Heuristic,0.1,1.01,0.297,0.009,0.122,,False,False
14:50:06,Baseline,Deep_Learning,1.68,149.18,,,,0.0,False,False
14:50:06,Baseline,Heuristic,0.1,1.01,0.296,0.009,0.121,,False,False
14:50:06,Baseline,Deep_Learning,1.61,148.93,,,,0.0,False,False
14:50:06,Baseline,Heuristic,0.11,1.01,0.296,0.01,0.12,,False,False
14:50:06,Baseline,Deep_Learning,1.64,148.67,,,,0.0,False,False
14:50:06,Baseline,Heuristic,0.11,1.01,0.296,0.01,0.119,,False,False
14:50:06,Baseline,Deep_Learning,1.73,148.93,,,,0.0,False,False
14:50:06,Baseline,Heuristic,0.11,1.01,0.296,0.01,0.117,,False,False
14:50:06,Baseline,Deep_Learning,1.69,148.7,,,,0.0,False,False
14:50:06,Baseline,Heuristic,0.11,1.01,0.296,0.011,0.116,,False,False
14:50:06,Baseline,Deep_Learning,1.72,148.7,,,,0.0,False,False
14:50:07,Baseline,Heuristic,0.12,1.01,0.296,0.011,0.114,,False,False
14:50:07,Baseline,Deep_Learning,1.71,148.93,,,,0.0,False,False
14:50:07,Baseline,Heuristic,0.1,1.01,0.295,0.011,0.113,,False,False
14:50:07,Baseline,Deep_Learning,1.64,149.87,,,,0.0,False,False
14:50:07,Baseline,Heuristic,0.1,1.01,0.294,0.011,0.112,,False,False
14:50:07,Baseline,Deep_Learning,1.58,150.09,,,,0.0,False,False
14:50:07,Baseline,Heuristic,0.11,1.01,0.292,0.011,0.111,,False,False
14:50:07,Baseline,Deep_Learning,1.8,150.12,,,,0.0,False,False
14:50:07,Baseline,Heuristic,0.1,1.01,0.292,0.011,0.109,,False,False
14:50:07,Baseline,Deep_Learning,1.58,150.32,,,,0.996,True,False
14:50:07,Baseline,Heuristic,0.11,1.01,0.291,0.011,0.108,,False,False
14:50:07,Baseline,Deep_Learning,1.68,150.32,,,,0.996,True,False
14:50:07,Baseline,Heuristic,0.1,1.01,0.291,0.012,0.107,,False,False
14:50:07,Baseline,Deep_Learning,1.68,150.58,,,,0.996,True,False
14:50:07,Baseline,Heuristic,0.11,1.01,0.291,0.012,0.106,,False,False
14:50:07,Baseline,Deep_Learning,1.63,150.32,,,,0.996,True,False
14:50:07,Baseline,Heuristic,0.11,1.01,0.291,0.012,0.104,,False,False
14:50:07,Baseline,Deep_Learning,1.62,150.32,,,,0.82,True,False
14:50:07,Baseline,Heuristic,0.1,1.01,0.291,0.012,0.103,,False,False
14:50:07,Baseline,Deep_Learning,1.63,150.55,,,,0.32,False,False
14:50:07,Baseline,Heuristic,0.1,1.01,0.292,0.012,0.102,,False,False
14:50:07,Baseline,Deep_Learning,1.62,150.32,,,,0.934,True,False
14:50:07,Baseline,Heuristic,0.1,1.01,0.292,0.012,0.101,,False,False
14:50:07,Baseline,Deep_Learning,1.62,150.58,,,,0.758,False,False
14:50:08,Baseline,Heuristic,0.11,1.01,0.293,0.012,0.099,,False,False
14:50:08,Baseline,Deep_Learning,1.65,150.84,,,,0.82,True,False
14:50:08,Baseline,Heuristic,0.11,1.01,0.294,0.011,0.098,,False,False
14:50:08,Baseline,Deep_Learning,1.7,150.88,,,,0.004,False,False
14:50:08,Baseline,Heuristic,0.1,1.01,0.294,0.011,0.097,,False,False
14:50:08,Baseline,Deep_Learning,1.61,150.88,,,,0.0,False,False
14:50:08,Baseline,Heuristic,0.11,1.01,0.295,0.011,0.096,,False,False
14:50:08,Baseline,Deep_Learning,1.69,150.35,,,,0.0,False,False
14:50:08,Baseline,Heuristic,0.11,1.01,0.296,0.011,0.095,,False,False
14:50:08,Baseline,Deep_Learning,1.63,150.58,,,,0.0,False,False
14:50:08,Baseline,Heuristic,0.1,1.01,0.297,0.011,0.094,,False,False
14:50:08,Baseline,Deep_Learning,1.6,150.09,,,,0.0,False,False
14:50:08,Baseline,Heuristic,0.1,1.01,0.298,0.011,0.093,,False,False
14:50:08,Baseline,Deep_Learning,1.64,150.09,,,,0.0,False,False
14:50:08,Baseline,Heuristic,0.17,1.01,0.299,0.011,0.092,,False,False
14:50:08,Baseline,Deep_Learning,2.46,150.09,,,,0.0,False,False
14:50:08,Baseline,Heuristic,0.1,1.01,0.3,0.01,0.09,,False,False
14:50:08,Baseline,Deep_Learning,1.59,150.09,,,,0.0,False,False
14:50:08,Baseline,Heuristic,0.1,1.01,0.301,0.01,0.089,,False,False
14:50:08,Baseline,Deep_Learning,1.56,149.83,,,,0.0,False,False
14:50:08,Baseline,Heuristic,0.11,1.01,0.3,0.01,0.088,,False,False
14:50:08,Baseline,Deep_Learning,1.62,150.32,,,,0.0,False,False
14:50:08,Baseline,Heuristic,0.1,1.01,0.3,0.01,0.087,,False,False
14:50:08,Baseline,Deep_Learning,1.59,149.57,,,,0.0,False,False
14:50:08,Baseline,Heuristic,0.11,1.01,0.299,0.01,0.086,,False,False
14:50:08,Baseline,Deep_Learning,1.59,149.61,,,,0.0,False,False
14:50:08,Baseline,Heuristic,0.1,1.01,0.299,0.01,0.085,,False,False
14:50:08,Baseline,Deep_Learning,1.65,149.38,,,,0.0,False,False
14:50:08,Baseline,Heuristic,0.1,1.01,0.298,0.009,0.084,,False,False
14:50:08,Baseline,Deep_Learning,1.58,149.15,,,,0.0,False,False
14:50:08,Baseline,Heuristic,0.11,1.01,0.298,0.009,0.083,,False,False
14:50:08,Baseline,Deep_Learning,1.81,149.38,,,,0.0,False,False
14:50:09,Baseline,Heuristic,0.1,1.01,0.298,0.009,0.082,,False,False
14:50:09,Baseline,Deep_Learning,1.63,149.38,,,,0.0,False,False
14:50:09,Baseline,Heuristic,0.1,1.01,0.298,0.009,0.081,,False,False
14:50:09,Baseline,Deep_Learning,1.59,149.38,,,,0.0,False,False
14:50:09,Baseline,Heuristic,0.11,1.01,0.299,0.009,0.079,,False,False
14:50:09,Baseline,Deep_Learning,1.68,149.38,,,,0.0,False,False
14:50:09,Baseline,Heuristic,0.11,1.01,0.299,0.009,0.078,,False,False
14:50:09,Baseline,Deep_Learning,1.89,149.38,,,,0.0,False,False
14:50:09,Baseline,Heuristic,0.1,1.01,0.3,0.008,0.077,,False,False
14:50:09,Baseline,Deep_Learning,1.64,150.12,,,,0.0,False,False
14:50:09,Baseline,Heuristic,0.11,1.01,0.301,0.008,0.075,,False,False
14:50:09,Baseline,Deep_Learning,1.65,150.09,,,,0.0,False,False
14:50:09,Baseline,Heuristic,0.11,1.01,0.301,0.008,0.074,,False,False
14:50:09,Baseline,Deep_Learning,1.63,149.61,,,,0.0,False,False
14:50:09,Baseline,Heuristic,0.11,1.01,0.302,0.008,0.073,,False,False
14:50:09,Baseline,Deep_Learning,1.72,149.87,,,,0.0,False,False
14:50:09,Baseline,Heuristic,0.11,1.01,0.303,0.008,0.071,,False,False
14:50:09,Baseline,Deep_Learning,1.7,149.64,,,,0.0,False,False
14:50:09,Baseline,Heuristic,0.11,1.01,0.304,0.008,0.07,,False,False
14:50:09,Baseline,Deep_Learning,1.66,149.41,,,,0.0,False,False
14:50:09,Baseline,Heuristic,0.11,1.01,0.305,0.008,0.069,,False,False
14:50:09,Baseline,Deep_Learning,1.64,149.15,,,,0.0,False,False
14:50:09,Baseline,Heuristic,0.1,1.01,0.305,0.008,0.068,,False,False
14:50:09,Baseline,Deep_Learning,1.58,149.67,,,,0.0,False,False
14:50:09,Baseline,Heuristic,0.1,1.01,0.305,0.007,0.067,,False,False
14:50:09,Baseline,Deep_Learning,1.61,149.41,,,,0.0,False,False
14:50:10,Baseline,Heuristic,0.1,1.01,0.305,0.007,0.066,,False,False
14:50:10,Baseline,Deep_Learning,1.69,149.41,,,,0.0,False,False
14:50:10,Baseline,Heuristic,0.11,1.01,0.304,0.007,0.065,,False,False
14:50:10,Baseline,Deep_Learning,1.73,149.64,,,,0.0,False,False
14:50:10,Baseline,Heuristic,0.11,1.01,0.302,0.007,0.064,,False,False
14:50:10,Baseline,Deep_Learning,1.6,149.64,,,,0.0,False,False
14:50:10,Baseline,Heuristic,0.11,1.01,0.302,0.007,0.063,,False,False
14:50:10,Baseline,Deep_Learning,1.73,149.64,,,,0.0,False,False
14:50:10,Baseline,Heuristic,0.11,1.01,0.3,0.007,0.062,,False,False
14:50:10,Baseline,Deep_Learning,1.66,148.93,,,,0.0,False,False
14:50:10,Baseline,Heuristic,0.1,1.01,0.299,0.007,0.061,,False,False
14:50:10,Baseline,Deep_Learning,1.61,149.15,,,,0.0,False,False
14:50:10,Baseline,Heuristic,0.1,1.01,0.298,0.007,0.06,,False,False
14:50:10,Baseline,Deep_Learning,1.64,149.64,,,,0.0,False,False
14:50:10,Baseline,Heuristic,0.13,1.01,0.298,0.007,0.059,,False,False
14:50:10,Baseline,Deep_Learning,1.7,149.12,,,,0.0,False,False
14:50:10,Baseline,Heuristic,0.12,1.01,0.298,0.007,0.058,,False,False
14:50:10,Baseline,Deep_Learning,1.69,148.89,,,,0.0,False,False
14:50:10,Baseline,Heuristic,0.1,1.01,0.298,0.006,0.057,,False,False
14:50:10,Baseline,Deep_Learning,1.67,149.15,,,,0.0,False,False
14:50:10,Baseline,Heuristic,0.13,1.01,0.298,0.006,0.056,,False,False
14:50:10,Baseline,Deep_Learning,2.04,148.89,,,,0.0,False,False
14:50:10,Baseline,Heuristic,0.1,1.01,0.298,0.006,0.054,,False,False
14:50:10,Baseline,Deep_Learning,1.63,149.38,,,,0.0,False,False
14:50:10,Baseline,Heuristic,0.1,1.01,0.299,0.006,0.053,,False,False
14:50:10,Baseline,Deep_Learning,1.63,149.64,,,,0.0,False,False
14:50:10,Baseline,Heuristic,0.11,1.01,0.299,0.006,0.052,,False,False
14:50:10,Baseline,Deep_Learning,1.71,149.15,,,,0.0,False,False
14:50:10,Baseline,Heuristic,0.11,1.01,0.3,0.006,0.051,,False,False
14:50:10,Baseline,Deep_Learning,1.73,149.15,,,,0.0,False,False
14:50:10,Baseline,Heuristic,0.11,1.01,0.301,0.006,0.049,,False,False
14:50:10,Baseline,Deep_Learning,1.68,149.15,,,,0.0,False,False
14:50:11,Baseline,Heuristic,0.11,1.01,0.301,0.006,0.048,,False,False
14:50:11,Baseline,Deep_Learning,1.72,149.15,,,,0.0,False,False
14:50:11,Baseline,Heuristic,0.11,1.01,0.302,0.006,0.047,,False,False
14:50:11,Baseline,Deep_Learning,1.6,149.15,,,,0.0,False,False
14:50:11,Baseline,Heuristic,0.11,1.01,0.303,0.006,0.046,,False,False
14:50:11,Baseline,Deep_Learning,1.64,149.15,,,,0.0,False,False
14:50:11,Baseline,Heuristic,0.1,1.01,0.303,0.006,0.045,,False,False
14:50:11,Baseline,Deep_Learning,2.36,149.15,,,,0.0,False,False
14:50:11,Baseline,Heuristic,0.11,1.01,0.304,0.006,0.044,,False,False
14:50:11,Baseline,Deep_Learning,1.66,149.15,,,,0.0,False,False
14:50:11,Baseline,Heuristic,0.11,1.01,0.305,0.006,0.043,,False,False
14:50:11,Baseline,Deep_Learning,1.68,149.15,,,,0.0,False,False
14:50:11,Baseline,Heuristic,0.1,1.01,0.305,0.006,0.042,,False,False
14:50:11,Baseline,Deep_Learning,1.59,149.15,,,,0.0,False,False
14:50:11,Baseline,Heuristic,0.1,1.01,0.306,0.005,0.041,,False,False
14:50:11,Baseline,Deep_Learning,1.58,148.67,,,,0.0,False,False
14:50:11,Baseline,Heuristic,0.11,1.01,0.306,0.005,0.04,,False,False
14:50:11,Baseline,Deep_Learning,1.67,148.67,,,,0.0,False,False
14:50:11,Baseline,Heuristic,0.11,1.01,0.307,0.005,0.039,,False,False
14:50:11,Baseline,Deep_Learning,1.84,148.93,,,,0.0,False,False
14:50:11,Baseline,Heuristic,0.11,1.01,0.307,0.005,0.038,,False,False
14:50:11,Baseline,Deep_Learning,1.67,148.93,,,,0.0,False,False
14:50:11,Baseline,Heuristic,0.11,1.01,0.307,0.005,0.037,,False,False
14:50:11,Baseline,Deep_Learning,1.83,148.93,,,,0.0,False,False
14:50:11,Baseline,Heuristic,0.1,1.01,0.308,0.005,0.036,,False,False
14:50:11,Baseline,Deep_Learning,1.61,149.15,,,,0.0,False,False
14:50:11,Baseline,Heuristic,0.1,1.01,0.308,0.005,0.034,,False,False
14:50:11,Baseline,Deep_Learning,1.6,148.93,,,,0.0,False,False
14:50:11,Baseline,Heuristic,0.1,1.01,0.308,0.005,0.033,,False,False
14:50:11,Baseline,Deep_Learning,1.55,148.93,,,,0.0,False,False
14:50:12,Baseline,Heuristic,0.11,1.01,0.307,0.005,0.032,,False,False
14:50:12,Baseline,Deep_Learning,1.71,148.93,,,,0.0,False,False
14:50:12,Baseline,Heuristic,0.13,1.01,0.306,0.005,0.031,,False,False
14:50:12,Baseline,Deep_Learning,1.75,148.93,,,,0.0,False,False
14:50:12,Baseline,Heuristic,0.1,1.01,0.305,0.005,0.03,,False,False
14:50:12,Baseline,Deep_Learning,1.61,148.93,,,,0.0,False,False
14:50:12,Baseline,Heuristic,0.1,1.01,0.305,0.005,0.029,,False,False
14:50:12,Baseline,Deep_Learning,1.59,148.67,,,,0.0,False,False
14:50:12,Baseline,Heuristic,0.1,1.01,0.305,0.005,0.028,,False,False
14:50:12,Baseline,Deep_Learning,1.6,148.89,,,,0.0,False,False
14:50:12,Baseline,Heuristic,0.11,1.01,0.305,0.005,0.027,,False,False
14:50:12,Baseline,Deep_Learning,1.61,149.15,,,,0.0,False,False
14:50:12,Baseline,Heuristic,0.1,1.01,0.305,0.004,0.026,,False,False
14:50:12,Baseline,Deep_Learning,1.58,148.93,,,,0.0,False,False
14:50:12,Baseline,Heuristic,0.1,1.01,0.305,0.004,0.024,,False,False
14:50:12,Baseline,Deep_Learning,1.64,148.93,,,,0.0,False,False
14:50:12,Baseline,Heuristic,0.1,1.01,0.305,0.004,0.023,,False,False
14:50:12,Baseline,Deep_Learning,1.61,149.41,,,,0.0,False,False
14:50:12,Baseline,Heuristic,0.11,1.01,0.306,0.004,0.022,,False,False
14:50:12,Baseline,Deep_Learning,1.81,149.15,,,,0.0,False,False
14:50:12,Baseline,Heuristic,0.11,1.01,0.306,0.004,0.021,,False,False
14:50:12,Baseline,Deep_Learning,1.61,148.67,,,,0.0,False,False
14:50:12,Baseline,Heuristic,0.1,1.01,0.307,0.004,0.02,,False,False
14:50:12,Baseline,Deep_Learning,1.56,148.93,,,,0.0,False,False
14:50:12,Baseline,Heuristic,0.11,1.01,0.307,0.004,0.019,,False,False
14:50:12,Baseline,Deep_Learning,1.65,148.93,,,,0.0,False,False
14:50:12,Baseline,Heuristic,0.11,1.01,0.308,0.004,0.017,,False,False
14:50:12,Baseline,Deep_Learning,1.66,149.15,,,,0.0,False,False
14:50:13,Baseline,Heuristic,0.1,1.01,0.309,0.004,0.016,,False,False
14:50:13,Baseline,Deep_Learning,1.59,148.93,,,,0.0,False,False
14:50:13,Baseline,Heuristic,0.1,1.01,0.309,0.004,0.015,,False,False
14:50:13,Baseline,Deep_Learning,1.63,148.7,,,,0.0,False,False
14:50:13,Baseline,Heuristic,0.11,1.01,0.31,0.004,0.014,,False,False
14:50:13,Baseline,Deep_Learning,1.7,148.44,,,,0.0,False,False
14:50:13,Baseline,Heuristic,0.11,1.01,0.311,0.004,0.013,,False,False
14:50:13,Baseline,Deep_Learning,1.66,148.44,,,,0.0,False,False
14:50:13,Baseline,Heuristic,0.12,1.01,0.311,0.004,0.012,,False,False
14:50:13,Baseline,Deep_Learning,1.82,148.67,,,,0.0,False,False
14:50:13,Baseline,Heuristic,0.11,1.01,0.312,0.004,0.011,,False,False
14:50:13,Baseline,Deep_Learning,1.69,148.67,,,,0.0,False,False
14:50:13,Baseline,Heuristic,0.1,1.01,0.312,0.004,0.009,,False,False
14:50:13,Baseline,Deep_Learning,1.64,148.44,,,,0.0,False,False
14:50:13,Baseline,Heuristic,0.1,1.01,0.313,0.004,0.008,,False,False
14:50:13,Baseline,Deep_Learning,1.57,148.44,,,,0.0,False,False
14:50:13,Baseline,Heuristic,0.11,1.01,0.313,0.004,0.007,,False,False
14:50:13,Baseline,Deep_Learning,1.64,148.22,,,,0.0,False,False
14:50:13,Baseline,Heuristic,0.11,1.01,0.313,0.004,0.006,,False,False
14:50:13,Baseline,Deep_Learning,1.66,148.22,,,,0.0,False,False
14:50:13,Baseline,Heuristic,0.11,1.01,0.313,0.004,0.005,,False,False
14:50:13,Baseline,Deep_Learning,1.63,147.96,,,,0.0,False,False
14:50:13,Baseline,Heuristic,0.11,1.01,0.313,0.004,0.004,,False,False
14:50:13,Baseline,Deep_Learning,2.96,147.99,,,,0.0,False,False
14:50:13,Baseline,Heuristic,0.1,1.01,0.312,0.004,0.002,,False,False
14:50:13,Baseline,Deep_Learning,1.66,148.22,,,,0.0,False,False
14:50:13,Baseline,Heuristic,0.11,1.01,0.31,0.004,0.001,,False,False
14:50:13,Baseline,Deep_Learning,1.8,148.44,,,,0.0,False,False
14:50:13,Baseline,Heuristic,0.11,1.01,0.309,0.003,0.0,,False,False
14:50:13,Baseline,Deep_Learning,1.58,148.44,,,,0.0,False,False
14:50:14,Baseline,Heuristic,0.11,1.01,0.308,0.003,0.0,,False,False
14:50:14,Baseline,Deep_Learning,1.68,148.44,,,,0.0,False,False
14:50:14,Baseline,Heuristic,0.12,1.01,0.307,0.003,0.0,,False,False
14:50:14,Baseline,Deep_Learning,1.61,148.19,,,,0.0,False,False
14:50:14,Baseline,Heuristic,0.1,1.01,0.306,0.003,0.0,,False,False
14:50:14,Baseline,Deep_Learning,1.59,148.22,,,,0.0,False,False
14:50:14,Baseline,Heuristic,0.11,1.01,0.306,0.003,0.0,,False,False
14:50:14,Baseline,Deep_Learning,1.62,148.47,,,,0.0,False,False
14:50:14,Baseline,Heuristic,0.1,1.01,0.305,0.003,0.0,,False,False
14:50:14,Baseline,Deep_Learning,1.64,148.7,,,,0.0,False,False
14:50:14,Baseline,Heuristic,0.1,1.01,0.305,0.003,0.0,,False,False
14:50:14,Baseline,Deep_Learning,1.58,148.7,,,,0.0,False,False
14:50:14,Baseline,Heuristic,0.11,1.01,0.305,0.003,0.0,,False,False
14:50:14,Baseline,Deep_Learning,1.69,148.22,,,,0.0,False,False
14:50:14,Baseline,Heuristic,0.11,1.01,0.306,0.003,0.0,,False,False
14:50:14,Baseline,Deep_Learning,1.67,148.44,,,,0.0,False,False
14:50:14,Baseline,Heuristic,0.11,1.01,0.306,0.003,0.0,,False,False
14:50:14,Baseline,Deep_Learning,1.63,148.67,,,,0.0,False,False
14:50:14,Baseline,Heuristic,0.11,1.01,0.306,0.003,0.0,,False,False
14:50:14,Baseline,Deep_Learning,1.6,148.44,,,,0.0,False,False
14:50:14,Baseline,Heuristic,0.1,1.01,0.307,0.003,0.0,,False,False
14:50:14,Baseline,Deep_Learning,1.56,148.67,,,,0.0,False,False
14:50:14,Baseline,Heuristic,0.1,1.01,0.307,0.003,0.0,,False,False
14:50:14,Baseline,Deep_Learning,1.63,148.93,,,,0.0,False,False
14:50:14,Baseline,Heuristic,0.11,1.01,0.307,0.003,0.0,,False,False
14:50:14,Baseline,Deep_Learning,1.62,148.67,,,,0.0,False,False
14:50:14,Baseline,Heuristic,0.11,1.01,0.308,0.003,0.0,,False,False
14:50:14,Baseline,Deep_Learning,1.64,148.93,,,,0.0,False,False
