Timestamp,Condition,Pipeline,Latency_ms,Peak_RAM_KB,EAR,MAR,PERCLOS,DL_Prob,System_Alert,Ground_Truth_Fatigue
22:27:49,Baseline,Heuristic,0.24,10.9,0.239,0.001,0.0,,False,False
22:27:49,Baseline,DL_quant,1.07,352.36,,,,0.0,False,False
22:27:49,Baseline,Heuristic,0.18,1.01,0.249,0.001,0.0,,False,False
22:27:49,Baseline,DL_quant,1.08,351.81,,,,0.0,False,False
22:27:49,Baseline,Heuristic,0.1,1.01,0.252,0.002,0.0,,False,False
22:27:49,Baseline,DL_quant,1.01,351.81,,,,0.0,False,False
22:27:49,Baseline,Heuristic,0.12,1.01,0.254,0.002,0.0,,False,False
22:27:49,Baseline,DL_quant,0.84,351.81,,,,0.0,False,False
22:27:49,Baseline,Heuristic,0.11,1.01,0.253,0.002,0.0,,False,False
22:27:49,Baseline,DL_quant,0.96,351.81,,,,0.0,False,False
22:27:49,Baseline,Heuristic,0.11,1.01,0.253,0.002,0.0,,False,False
22:27:49,Baseline,DL_quant,1.19,351.81,,,,0.0,False,False
22:27:49,Baseline,Heuristic,0.1,1.01,0.253,0.002,0.0,,False,False
22:27:49,Baseline,DL_quant,0.77,351.81,,,,0.0,False,False
22:27:49,Baseline,Heuristic,0.12,1.01,0.252,0.002,0.0,,False,False
22:27:49,Baseline,DL_quant,0.82,351.81,,,,0.0,False,False
22:27:49,Baseline,Heuristic,0.11,1.01,0.252,0.002,0.0,,False,False
22:27:49,Baseline,DL_quant,0.82,351.81,,,,0.0,False,False
22:27:49,Baseline,Heuristic,0.1,1.01,0.251,0.002,0.0,,False,False
22:27:49,Baseline,DL_quant,0.77,351.81,,,,0.0,False,False
22:27:49,Baseline,Heuristic,0.1,1.01,0.251,0.002,0.0,,False,False
22:27:49,Baseline,DL_quant,0.74,351.81,,,,0.0,False,False
22:27:49,Baseline,Heuristic,0.1,1.01,0.25,0.002,0.0,,False,False
22:27:49,Baseline,DL_quant,0.82,351.81,,,,0.0,False,False
22:27:49,Baseline,Heuristic,0.1,1.01,0.25,0.002,0.0,,False,False
22:27:49,Baseline,DL_quant,0.93,351.81,,,,0.0,False,False
22:27:49,Baseline,Heuristic,0.28,1.01,0.25,0.002,0.0,,False,False
22:27:49,Baseline,DL_quant,2.25,351.81,,,,0.0,False,False
22:27:49,Baseline,Heuristic,0.1,1.01,0.251,0.002,0.0,,False,False
22:27:49,Baseline,DL_quant,0.77,351.81,,,,0.0,False,False
22:27:49,Baseline,Heuristic,0.17,1.01,0.251,0.002,0.0,,False,False
22:27:49,Baseline,DL_quant,1.31,351.81,,,,0.0,False,False
22:27:49,Baseline,Heuristic,0.13,1.01,0.252,0.002,0.0,,False,False
22:27:49,Baseline,DL_quant,0.93,351.81,,,,0.0,False,False
22:27:49,Baseline,Heuristic,0.1,1.01,0.252,0.002,0.0,,False,False
22:27:49,Baseline,DL_quant,0.77,351.81,,,,0.0,False,False
22:27:49,Baseline,Heuristic,0.14,1.01,0.253,0.002,0.0,,False,False
22:27:49,Baseline,DL_quant,1.17,351.81,,,,0.0,False,False
22:27:49,Baseline,Heuristic,0.1,1.01,0.253,0.002,0.0,,False,False
22:27:49,Baseline,DL_quant,0.77,351.81,,,,0.0,False,False
22:27:49,Baseline,Heuristic,0.15,1.01,0.254,0.002,0.0,,False,False
22:27:49,Baseline,DL_quant,0.91,351.81,,,,0.0,False,False
22:27:49,Baseline,Heuristic,0.1,1.01,0.255,0.002,0.0,,False,False
22:27:49,Baseline,DL_quant,1.04,351.81,,,,0.0,False,False
22:27:49,Baseline,Heuristic,0.1,1.01,0.256,0.002,0.0,,False,False
22:27:49,Baseline,DL_quant,0.82,351.81,,,,0.0,False,False
22:27:50,Baseline,Heuristic,0.11,1.01,0.257,0.002,0.0,,False,False
22:27:50,Baseline,DL_quant,0.87,351.81,,,,0.0,False,False
22:27:50,Baseline,Heuristic,0.15,1.01,0.258,0.002,0.0,,False,False
22:27:50,Baseline,DL_quant,1.12,351.81,,,,0.0,False,False
22:27:50,Baseline,Heuristic,0.1,1.01,0.259,0.002,0.0,,False,False
22:27:50,Baseline,DL_quant,0.75,351.81,,,,0.0,False,False
22:27:50,Baseline,Heuristic,0.11,1.01,0.26,0.002,0.0,,False,False
22:27:50,Baseline,DL_quant,0.84,351.81,,,,0.0,False,False
22:27:50,Baseline,Heuristic,0.1,1.01,0.261,0.002,0.0,,False,False
22:27:50,Baseline,DL_quant,0.81,351.81,,,,0.0,False,False
22:27:50,Baseline,Heuristic,0.15,1.01,0.262,0.002,0.0,,False,False
22:27:50,Baseline,DL_quant,1.03,351.81,,,,0.0,False,False
22:27:50,Baseline,Heuristic,0.16,1.01,0.262,0.002,0.0,,False,False
22:27:50,Baseline,DL_quant,1.24,351.81,,,,0.0,False,False
22:27:50,Baseline,Heuristic,0.11,1.01,0.263,0.002,0.0,,False,False
22:27:50,Baseline,DL_quant,0.84,351.81,,,,0.0,False,False
22:27:50,Baseline,Heuristic,0.1,1.01,0.263,0.002,0.0,,False,False
22:27:50,Baseline,DL_quant,0.85,351.81,,,,0.0,False,False
22:27:50,Baseline,Heuristic,0.16,1.27,0.263,0.002,0.0,,False,False
22:27:50,Baseline,DL_quant,1.27,351.81,,,,0.0,False,False
22:27:50,Baseline,Heuristic,0.17,1.01,0.263,0.002,0.0,,False,False
22:27:50,Baseline,DL_quant,1.27,351.81,,,,0.0,False,False
22:27:50,Baseline,Heuristic,0.11,1.01,0.263,0.002,0.0,,False,False
22:27:50,Baseline,DL_quant,0.8,351.81,,,,0.0,False,False
22:27:50,Baseline,Heuristic,0.1,1.01,0.263,0.002,0.0,,False,False
22:27:50,Baseline,DL_quant,0.79,351.81,,,,0.0,False,False
22:27:50,Baseline,Heuristic,0.15,1.01,0.264,0.002,0.0,,False,False
22:27:50,Baseline,DL_quant,0.93,351.81,,,,0.0,False,False
22:27:50,Baseline,Heuristic,0.1,1.01,0.264,0.002,0.0,,False,False
22:27:50,Baseline,DL_quant,0.83,351.81,,,,0.0,False,False
22:27:50,Baseline,Heuristic,0.1,1.01,0.264,0.002,0.0,,False,False
22:27:50,Baseline,DL_quant,0.77,351.81,,,,0.0,False,False
22:27:50,Baseline,Heuristic,0.1,1.01,0.264,0.002,0.0,,False,False
22:27:50,Baseline,DL_quant,0.77,351.81,,,,0.0,False,False
22:27:50,Baseline,Heuristic,0.16,1.01,0.265,0.002,0.0,,False,False
22:27:50,Baseline,DL_quant,0.87,351.81,,,,0.0,False,False
22:27:50,Baseline,Heuristic,0.1,1.01,0.265,0.002,0.0,,False,False
22:27:50,Baseline,DL_quant,0.81,351.81,,,,0.0,False,False
22:27:50,Baseline,Heuristic,0.1,1.01,0.266,0.002,0.0,,False,False
22:27:50,Baseline,DL_quant,0.81,351.81,,,,0.0,False,False
22:27:50,Baseline,Heuristic,0.15,1.01,0.266,0.002,0.0,,False,False
22:27:50,Baseline,DL_quant,1.19,351.81,,,,0.0,False,False
22:27:50,Baseline,Heuristic,0.1,1.01,0.267,0.002,0.0,,False,False
22:27:50,Baseline,DL_quant,0.85,351.81,,,,0.0,False,False
22:27:50,Baseline,Heuristic,0.12,1.01,0.268,0.002,0.0,,False,False
22:27:50,Baseline,DL_quant,0.95,351.81,,,,0.0,False,False
22:27:50,Baseline,Heuristic,0.1,1.01,0.269,0.002,0.0,,False,False
22:27:50,Baseline,DL_quant,0.78,351.81,,,,0.0,False,False
22:27:50,Baseline,Heuristic,0.2,1.01,0.269,0.002,0.0,,False,False
22:27:50,Baseline,DL_quant,1.24,351.81,,,,0.0,False,False
22:27:50,Baseline,Heuristic,0.1,1.01,0.27,0.002,0.0,,False,False
22:27:50,Baseline,DL_quant,0.75,351.81,,,,0.0,False,False
22:27:50,Baseline,Heuristic,0.15,1.01,0.271,0.002,0.0,,False,False
22:27:50,Baseline,DL_quant,0.94,351.81,,,,0.0,False,False
22:27:50,Baseline,Heuristic,0.1,1.01,0.271,0.002,0.0,,False,False
22:27:50,Baseline,DL_quant,0.73,351.81,,,,0.0,False,False
22:27:50,Baseline,Heuristic,0.11,1.01,0.272,0.002,0.0,,False,False
22:27:50,Baseline,DL_quant,0.87,351.81,,,,0.0,False,False
22:27:50,Baseline,Heuristic,0.1,1.01,0.272,0.002,0.0,,False,False
22:27:50,Baseline,DL_quant,0.83,351.81,,,,0.0,False,False
22:27:51,Baseline,Heuristic,0.1,1.01,0.273,0.003,0.0,,False,False
22:27:51,Baseline,DL_quant,0.87,351.81,,,,0.0,False,False
22:27:51,Baseline,Heuristic,0.1,1.01,0.274,0.003,0.0,,False,False
22:27:51,Baseline,DL_quant,0.82,351.81,,,,0.0,False,False
22:27:51,Baseline,Heuristic,0.1,1.01,0.274,0.003,0.0,,False,False
22:27:51,Baseline,DL_quant,0.76,351.81,,,,0.0,False,False
22:27:51,Baseline,Heuristic,0.15,1.01,0.274,0.003,0.0,,False,False
22:27:51,Baseline,DL_quant,1.09,351.81,,,,0.0,False,False
22:27:51,Baseline,Heuristic,0.1,1.01,0.275,0.003,0.0,,False,False
22:27:51,Baseline,DL_quant,0.75,351.81,,,,0.0,False,False
22:27:51,Baseline,Heuristic,0.1,1.01,0.275,0.003,0.0,,False,False
22:27:51,Baseline,DL_quant,0.76,351.81,,,,0.0,False,False
22:27:51,Baseline,Heuristic,0.1,1.01,0.276,0.003,0.0,,False,False
22:27:51,Baseline,DL_quant,0.82,351.81,,,,0.0,False,False
22:27:51,Baseline,Heuristic,0.1,1.01,0.276,0.003,0.0,,False,False
22:27:51,Baseline,DL_quant,0.8,351.81,,,,0.0,False,False
22:27:51,Baseline,Heuristic,0.1,1.01,0.277,0.003,0.0,,False,False
22:27:51,Baseline,DL_quant,0.8,351.81,,,,0.0,False,False
22:27:51,Baseline,Heuristic,0.11,1.01,0.277,0.003,0.0,,False,False
22:27:51,Baseline,DL_quant,0.81,351.81,,,,0.0,False,False
22:27:51,Baseline,Heuristic,0.11,1.01,0.277,0.003,0.0,,False,False
22:27:51,Baseline,DL_quant,0.81,351.81,,,,0.0,False,False
22:27:51,Baseline,Heuristic,0.1,1.01,0.278,0.003,0.0,,False,False
22:27:51,Baseline,DL_quant,0.77,351.81,,,,0.0,False,False
22:27:51,Baseline,Heuristic,0.11,1.01,0.278,0.003,0.0,,False,False
22:27:51,Baseline,DL_quant,0.82,351.81,,,,0.0,False,False
22:27:51,Baseline,Heuristic,0.11,1.01,0.278,0.003,0.0,,False,False
22:27:51,Baseline,DL_quant,0.8,351.81,,,,0.0,False,False
22:27:51,Baseline,Heuristic,0.1,1.01,0.278,0.003,0.0,,False,False
22:27:51,Baseline,DL_quant,0.81,351.81,,,,0.0,False,False
22:27:51,Baseline,Heuristic,0.1,1.01,0.279,0.003,0.0,,False,False
22:27:51,Baseline,DL_quant,0.77,351.81,,,,0.0,False,False
22:27:51,Baseline,Heuristic,0.1,1.01,0.279,0.004,0.0,,False,False
22:27:51,Baseline,DL_quant,0.89,351.81,,,,0.0,False,False
22:27:51,Baseline,Heuristic,0.1,1.01,0.279,0.005,0.0,,False,False
22:27:51,Baseline,DL_quant,0.74,351.81,,,,0.0,False,False
22:27:51,Baseline,Heuristic,0.1,1.01,0.28,0.006,0.0,,False,False
22:27:51,Baseline,DL_quant,0.79,351.81,,,,0.0,False,False
22:27:51,Baseline,Heuristic,0.1,1.01,0.28,0.008,0.0,,False,False
22:27:51,Baseline,DL_quant,0.94,351.81,,,,0.0,False,False
22:27:51,Baseline,Heuristic,0.1,1.01,0.28,0.01,0.0,,False,False
22:27:51,Baseline,DL_quant,0.77,351.81,,,,0.0,False,False
22:27:51,Baseline,Heuristic,0.14,1.01,0.281,0.012,0.0,,False,False
22:27:51,Baseline,DL_quant,0.83,351.81,,,,0.0,False,False
22:27:51,Baseline,Heuristic,0.09,1.01,0.281,0.015,0.0,,False,False
22:27:51,Baseline,DL_quant,0.74,351.81,,,,0.0,False,False
22:27:51,Baseline,Heuristic,0.1,1.01,0.281,0.017,0.0,,False,False
22:27:51,Baseline,DL_quant,0.76,351.81,,,,0.0,False,False
22:27:51,Baseline,Heuristic,0.12,1.01,0.281,0.02,0.0,,False,False
22:27:51,Baseline,DL_quant,0.81,351.81,,,,0.0,False,False
22:27:51,Baseline,Heuristic,0.1,1.01,0.282,0.023,0.0,,False,False
22:27:51,Baseline,DL_quant,0.84,351.81,,,,0.0,False,False
22:27:51,Baseline,Heuristic,0.1,1.01,0.282,0.027,0.0,,False,False
22:27:51,Baseline,DL_quant,0.83,351.81,,,,0.0,False,False
22:27:51,Baseline,Heuristic,0.1,1.01,0.282,0.03,0.0,,False,False
22:27:51,Baseline,DL_quant,0.77,351.81,,,,0.0,False,False
22:27:51,Baseline,Heuristic,0.1,1.01,0.282,0.034,0.0,,False,False
22:27:51,Baseline,DL_quant,0.77,351.81,,,,0.0,False,False
22:27:52,Baseline,Heuristic,0.11,1.01,0.282,0.037,0.0,,False,False
22:27:52,Baseline,DL_quant,0.87,351.81,,,,0.0,False,False
22:27:52,Baseline,Heuristic,0.1,1.01,0.283,0.041,0.0,,False,False
22:27:52,Baseline,DL_quant,0.78,351.81,,,,0.0,False,False
22:27:52,Baseline,Heuristic,0.1,1.01,0.283,0.044,0.0,,False,False
22:27:52,Baseline,DL_quant,0.79,351.81,,,,0.0,False,False
22:27:52,Baseline,Heuristic,0.11,1.01,0.283,0.048,0.0,,False,False
22:27:52,Baseline,DL_quant,0.8,351.81,,,,0.0,False,False
22:27:52,Baseline,Heuristic,0.11,1.01,0.283,0.052,0.0,,False,False
22:27:52,Baseline,DL_quant,0.8,351.81,,,,0.0,False,False
22:27:52,Baseline,Heuristic,0.1,1.01,0.283,0.055,0.0,,False,False
22:27:52,Baseline,DL_quant,0.85,351.81,,,,0.0,False,False
22:27:52,Baseline,Heuristic,0.1,1.01,0.283,0.059,0.0,,False,False
22:27:52,Baseline,DL_quant,0.74,351.81,,,,0.0,False,False
22:27:52,Baseline,Heuristic,0.1,1.01,0.283,0.063,0.0,,False,False
22:27:52,Baseline,DL_quant,0.76,351.81,,,,0.0,False,False
22:27:52,Baseline,Heuristic,0.1,1.01,0.283,0.067,0.0,,False,False
22:27:52,Baseline,DL_quant,0.79,351.81,,,,0.0,False,False
22:27:52,Baseline,Heuristic,0.1,1.01,0.283,0.071,0.0,,False,False
22:27:52,Baseline,DL_quant,0.79,351.81,,,,0.0,False,False
22:27:52,Baseline,Heuristic,0.12,1.01,0.283,0.074,0.0,,False,False
22:27:52,Baseline,DL_quant,0.78,351.81,,,,0.543,False,False
22:27:52,Baseline,Heuristic,0.1,1.01,0.282,0.078,0.0,,False,False
22:27:52,Baseline,DL_quant,0.77,351.81,,,,0.262,False,False
22:27:52,Baseline,Heuristic,0.1,1.01,0.282,0.082,0.0,,False,False
22:27:52,Baseline,DL_quant,0.74,351.81,,,,0.004,False,False
22:27:52,Baseline,Heuristic,0.11,1.01,0.281,0.086,0.0,,False,False
22:27:52,Baseline,DL_quant,0.82,351.81,,,,0.008,False,False
22:27:52,Baseline,Heuristic,0.11,1.27,0.28,0.09,0.0,,False,False
22:27:52,Baseline,DL_quant,0.79,351.81,,,,0.008,False,False
22:27:52,Baseline,Heuristic,0.12,1.01,0.279,0.094,0.0,,False,False
22:27:52,Baseline,DL_quant,1.01,351.81,,,,0.004,False,False
22:27:52,Baseline,Heuristic,0.1,1.01,0.278,0.098,0.0,,False,False
22:27:52,Baseline,DL_quant,0.77,351.81,,,,0.004,False,False
22:27:52,Baseline,Heuristic,0.1,1.01,0.277,0.102,0.0,,False,False
22:27:52,Baseline,DL_quant,0.8,351.81,,,,0.004,False,False
22:27:52,Baseline,Heuristic,0.11,1.01,0.276,0.106,0.0,,False,False
22:27:52,Baseline,DL_quant,0.91,351.81,,,,0.004,False,False
22:27:52,Baseline,Heuristic,0.1,1.01,0.275,0.11,0.0,,False,False
22:27:52,Baseline,DL_quant,0.75,351.81,,,,0.0,False,False
22:27:52,Baseline,Heuristic,0.1,1.01,0.274,0.114,0.0,,False,False
22:27:52,Baseline,DL_quant,0.8,351.81,,,,0.0,False,False
22:27:52,Baseline,Heuristic,0.09,1.01,0.273,0.119,0.0,,False,False
22:27:52,Baseline,DL_quant,0.74,351.81,,,,0.0,False,False
22:27:52,Baseline,Heuristic,0.1,1.01,0.271,0.123,0.0,,False,False
22:27:52,Baseline,DL_quant,0.73,351.81,,,,0.0,False,False
22:27:52,Baseline,Heuristic,0.1,1.01,0.27,0.127,0.0,,False,False
22:27:52,Baseline,DL_quant,0.82,351.81,,,,0.0,False,False
22:27:52,Baseline,Heuristic,0.1,1.01,0.269,0.131,0.0,,False,False
22:27:52,Baseline,DL_quant,0.75,351.81,,,,0.0,False,False
22:27:52,Baseline,Heuristic,0.1,1.01,0.268,0.135,0.0,,False,False
22:27:52,Baseline,DL_quant,0.87,351.81,,,,0.0,False,False
22:27:52,Baseline,Heuristic,0.11,1.01,0.266,0.139,0.0,,False,False
22:27:52,Baseline,DL_quant,0.75,351.81,,,,0.0,False,False
22:27:52,Baseline,Heuristic,0.1,1.01,0.265,0.143,0.0,,False,False
22:27:52,Baseline,DL_quant,0.73,351.81,,,,0.094,False,False
22:27:52,Baseline,Heuristic,0.16,1.01,0.264,0.147,0.0,,False,False
22:27:52,Baseline,DL_quant,0.83,351.81,,,,0.051,False,False
22:27:52,Baseline,Heuristic,0.1,1.01,0.262,0.15,0.0,,False,False
22:27:52,Baseline,DL_quant,0.74,351.81,,,,0.109,False,False
22:27:52,Baseline,Heuristic,0.1,1.01,0.261,0.154,0.0,,False,False
22:27:52,Baseline,DL_quant,0.75,351.81,,,,0.148,False,False
22:27:52,Baseline,Heuristic,0.1,1.01,0.26,0.157,0.0,,False,False
22:27:52,Baseline,DL_quant,0.76,351.81,,,,0.543,False,False
22:27:53,Baseline,Heuristic,0.1,1.01,0.259,0.161,0.0,,False,False
22:27:53,Baseline,DL_quant,0.74,351.81,,,,0.457,False,False
22:27:53,Baseline,Heuristic,0.1,1.01,0.257,0.164,0.0,,False,False
22:27:53,Baseline,DL_quant,0.73,351.81,,,,0.457,False,False
22:27:53,Baseline,Heuristic,0.1,1.01,0.256,0.167,0.0,,False,False
22:27:53,Baseline,DL_quant,0.75,351.81,,,,0.008,False,False
22:27:53,Baseline,Heuristic,0.1,1.01,0.255,0.17,0.0,,False,False
22:27:53,Baseline,DL_quant,0.76,351.81,,,,0.0,False,False
22:27:53,Baseline,Heuristic,0.1,1.01,0.254,0.172,0.0,,False,False
22:27:53,Baseline,DL_quant,0.72,351.81,,,,0.0,False,False
22:27:53,Baseline,Heuristic,0.1,1.01,0.253,0.175,0.0,,False,False
22:27:53,Baseline,DL_quant,0.74,351.81,,,,0.0,False,False
22:27:53,Baseline,Heuristic,0.1,1.01,0.252,0.177,0.0,,False,False
22:27:53,Baseline,DL_quant,0.81,351.81,,,,0.0,False,False
22:27:53,Baseline,Heuristic,0.1,1.01,0.251,0.179,0.0,,False,False
22:27:53,Baseline,DL_quant,0.76,351.81,,,,0.0,False,False
22:27:53,Baseline,Heuristic,0.09,1.01,0.25,0.18,0.0,,False,False
22:27:53,Baseline,DL_quant,0.76,351.81,,,,0.0,False,False
22:27:53,Baseline,Heuristic,0.09,1.01,0.249,0.182,0.0,,False,False
22:27:53,Baseline,DL_quant,0.75,351.81,,,,0.0,False,False
22:27:53,Baseline,Heuristic,0.1,1.01,0.249,0.183,0.0,,False,False
22:27:53,Baseline,DL_quant,0.87,351.81,,,,0.0,False,False
22:27:53,Baseline,Heuristic,0.1,1.01,0.248,0.184,0.0,,False,False
22:27:53,Baseline,DL_quant,0.75,351.81,,,,0.0,False,False
22:27:53,Baseline,Heuristic,0.11,1.01,0.247,0.185,0.0,,False,False
22:27:53,Baseline,DL_quant,0.76,351.81,,,,0.0,False,False
22:27:53,Baseline,Heuristic,0.1,1.01,0.246,0.185,0.0,,False,False
22:27:53,Baseline,DL_quant,0.8,351.81,,,,0.0,False,False
22:27:53,Baseline,Heuristic,0.18,1.01,0.246,0.186,0.0,,False,False
22:27:53,Baseline,DL_quant,0.75,351.81,,,,0.0,False,False
22:27:53,Baseline,Heuristic,0.1,1.01,0.245,0.186,0.0,,False,False
22:27:53,Baseline,DL_quant,0.76,351.81,,,,0.0,False,False
22:27:53,Baseline,Heuristic,0.1,1.01,0.245,0.186,0.0,,False,False
22:27:53,Baseline,DL_quant,0.75,351.81,,,,0.0,False,False
22:27:53,Baseline,Heuristic,0.1,1.01,0.244,0.186,0.0,,False,False
22:27:53,Baseline,DL_quant,0.77,351.81,,,,0.0,False,False
22:27:53,Baseline,Heuristic,0.1,1.01,0.244,0.186,0.0,,False,False
22:27:53,Baseline,DL_quant,0.75,351.81,,,,0.0,False,False
22:27:53,Baseline,Heuristic,0.1,1.01,0.244,0.185,0.0,,False,False
22:27:53,Baseline,DL_quant,0.73,351.81,,,,0.0,False,False
22:27:53,Baseline,Heuristic,0.1,1.01,0.243,0.184,0.0,,False,False
22:27:53,Baseline,DL_quant,0.82,351.81,,,,0.0,False,False
22:27:53,Baseline,Heuristic,0.09,1.01,0.243,0.184,0.0,,False,False
22:27:53,Baseline,DL_quant,0.73,351.81,,,,0.0,False,False
22:27:53,Baseline,Heuristic,0.1,1.01,0.243,0.183,0.0,,False,False
22:27:53,Baseline,DL_quant,0.75,351.81,,,,0.0,False,False
22:27:53,Baseline,Heuristic,0.09,1.01,0.242,0.182,0.0,,False,False
22:27:53,Baseline,DL_quant,0.74,351.81,,,,0.0,False,False
22:27:53,Baseline,Heuristic,0.1,1.01,0.242,0.181,0.0,,False,False
22:27:53,Baseline,DL_quant,0.76,351.81,,,,0.0,False,False
22:27:53,Baseline,Heuristic,0.1,1.01,0.242,0.18,0.0,,False,False
22:27:53,Baseline,DL_quant,0.83,351.81,,,,0.0,False,False
22:27:53,Baseline,Heuristic,0.09,1.01,0.241,0.178,0.0,,False,False
22:27:53,Baseline,DL_quant,0.73,351.81,,,,0.0,False,False
22:27:53,Baseline,Heuristic,0.09,1.01,0.241,0.177,0.0,,False,False
22:27:53,Baseline,DL_quant,0.73,351.81,,,,0.0,False,False
22:27:53,Baseline,Heuristic,0.09,1.01,0.24,0.176,0.0,,False,False
22:27:53,Baseline,DL_quant,0.77,351.81,,,,0.0,False,False
22:27:54,Baseline,Heuristic,0.09,1.01,0.239,0.174,0.0,,False,False
22:27:54,Baseline,DL_quant,0.75,351.81,,,,0.0,False,False
22:27:54,Baseline,Heuristic,0.09,1.01,0.239,0.173,0.0,,False,False
22:27:54,Baseline,DL_quant,0.72,351.81,,,,0.0,False,False
22:27:54,Baseline,Heuristic,0.1,1.01,0.238,0.172,0.0,,False,False
22:27:54,Baseline,DL_quant,0.75,351.81,,,,0.0,False,False
22:27:54,Baseline,Heuristic,0.09,1.01,0.237,0.17,0.0,,False,False
22:27:54,Baseline,DL_quant,1.05,351.81,,,,0.0,False,False
22:27:54,Baseline,Heuristic,0.11,1.01,0.236,0.169,0.0,,False,False
22:27:54,Baseline,DL_quant,0.94,351.81,,,,0.0,False,False
22:27:54,Baseline,Heuristic,0.1,1.01,0.236,0.168,0.0,,False,False
22:27:54,Baseline,DL_quant,0.73,351.81,,,,0.0,False,False
22:27:54,Baseline,Heuristic,0.1,1.01,0.235,0.167,0.0,,False,False
22:27:54,Baseline,DL_quant,0.72,351.81,,,,0.0,False,False
22:27:54,Baseline,Heuristic,0.1,1.01,0.234,0.166,0.0,,False,False
22:27:54,Baseline,DL_quant,0.77,351.81,,,,0.0,False,False
22:27:54,Baseline,Heuristic,0.11,1.01,0.233,0.165,0.0,,False,False
22:27:54,Baseline,DL_quant,0.77,351.81,,,,0.0,False,False
22:27:54,Baseline,Heuristic,0.1,1.01,0.233,0.165,0.0,,False,False
22:27:54,Baseline,DL_quant,0.73,351.81,,,,0.0,False,False
22:27:54,Baseline,Heuristic,0.1,1.01,0.232,0.164,0.0,,False,False
22:27:54,Baseline,DL_quant,0.74,351.81,,,,0.0,False,False
22:27:54,Baseline,Heuristic,0.1,1.01,0.231,0.163,0.0,,False,False
22:27:54,Baseline,DL_quant,0.75,351.81,,,,0.0,False,False
22:27:54,Baseline,Heuristic,0.09,1.01,0.23,0.162,0.0,,False,False
22:27:54,Baseline,DL_quant,0.72,351.81,,,,0.0,False,False
22:27:54,Baseline,Heuristic,0.13,1.01,0.23,0.162,0.0,,False,False
22:27:54,Baseline,DL_quant,0.95,351.81,,,,0.0,False,False
22:27:54,Baseline,Heuristic,0.1,1.01,0.229,0.161,0.0,,False,False
22:27:54,Baseline,DL_quant,0.74,351.81,,,,0.0,False,False
22:27:54,Baseline,Heuristic,0.1,1.01,0.228,0.161,0.0,,False,False
22:27:54,Baseline,DL_quant,0.73,351.81,,,,0.0,False,False
22:27:54,Baseline,Heuristic,0.09,1.01,0.227,0.161,0.0,,False,False
22:27:54,Baseline,DL_quant,0.76,351.81,,,,0.0,False,False
22:27:54,Baseline,Heuristic,0.1,1.27,0.226,0.161,0.0,,False,False
22:27:54,Baseline,DL_quant,0.79,351.81,,,,0.0,False,False
22:27:54,Baseline,Heuristic,0.1,1.01,0.225,0.161,0.0,,False,False
22:27:54,Baseline,DL_quant,0.82,351.81,,,,0.0,False,False
22:27:54,Baseline,Heuristic,0.1,1.01,0.224,0.161,0.0,,False,False
22:27:54,Baseline,DL_quant,0.77,351.81,,,,0.0,False,False
22:27:54,Baseline,Heuristic,0.1,1.01,0.223,0.162,0.0,,False,False
22:27:54,Baseline,DL_quant,0.77,351.81,,,,0.0,False,False
22:27:54,Baseline,Heuristic,0.1,1.01,0.222,0.162,0.0,,False,False
22:27:54,Baseline,DL_quant,0.79,351.81,,,,0.148,False,False
22:27:54,Baseline,Heuristic,0.14,1.01,0.221,0.163,0.0,,False,False
22:27:54,Baseline,DL_quant,0.83,351.81,,,,0.199,False,False
22:27:54,Baseline,Heuristic,0.1,1.01,0.219,0.164,0.0,,False,False
22:27:54,Baseline,DL_quant,0.86,351.81,,,,0.227,False,False
22:27:55,Baseline,Heuristic,0.1,1.01,0.218,0.165,0.0,,False,False
22:27:55,Baseline,DL_quant,0.8,351.81,,,,0.031,False,False
22:27:55,Baseline,Heuristic,0.1,1.01,0.217,0.166,0.0,,False,False
22:27:55,Baseline,DL_quant,0.74,351.81,,,,0.051,False,False
22:27:55,Baseline,Heuristic,0.12,1.01,0.216,0.167,0.0,,False,False
22:27:55,Baseline,DL_quant,0.79,351.81,,,,0.035,False,False
22:27:55,Baseline,Heuristic,0.17,1.01,0.214,0.168,0.0,,False,False
22:27:55,Baseline,DL_quant,1.4,351.81,,,,0.004,False,False
22:27:55,Baseline,Heuristic,0.1,1.01,0.213,0.169,0.0,,False,False
22:27:55,Baseline,DL_quant,0.83,351.81,,,,0.059,False,False
22:27:55,Baseline,Heuristic,0.1,1.01,0.212,0.171,0.0,,False,False
22:27:55,Baseline,DL_quant,0.74,351.81,,,,0.016,False,False
22:27:55,Baseline,Heuristic,0.14,1.01,0.211,0.172,0.0,,False,False
22:27:55,Baseline,DL_quant,0.86,351.81,,,,0.051,False,False
22:27:55,Baseline,Heuristic,0.1,1.01,0.21,0.174,0.0,,False,False
22:27:55,Baseline,DL_quant,0.78,351.81,,,,0.043,False,False
22:27:55,Baseline,Heuristic,0.14,1.01,0.209,0.175,0.0,,False,False
22:27:55,Baseline,DL_quant,0.87,351.81,,,,0.043,False,False
22:27:55,Baseline,Heuristic,0.1,1.01,0.208,0.177,0.0,,False,False
22:27:55,Baseline,DL_quant,0.78,351.81,,,,0.031,False,False
22:27:55,Baseline,Heuristic,0.1,1.01,0.207,0.179,0.0,,False,False
22:27:55,Baseline,DL_quant,0.83,351.81,,,,0.035,False,False
22:27:55,Baseline,Heuristic,0.1,1.01,0.206,0.181,0.0,,False,False
22:27:55,Baseline,DL_quant,0.73,351.81,,,,0.035,False,False
22:27:55,Baseline,Heuristic,0.1,1.01,0.205,0.182,0.0,,False,False
22:27:55,Baseline,DL_quant,0.79,351.81,,,,0.004,False,False
22:27:55,Baseline,Heuristic,0.1,1.01,0.204,0.184,0.0,,False,False
22:27:55,Baseline,DL_quant,0.76,351.81,,,,0.008,False,False
22:27:55,Baseline,Heuristic,0.1,1.01,0.203,0.186,0.0,,False,False
22:27:55,Baseline,DL_quant,0.76,351.81,,,,0.008,False,False
22:27:55,Baseline,Heuristic,0.1,1.01,0.202,0.188,0.0,,False,False
22:27:55,Baseline,DL_quant,0.72,351.81,,,,0.008,False,False
22:27:55,Baseline,Heuristic,0.1,1.01,0.202,0.19,0.0,,False,False
22:27:55,Baseline,DL_quant,0.73,351.81,,,,0.004,False,False
22:27:55,Baseline,Heuristic,0.09,1.01,0.201,0.192,0.0,,False,False
22:27:55,Baseline,DL_quant,0.73,351.81,,,,0.043,False,False
22:27:55,Baseline,Heuristic,0.1,1.01,0.2,0.194,0.0,,False,False
22:27:55,Baseline,DL_quant,0.76,351.81,,,,0.051,False,False
22:27:55,Baseline,Heuristic,0.1,1.01,0.199,0.196,0.005,,False,False
22:27:55,Baseline,DL_quant,0.93,351.81,,,,0.07,False,False
22:27:55,Baseline,Heuristic,0.1,1.01,0.199,0.198,0.011,,False,False
22:27:55,Baseline,DL_quant,0.82,351.81,,,,0.07,False,False
22:27:55,Baseline,Heuristic,0.1,1.01,0.198,0.201,0.016,,False,False
22:27:55,Baseline,DL_quant,0.77,351.81,,,,0.262,False,False
22:27:55,Baseline,Heuristic,0.1,1.01,0.197,0.203,0.021,,False,False
22:27:55,Baseline,DL_quant,0.75,351.81,,,,0.031,False,False
22:27:55,Baseline,Heuristic,0.1,1.01,0.197,0.205,0.026,,False,False
22:27:55,Baseline,DL_quant,0.73,351.81,,,,0.02,False,False
22:27:55,Baseline,Heuristic,0.09,1.01,0.196,0.207,0.031,,False,False
22:27:55,Baseline,DL_quant,0.72,351.81,,,,0.031,False,False
22:27:55,Baseline,Heuristic,0.09,1.01,0.195,0.209,0.036,,False,False
22:27:55,Baseline,DL_quant,0.71,351.81,,,,0.031,False,False
22:27:55,Baseline,Heuristic,0.1,1.01,0.195,0.211,0.041,,False,False
22:27:55,Baseline,DL_quant,0.94,351.81,,,,0.031,False,False
22:27:55,Baseline,Heuristic,0.1,1.01,0.194,0.213,0.046,,False,False
22:27:55,Baseline,DL_quant,0.73,351.81,,,,0.031,False,False
22:27:55,Baseline,Heuristic,0.14,1.01,0.193,0.215,0.051,,False,False
22:27:55,Baseline,DL_quant,0.87,351.81,,,,0.012,False,False
22:27:55,Baseline,Heuristic,0.1,1.01,0.193,0.217,0.056,,False,False
22:27:55,Baseline,DL_quant,1.13,351.81,,,,0.023,False,False
22:27:56,Baseline,Heuristic,0.1,1.01,0.192,0.218,0.061,,False,False
22:27:56,Baseline,DL_quant,0.76,351.81,,,,0.023,False,False
22:27:56,Baseline,Heuristic,0.1,1.01,0.191,0.22,0.065,,False,False
22:27:56,Baseline,DL_quant,0.73,351.81,,,,0.008,False,False
22:27:56,Baseline,Heuristic,0.15,1.01,0.19,0.222,0.07,,False,False
22:27:56,Baseline,DL_quant,1.17,351.81,,,,0.008,False,False
22:27:56,Baseline,Heuristic,0.1,1.01,0.19,0.224,0.075,,False,False
22:27:56,Baseline,DL_quant,0.75,351.81,,,,0.004,False,False
22:27:56,Baseline,Heuristic,0.09,1.01,0.189,0.226,0.079,,False,False
22:27:56,Baseline,DL_quant,0.73,351.81,,,,0.0,False,False
22:27:56,Baseline,Heuristic,0.09,1.01,0.188,0.228,0.084,,False,False
22:27:56,Baseline,DL_quant,0.72,351.81,,,,0.0,False,False
22:27:56,Baseline,Heuristic,0.1,1.01,0.188,0.23,0.088,,False,False
22:27:56,Baseline,DL_quant,0.81,351.81,,,,0.023,False,False
22:27:56,Baseline,Heuristic,0.1,1.01,0.187,0.231,0.093,,False,False
22:27:56,Baseline,DL_quant,0.78,351.81,,,,0.031,False,False
22:27:56,Baseline,Heuristic,0.1,1.01,0.186,0.233,0.097,,False,False
22:27:56,Baseline,DL_quant,0.76,351.81,,,,0.051,False,False
22:27:56,Baseline,Heuristic,0.1,1.01,0.185,0.235,0.101,,False,False
22:27:56,Baseline,DL_quant,0.72,351.81,,,,0.0,False,False
22:27:56,Baseline,Heuristic,0.1,1.01,0.185,0.236,0.106,,False,False
22:27:56,Baseline,DL_quant,0.87,351.81,,,,0.0,False,False
22:27:56,Baseline,Heuristic,0.1,1.01,0.184,0.238,0.11,,False,False
22:27:56,Baseline,DL_quant,0.75,351.81,,,,0.0,False,False
22:27:56,Baseline,Heuristic,0.09,1.01,0.183,0.239,0.114,,False,False
22:27:56,Baseline,DL_quant,0.72,351.81,,,,0.0,False,False
22:27:56,Baseline,Heuristic,0.11,1.01,0.182,0.24,0.118,,False,False
22:27:56,Baseline,DL_quant,0.74,351.81,,,,0.0,False,False
22:27:56,Baseline,Heuristic,0.1,1.01,0.182,0.242,0.123,,False,False
22:27:56,Baseline,DL_quant,0.73,351.81,,,,0.0,False,False
22:27:56,Baseline,Heuristic,0.1,1.01,0.181,0.243,0.127,,False,False
22:27:56,Baseline,DL_quant,0.76,351.81,,,,0.0,False,False
22:27:56,Baseline,Heuristic,0.09,1.01,0.18,0.243,0.131,,False,False
22:27:56,Baseline,DL_quant,0.72,351.81,,,,0.0,False,False
22:27:56,Baseline,Heuristic,0.1,1.01,0.179,0.244,0.135,,False,False
22:27:56,Baseline,DL_quant,0.75,351.81,,,,0.0,False,False
22:27:56,Baseline,Heuristic,0.1,1.01,0.178,0.245,0.139,,False,False
22:27:56,Baseline,DL_quant,0.81,351.81,,,,0.0,False,False
22:27:56,Baseline,Heuristic,0.11,1.01,0.178,0.246,0.143,,False,False
22:27:56,Baseline,DL_quant,0.76,351.81,,,,0.0,False,False
22:27:56,Baseline,Heuristic,0.1,1.01,0.177,0.246,0.147,,False,False
22:27:56,Baseline,DL_quant,0.82,351.81,,,,0.0,False,False
22:27:56,Baseline,Heuristic,0.11,1.01,0.176,0.247,0.151,,True,False
22:27:56,Baseline,DL_quant,0.77,351.81,,,,0.0,False,False
22:27:56,Baseline,Heuristic,0.1,1.01,0.175,0.247,0.155,,True,False
22:27:56,Baseline,DL_quant,0.78,351.81,,,,0.0,False,False
22:27:56,Baseline,Heuristic,0.1,1.01,0.175,0.248,0.158,,True,False
22:27:56,Baseline,DL_quant,0.76,351.81,,,,0.0,False,False
22:27:56,Baseline,Heuristic,0.11,1.01,0.174,0.248,0.162,,True,False
22:27:56,Baseline,DL_quant,0.8,351.81,,,,0.0,False,False
22:27:56,Baseline,Heuristic,0.1,1.01,0.173,0.249,0.166,,True,False
22:27:56,Baseline,DL_quant,0.78,351.81,,,,0.0,False,False
22:27:56,Baseline,Heuristic,0.11,1.01,0.172,0.249,0.17,,True,False
22:27:56,Baseline,DL_quant,0.9,351.81,,,,0.0,False,False
22:27:56,Baseline,Heuristic,0.1,1.27,0.172,0.249,0.173,,True,False
22:27:56,Baseline,DL_quant,0.83,351.81,,,,0.0,False,False
22:27:56,Baseline,Heuristic,0.1,1.01,0.171,0.25,0.177,,True,False
22:27:56,Baseline,DL_quant,0.78,351.81,,,,0.0,False,False
22:27:56,Baseline,Heuristic,0.11,1.01,0.17,0.25,0.181,,True,False
22:27:56,Baseline,DL_quant,0.81,351.81,,,,0.0,False,False
22:27:56,Baseline,Heuristic,0.1,1.01,0.17,0.25,0.184,,True,False
22:27:56,Baseline,DL_quant,0.84,351.81,,,,0.0,False,False
22:27:57,Baseline,Heuristic,0.1,1.01,0.169,0.25,0.188,,True,False
22:27:57,Baseline,DL_quant,0.83,351.81,,,,0.0,False,False
22:27:57,Baseline,Heuristic,0.1,1.01,0.168,0.251,0.191,,True,False
22:27:57,Baseline,DL_quant,0.82,351.81,,,,0.0,False,False
22:27:57,Baseline,Heuristic,0.1,1.01,0.168,0.251,0.195,,True,False
22:27:57,Baseline,DL_quant,0.76,351.81,,,,0.0,False,False
22:27:57,Baseline,Heuristic,0.09,1.01,0.167,0.251,0.198,,True,False
22:27:57,Baseline,DL_quant,0.75,351.81,,,,0.0,False,False
22:27:57,Baseline,Heuristic,0.09,1.01,0.167,0.251,0.202,,True,False
22:27:57,Baseline,DL_quant,0.73,351.81,,,,0.0,False,False
22:27:57,Baseline,Heuristic,0.1,1.01,0.166,0.252,0.205,,True,False
22:27:57,Baseline,DL_quant,0.72,351.81,,,,0.0,False,False
22:27:57,Baseline,Heuristic,0.12,1.01,0.165,0.252,0.209,,True,False
22:27:57,Baseline,DL_quant,0.76,351.81,,,,0.0,False,False
22:27:57,Baseline,Heuristic,0.1,1.01,0.165,0.252,0.212,,True,False
22:27:57,Baseline,DL_quant,0.75,351.81,,,,0.0,False,False
22:27:57,Baseline,Heuristic,0.1,1.01,0.164,0.253,0.215,,True,False
22:27:57,Baseline,DL_quant,0.75,351.81,,,,0.0,False,False
22:27:57,Baseline,Heuristic,0.1,1.01,0.164,0.253,0.218,,True,False
22:27:57,Baseline,DL_quant,0.74,351.81,,,,0.0,False,False
22:27:57,Baseline,Heuristic,0.1,1.01,0.163,0.253,0.222,,True,False
22:27:57,Baseline,DL_quant,0.75,351.81,,,,0.0,False,False
22:27:57,Baseline,Heuristic,0.09,1.01,0.163,0.253,0.225,,True,False
22:27:57,Baseline,DL_quant,0.81,351.81,,,,0.0,False,False
22:27:57,Baseline,Heuristic,0.1,1.01,0.162,0.254,0.228,,True,False
22:27:57,Baseline,DL_quant,0.77,351.81,,,,0.0,False,False
22:27:57,Baseline,Heuristic,0.1,1.01,0.162,0.254,0.231,,True,False
22:27:57,Baseline,DL_quant,0.74,351.81,,,,0.0,False,False
22:27:57,Baseline,Heuristic,0.1,1.01,0.161,0.254,0.235,,True,False
22:27:57,Baseline,DL_quant,0.75,351.81,,,,0.0,False,False
22:27:57,Baseline,Heuristic,0.1,1.01,0.16,0.255,0.238,,True,False
22:27:57,Baseline,DL_quant,0.73,351.81,,,,0.0,False,False
22:27:57,Baseline,Heuristic,0.1,1.01,0.16,0.255,0.241,,True,False
22:27:57,Baseline,DL_quant,0.75,351.81,,,,0.0,False,False
22:27:57,Baseline,Heuristic,0.22,1.01,0.159,0.255,0.244,,True,False
22:27:57,Baseline,DL_quant,0.79,351.81,,,,0.0,False,False
22:27:57,Baseline,Heuristic,0.1,1.01,0.159,0.256,0.247,,True,False
22:27:57,Baseline,DL_quant,0.75,351.81,,,,0.0,False,False
22:27:57,Baseline,Heuristic,0.28,1.01,0.158,0.256,0.25,,True,False
22:27:57,Baseline,DL_quant,1.03,351.81,,,,0.0,False,False
22:27:57,Baseline,Heuristic,0.1,1.01,0.157,0.256,0.253,,True,False
22:27:57,Baseline,DL_quant,0.8,351.81,,,,0.0,False,False
22:27:57,Baseline,Heuristic,0.1,1.01,0.157,0.257,0.256,,True,False
22:27:57,Baseline,DL_quant,0.75,351.81,,,,0.0,False,False
22:27:57,Baseline,Heuristic,0.1,1.01,0.156,0.257,0.259,,True,False
22:27:57,Baseline,DL_quant,0.77,351.81,,,,0.0,False,False
22:27:57,Baseline,Heuristic,0.1,1.01,0.156,0.258,0.262,,True,False
22:27:57,Baseline,DL_quant,0.74,351.81,,,,0.0,False,False
22:27:57,Baseline,Heuristic,0.1,1.01,0.155,0.258,0.265,,True,False
22:27:57,Baseline,DL_quant,0.89,351.81,,,,0.0,False,False
22:27:57,Baseline,Heuristic,0.11,1.01,0.154,0.258,0.268,,True,False
22:27:57,Baseline,DL_quant,0.75,351.81,,,,0.0,False,False
22:27:57,Baseline,Heuristic,0.1,1.01,0.154,0.259,0.271,,True,False
22:27:57,Baseline,DL_quant,0.76,351.81,,,,0.0,False,False
22:27:57,Baseline,Heuristic,0.1,1.01,0.153,0.259,0.273,,True,False
22:27:57,Baseline,DL_quant,0.72,351.81,,,,0.0,False,False
22:27:57,Baseline,Heuristic,0.1,1.01,0.152,0.26,0.276,,True,False
22:27:57,Baseline,DL_quant,0.77,351.81,,,,0.0,False,False
22:27:58,Baseline,Heuristic,0.1,1.01,0.152,0.26,0.279,,True,False
22:27:58,Baseline,DL_quant,0.72,351.81,,,,0.016,False,False
22:27:58,Baseline,Heuristic,0.1,1.01,0.151,0.26,0.282,,True,False
22:27:58,Baseline,DL_quant,0.73,351.81,,,,0.016,False,False
22:27:58,Baseline,Heuristic,0.1,1.01,0.151,0.261,0.285,,True,False
22:27:58,Baseline,DL_quant,0.73,351.81,,,,0.012,False,False
22:27:58,Baseline,Heuristic,0.1,1.01,0.15,0.261,0.287,,True,False
22:27:58,Baseline,DL_quant,0.74,351.81,,,,0.004,False,False
22:27:58,Baseline,Heuristic,0.1,1.01,0.149,0.262,0.29,,True,False
22:27:58,Baseline,DL_quant,0.75,351.81,,,,0.0,False,False
22:27:58,Baseline,Heuristic,0.1,1.01,0.149,0.262,0.293,,True,False
22:27:58,Baseline,DL_quant,0.74,351.81,,,,0.0,False,False
22:27:58,Baseline,Heuristic,0.11,1.01,0.148,0.263,0.295,,True,False
22:27:58,Baseline,DL_quant,0.76,351.81,,,,0.004,False,False
22:27:58,Baseline,Heuristic,0.12,1.01,0.148,0.263,0.298,,True,False
22:27:58,Baseline,DL_quant,0.76,351.81,,,,0.004,False,False
22:27:58,Baseline,Heuristic,0.1,1.01,0.147,0.263,0.301,,True,False
22:27:58,Baseline,DL_quant,0.82,351.81,,,,0.004,False,False
22:27:58,Baseline,Heuristic,0.09,1.01,0.147,0.264,0.303,,True,False
22:27:58,Baseline,DL_quant,0.71,351.81,,,,0.023,False,False
22:27:58,Baseline,Heuristic,0.1,1.01,0.146,0.265,0.306,,True,False
22:27:58,Baseline,DL_quant,0.74,351.81,,,,0.035,False,False
22:27:58,Baseline,Heuristic,0.1,1.01,0.146,0.265,0.309,,True,False
22:27:58,Baseline,DL_quant,0.72,351.81,,,,0.035,False,False
22:27:58,Baseline,Heuristic,0.1,1.01,0.145,0.266,0.311,,True,False
22:27:58,Baseline,DL_quant,0.74,351.81,,,,0.012,False,False
22:27:58,Baseline,Heuristic,0.11,1.01,0.145,0.267,0.314,,True,False
22:27:58,Baseline,DL_quant,0.76,351.81,,,,0.035,False,False
22:27:58,Baseline,Heuristic,0.11,1.01,0.144,0.267,0.316,,True,False
22:27:58,Baseline,DL_quant,0.84,351.81,,,,0.031,False,False
22:27:58,Baseline,Heuristic,0.27,1.01,0.144,0.268,0.319,,True,False
22:27:58,Baseline,DL_quant,0.79,351.81,,,,0.008,False,False
22:27:58,Baseline,Heuristic,0.11,1.01,0.144,0.269,0.321,,True,False
22:27:58,Baseline,DL_quant,0.73,351.81,,,,0.008,False,False
22:27:58,Baseline,Heuristic,0.11,1.01,0.143,0.27,0.324,,True,False
22:27:58,Baseline,DL_quant,0.73,351.81,,,,0.008,False,False
22:27:58,Baseline,Heuristic,0.1,1.01,0.143,0.271,0.326,,True,False
22:27:58,Baseline,DL_quant,0.72,351.81,,,,0.004,False,False
22:27:58,Baseline,Heuristic,0.11,1.01,0.142,0.272,0.329,,True,False
22:27:58,Baseline,DL_quant,0.74,351.81,,,,0.004,False,False
22:27:58,Baseline,Heuristic,0.1,1.01,0.142,0.273,0.331,,True,False
22:27:58,Baseline,DL_quant,0.79,351.81,,,,0.004,False,False
22:27:58,Baseline,Heuristic,0.1,1.01,0.142,0.274,0.333,,True,False
22:27:58,Baseline,DL_quant,0.77,351.81,,,,0.0,False,False
22:27:58,Baseline,Heuristic,0.1,1.01,0.141,0.275,0.336,,True,False
22:27:58,Baseline,DL_quant,0.76,351.81,,,,0.0,False,False
22:27:58,Baseline,Heuristic,0.1,1.01,0.141,0.276,0.338,,True,False
22:27:58,Baseline,DL_quant,0.76,351.81,,,,0.0,False,False
22:27:58,Baseline,Heuristic,0.1,1.01,0.141,0.278,0.34,,True,False
22:27:58,Baseline,DL_quant,0.74,351.81,,,,0.0,False,False
22:27:58,Baseline,Heuristic,0.1,1.01,0.141,0.279,0.343,,True,False
22:27:58,Baseline,DL_quant,0.74,351.81,,,,0.0,False,False
22:27:58,Baseline,Heuristic,0.11,1.01,0.14,0.28,0.345,,True,False
22:27:58,Baseline,DL_quant,0.78,351.81,,,,0.0,False,False
22:27:58,Baseline,Heuristic,0.1,1.01,0.14,0.281,0.347,,True,False
22:27:58,Baseline,DL_quant,0.74,351.81,,,,0.0,False,False
22:27:58,Baseline,Heuristic,0.1,1.01,0.14,0.282,0.35,,True,False
22:27:58,Baseline,DL_quant,0.72,351.81,,,,0.0,False,False
22:27:58,Baseline,Heuristic,0.11,1.01,0.14,0.284,0.352,,True,False
22:27:58,Baseline,DL_quant,0.76,351.81,,,,0.0,False,False
22:27:59,Baseline,Heuristic,0.1,1.01,0.14,0.285,0.354,,True,False
22:27:59,Baseline,DL_quant,0.73,351.81,,,,0.0,False,False
22:27:59,Baseline,Heuristic,0.12,1.27,0.14,0.286,0.356,,True,False
22:27:59,Baseline,DL_quant,0.91,351.81,,,,0.0,False,False
22:27:59,Baseline,Heuristic,0.1,1.01,0.139,0.288,0.359,,True,False
22:27:59,Baseline,DL_quant,0.72,351.81,,,,0.0,False,False
22:27:59,Baseline,Heuristic,0.1,1.01,0.139,0.289,0.361,,True,False
22:27:59,Baseline,DL_quant,0.73,351.81,,,,0.0,False,False
22:27:59,Baseline,Heuristic,0.12,1.01,0.139,0.29,0.363,,True,False
22:27:59,Baseline,DL_quant,0.81,351.81,,,,0.0,False,False
22:27:59,Baseline,Heuristic,0.1,1.01,0.139,0.292,0.365,,True,False
22:27:59,Baseline,DL_quant,0.76,351.81,,,,0.0,False,False
22:27:59,Baseline,Heuristic,0.1,1.01,0.139,0.293,0.367,,True,False
22:27:59,Baseline,DL_quant,0.77,351.81,,,,0.0,False,False
22:27:59,Baseline,Heuristic,0.1,1.01,0.138,0.294,0.369,,True,False
22:27:59,Baseline,DL_quant,0.73,351.81,,,,0.0,False,False
22:27:59,Baseline,Heuristic,0.1,1.01,0.138,0.296,0.372,,True,False
22:27:59,Baseline,DL_quant,0.96,351.81,,,,0.0,False,False
22:27:59,Baseline,Heuristic,0.1,1.01,0.138,0.297,0.374,,True,False
22:27:59,Baseline,DL_quant,0.74,351.81,,,,0.004,False,False
22:27:59,Baseline,Heuristic,0.11,1.01,0.138,0.298,0.376,,True,False
22:27:59,Baseline,DL_quant,0.8,351.81,,,,0.004,False,False
22:27:59,Baseline,Heuristic,0.11,1.01,0.137,0.299,0.378,,True,False
22:27:59,Baseline,DL_quant,0.75,351.81,,,,0.004,False,False
22:27:59,Baseline,Heuristic,0.1,1.01,0.137,0.3,0.38,,True,False
22:27:59,Baseline,DL_quant,0.73,351.81,,,,0.0,False,False
22:27:59,Baseline,Heuristic,0.1,1.01,0.137,0.301,0.382,,True,False
22:27:59,Baseline,DL_quant,0.72,351.81,,,,0.0,False,False
22:27:59,Baseline,Heuristic,0.1,1.01,0.136,0.301,0.384,,True,False
22:27:59,Baseline,DL_quant,0.73,351.81,,,,0.0,False,False
22:27:59,Baseline,Heuristic,0.1,1.01,0.136,0.302,0.386,,True,False
22:27:59,Baseline,DL_quant,0.74,351.81,,,,0.0,False,False
22:27:59,Baseline,Heuristic,0.1,1.01,0.135,0.302,0.388,,True,False
22:27:59,Baseline,DL_quant,0.75,351.81,,,,0.0,False,False
22:27:59,Baseline,Heuristic,0.1,1.01,0.135,0.302,0.39,,True,False
22:27:59,Baseline,DL_quant,0.72,351.81,,,,0.0,False,False
22:27:59,Baseline,Heuristic,0.1,1.01,0.134,0.302,0.392,,True,False
22:27:59,Baseline,DL_quant,0.74,351.81,,,,0.004,False,False
22:27:59,Baseline,Heuristic,0.1,1.01,0.134,0.302,0.394,,True,False
22:27:59,Baseline,DL_quant,0.75,351.81,,,,0.0,False,False
22:27:59,Baseline,Heuristic,0.1,1.01,0.133,0.301,0.396,,True,False
22:27:59,Baseline,DL_quant,0.74,351.81,,,,0.0,False,False
22:27:59,Baseline,Heuristic,0.1,1.01,0.133,0.301,0.398,,True,False
22:27:59,Baseline,DL_quant,0.73,351.81,,,,0.0,False,False
22:27:59,Baseline,Heuristic,0.1,1.01,0.132,0.301,0.4,,True,False
22:27:59,Baseline,DL_quant,0.72,351.81,,,,0.0,False,False
22:27:59,Baseline,Heuristic,0.1,1.01,0.131,0.301,0.402,,True,False
22:27:59,Baseline,DL_quant,0.74,351.81,,,,0.0,False,False
22:27:59,Baseline,Heuristic,0.1,1.01,0.131,0.301,0.404,,True,False
22:27:59,Baseline,DL_quant,0.8,351.81,,,,0.0,False,False
22:27:59,Baseline,Heuristic,0.09,1.01,0.13,0.301,0.406,,True,False
22:27:59,Baseline,DL_quant,0.74,351.81,,,,0.0,False,False
22:27:59,Baseline,Heuristic,0.1,1.01,0.13,0.301,0.408,,True,False
22:27:59,Baseline,DL_quant,0.72,351.81,,,,0.0,False,False
22:27:59,Baseline,Heuristic,0.1,1.01,0.129,0.301,0.41,,True,False
22:27:59,Baseline,DL_quant,0.74,351.81,,,,0.0,False,False
22:27:59,Baseline,Heuristic,0.1,1.01,0.129,0.301,0.411,,True,False
22:27:59,Baseline,DL_quant,0.74,351.81,,,,0.0,False,False
22:27:59,Baseline,Heuristic,0.09,1.01,0.128,0.301,0.413,,True,False
22:27:59,Baseline,DL_quant,0.72,351.81,,,,0.0,False,False
22:28:00,Baseline,Heuristic,0.1,1.01,0.128,0.302,0.415,,True,False
22:28:00,Baseline,DL_quant,0.72,351.81,,,,0.0,False,False
22:28:00,Baseline,Heuristic,0.09,1.01,0.127,0.302,0.417,,True,False
22:28:00,Baseline,DL_quant,0.72,351.81,,,,0.0,False,False
22:28:00,Baseline,Heuristic,0.1,1.01,0.127,0.303,0.419,,True,False
22:28:00,Baseline,DL_quant,0.74,351.81,,,,0.0,False,False
22:28:00,Baseline,Heuristic,0.12,1.01,0.127,0.303,0.421,,True,False
22:28:00,Baseline,DL_quant,0.76,351.81,,,,0.0,False,False
22:28:00,Baseline,Heuristic,0.1,1.01,0.127,0.304,0.422,,True,False
22:28:00,Baseline,DL_quant,0.77,351.81,,,,0.0,False,False
22:28:00,Baseline,Heuristic,0.11,1.01,0.126,0.304,0.424,,True,False
22:28:00,Baseline,DL_quant,0.82,351.81,,,,0.0,False,False
22:28:00,Baseline,Heuristic,0.1,1.01,0.126,0.305,0.426,,True,False
22:28:00,Baseline,DL_quant,0.72,351.81,,,,0.0,False,False
22:28:00,Baseline,Heuristic,0.09,1.01,0.126,0.305,0.428,,True,False
22:28:00,Baseline,DL_quant,0.71,351.81,,,,0.0,False,False
22:28:00,Baseline,Heuristic,0.1,1.01,0.126,0.306,0.429,,True,False
22:28:00,Baseline,DL_quant,0.74,351.81,,,,0.0,False,False
22:28:00,Baseline,Heuristic,0.1,1.01,0.126,0.307,0.431,,True,False
22:28:00,Baseline,DL_quant,0.75,351.81,,,,0.0,False,False
22:28:00,Baseline,Heuristic,0.1,1.01,0.126,0.308,0.433,,True,False
22:28:00,Baseline,DL_quant,0.74,351.81,,,,0.0,False,False
22:28:00,Baseline,Heuristic,0.1,1.01,0.126,0.309,0.435,,True,False
22:28:00,Baseline,DL_quant,0.75,351.81,,,,0.0,False,False
22:28:00,Baseline,Heuristic,0.1,1.01,0.126,0.31,0.436,,True,False
22:28:00,Baseline,DL_quant,0.74,351.81,,,,0.0,False,False
22:28:00,Baseline,Heuristic,0.1,1.01,0.126,0.311,0.438,,True,False
22:28:00,Baseline,DL_quant,0.78,351.81,,,,0.0,False,False
22:28:00,Baseline,Heuristic,0.13,1.01,0.126,0.312,0.44,,True,False
22:28:00,Baseline,DL_quant,0.8,351.81,,,,0.0,False,False
22:28:00,Baseline,Heuristic,0.11,1.01,0.126,0.313,0.441,,True,False
22:28:00,Baseline,DL_quant,0.82,351.81,,,,0.0,False,False
22:28:00,Baseline,Heuristic,0.1,1.01,0.126,0.314,0.443,,True,False
22:28:00,Baseline,DL_quant,0.76,351.81,,,,0.0,False,False
22:28:00,Baseline,Heuristic,0.11,1.01,0.126,0.315,0.445,,True,False
22:28:00,Baseline,DL_quant,0.77,351.81,,,,0.0,False,False
22:28:00,Baseline,Heuristic,0.11,1.01,0.126,0.317,0.446,,True,False
22:28:00,Baseline,DL_quant,0.78,351.81,,,,0.0,False,False
22:28:00,Baseline,Heuristic,0.1,1.01,0.126,0.318,0.448,,True,False
22:28:00,Baseline,DL_quant,0.73,351.81,,,,0.0,False,False
22:28:00,Baseline,Heuristic,0.1,1.01,0.126,0.319,0.45,,True,False
22:28:00,Baseline,DL_quant,0.72,351.81,,,,0.0,False,False
22:28:00,Baseline,Heuristic,0.1,1.01,0.126,0.321,0.451,,True,False
22:28:00,Baseline,DL_quant,0.72,351.81,,,,0.0,False,False
22:28:00,Baseline,Heuristic,0.1,1.01,0.126,0.322,0.453,,True,False
22:28:00,Baseline,DL_quant,0.72,351.81,,,,0.0,False,False
22:28:00,Baseline,Heuristic,0.1,1.01,0.126,0.324,0.455,,True,False
22:28:00,Baseline,DL_quant,0.84,351.81,,,,0.0,False,False
22:28:00,Baseline,Heuristic,0.1,1.01,0.127,0.325,0.456,,True,False
22:28:00,Baseline,DL_quant,0.75,351.81,,,,0.0,False,False
22:28:00,Baseline,Heuristic,0.1,1.01,0.127,0.327,0.458,,True,False
22:28:00,Baseline,DL_quant,0.85,351.81,,,,0.0,False,False
22:28:00,Baseline,Heuristic,0.1,1.01,0.127,0.329,0.459,,True,False
22:28:00,Baseline,DL_quant,0.75,351.81,,,,0.0,False,False
22:28:00,Baseline,Heuristic,0.1,1.01,0.127,0.33,0.461,,True,False
22:28:00,Baseline,DL_quant,0.82,351.81,,,,0.0,False,False
22:28:00,Baseline,Heuristic,0.11,1.01,0.127,0.332,0.462,,True,False
22:28:00,Baseline,DL_quant,0.74,351.81,,,,0.0,False,False
22:28:00,Baseline,Heuristic,0.1,1.01,0.127,0.334,0.464,,True,False
22:28:00,Baseline,DL_quant,0.72,351.81,,,,0.0,False,False
22:28:01,Baseline,Heuristic,0.1,1.01,0.127,0.335,0.466,,True,False
22:28:01,Baseline,DL_quant,0.73,351.81,,,,0.0,False,False
22:28:01,Baseline,Heuristic,0.1,1.01,0.127,0.337,0.467,,True,False
22:28:01,Baseline,DL_quant,0.73,351.81,,,,0.0,False,False
22:28:01,Baseline,Heuristic,0.1,1.01,0.127,0.339,0.469,,True,False
22:28:01,Baseline,DL_quant,0.78,351.81,,,,0.0,False,False
22:28:01,Baseline,Heuristic,0.1,1.01,0.127,0.341,0.47,,True,False
22:28:01,Baseline,DL_quant,0.78,351.81,,,,0.0,False,False
22:28:01,Baseline,Heuristic,0.1,1.01,0.127,0.343,0.472,,True,False
22:28:01,Baseline,DL_quant,0.73,351.81,,,,0.0,False,False
22:28:01,Baseline,Heuristic,0.1,1.27,0.127,0.345,0.473,,True,False
22:28:01,Baseline,DL_quant,0.76,351.81,,,,0.0,False,False
22:28:01,Baseline,Heuristic,0.1,1.01,0.127,0.347,0.475,,True,False
22:28:01,Baseline,DL_quant,0.74,351.81,,,,0.0,False,False
22:28:01,Baseline,Heuristic,0.1,1.01,0.127,0.348,0.476,,True,False
22:28:01,Baseline,DL_quant,0.74,351.81,,,,0.0,False,False
22:28:01,Baseline,Heuristic,0.1,1.01,0.127,0.35,0.478,,True,False
22:28:01,Baseline,DL_quant,0.76,351.81,,,,0.0,False,False
22:28:01,Baseline,Heuristic,0.1,1.01,0.126,0.352,0.479,,True,False
22:28:01,Baseline,DL_quant,0.76,351.81,,,,0.0,False,False
22:28:01,Baseline,Heuristic,0.1,1.01,0.126,0.354,0.48,,True,False
22:28:01,Baseline,DL_quant,0.72,351.81,,,,0.0,False,False
22:28:01,Baseline,Heuristic,0.1,1.01,0.126,0.356,0.482,,True,False
22:28:01,Baseline,DL_quant,0.73,351.81,,,,0.0,False,False
22:28:01,Baseline,Heuristic,0.1,1.01,0.126,0.358,0.483,,True,False
22:28:01,Baseline,DL_quant,0.74,351.81,,,,0.0,False,False
22:28:01,Baseline,Heuristic,0.1,1.01,0.125,0.36,0.485,,True,False
22:28:01,Baseline,DL_quant,0.8,351.81,,,,0.0,False,False
22:28:01,Baseline,Heuristic,0.1,1.01,0.125,0.362,0.486,,True,False
22:28:01,Baseline,DL_quant,0.73,351.81,,,,0.0,False,False
22:28:01,Baseline,Heuristic,0.1,1.01,0.125,0.364,0.488,,True,False
22:28:01,Baseline,DL_quant,0.73,351.81,,,,0.0,False,False
22:28:01,Baseline,Heuristic,0.1,1.01,0.124,0.366,0.489,,True,False
22:28:01,Baseline,DL_quant,0.75,351.81,,,,0.0,False,False
22:28:01,Baseline,Heuristic,0.11,1.01,0.124,0.368,0.49,,True,False
22:28:01,Baseline,DL_quant,0.77,351.81,,,,0.0,False,False
22:28:01,Baseline,Heuristic,0.1,1.01,0.123,0.37,0.492,,True,False
22:28:01,Baseline,DL_quant,0.77,351.81,,,,0.0,False,False
22:28:01,Baseline,Heuristic,0.1,1.01,0.123,0.372,0.493,,True,False
22:28:01,Baseline,DL_quant,0.8,351.81,,,,0.0,False,False
22:28:01,Baseline,Heuristic,0.1,1.01,0.122,0.374,0.495,,True,False
22:28:01,Baseline,DL_quant,0.8,351.81,,,,0.0,False,False
22:28:01,Baseline,Heuristic,0.1,1.01,0.122,0.376,0.496,,True,False
22:28:01,Baseline,DL_quant,0.75,351.81,,,,0.0,False,False
22:28:01,Baseline,Heuristic,0.1,1.01,0.121,0.378,0.497,,True,False
22:28:01,Baseline,DL_quant,0.74,351.81,,,,0.0,False,False
22:28:01,Baseline,Heuristic,0.1,1.01,0.121,0.38,0.499,,True,False
22:28:01,Baseline,DL_quant,0.78,351.81,,,,0.0,False,False
22:28:01,Baseline,Heuristic,0.1,1.01,0.12,0.382,0.5,,True,False
22:28:01,Baseline,DL_quant,0.71,351.81,,,,0.0,False,False
22:28:01,Baseline,Heuristic,0.1,1.01,0.12,0.384,0.501,,True,False
22:28:01,Baseline,DL_quant,0.71,351.81,,,,0.0,False,False
22:28:01,Baseline,Heuristic,0.1,1.01,0.119,0.386,0.503,,True,False
22:28:01,Baseline,DL_quant,0.79,351.81,,,,0.0,False,False
22:28:01,Baseline,Heuristic,0.1,1.01,0.119,0.388,0.504,,True,False
22:28:01,Baseline,DL_quant,0.74,351.81,,,,0.0,False,False
22:28:01,Baseline,Heuristic,0.1,1.01,0.119,0.389,0.505,,True,False
22:28:01,Baseline,DL_quant,0.75,351.81,,,,0.0,False,False
22:28:01,Baseline,Heuristic,0.1,1.01,0.118,0.391,0.507,,True,False
22:28:01,Baseline,DL_quant,0.79,351.81,,,,0.0,False,False
22:28:02,Baseline,Heuristic,0.1,1.01,0.118,0.393,0.508,,True,False
22:28:02,Baseline,DL_quant,0.74,351.81,,,,0.0,False,False
22:28:02,Baseline,Heuristic,0.1,1.01,0.117,0.395,0.509,,True,False
22:28:02,Baseline,DL_quant,0.72,351.81,,,,0.0,False,False
22:28:02,Baseline,Heuristic,0.11,1.01,0.117,0.397,0.511,,True,False
22:28:02,Baseline,DL_quant,0.8,351.81,,,,0.0,False,False
22:28:02,Baseline,Heuristic,0.1,1.01,0.117,0.398,0.512,,True,False
22:28:02,Baseline,DL_quant,0.73,351.81,,,,0.0,False,False
22:28:02,Baseline,Heuristic,0.1,1.01,0.116,0.4,0.513,,True,False
22:28:02,Baseline,DL_quant,0.73,351.81,,,,0.0,False,False
22:28:02,Baseline,Heuristic,0.1,1.01,0.116,0.402,0.514,,True,False
22:28:02,Baseline,DL_quant,0.83,351.81,,,,0.0,False,False
22:28:02,Baseline,Heuristic,0.1,1.01,0.116,0.403,0.516,,True,False
22:28:02,Baseline,DL_quant,0.72,351.81,,,,0.0,False,False
22:28:02,Baseline,Heuristic,0.1,1.01,0.115,0.405,0.517,,True,False
22:28:02,Baseline,DL_quant,0.72,351.81,,,,0.0,False,False
22:28:02,Baseline,Heuristic,0.1,1.01,0.115,0.406,0.518,,True,False
22:28:02,Baseline,DL_quant,0.71,351.81,,,,0.0,False,False
22:28:02,Baseline,Heuristic,0.1,1.01,0.115,0.408,0.519,,True,False
22:28:02,Baseline,DL_quant,0.75,351.81,,,,0.0,False,False
22:28:02,Baseline,Heuristic,0.1,1.01,0.114,0.409,0.521,,True,False
22:28:02,Baseline,DL_quant,0.8,351.81,,,,0.0,False,False
22:28:02,Baseline,Heuristic,0.1,1.01,0.114,0.411,0.522,,True,False
22:28:02,Baseline,DL_quant,0.74,351.81,,,,0.0,False,False
22:28:02,Baseline,Heuristic,0.1,1.01,0.114,0.412,0.523,,True,False
22:28:02,Baseline,DL_quant,0.75,351.81,,,,0.0,False,False
22:28:02,Baseline,Heuristic,0.1,1.01,0.114,0.413,0.524,,True,False
22:28:02,Baseline,DL_quant,0.75,351.81,,,,0.0,False,False
22:28:02,Baseline,Heuristic,0.12,1.01,0.114,0.415,0.526,,True,False
22:28:02,Baseline,DL_quant,0.82,351.81,,,,0.0,False,False
22:28:02,Baseline,Heuristic,0.1,1.01,0.114,0.416,0.527,,True,False
22:28:02,Baseline,DL_quant,0.78,351.81,,,,0.0,False,False
22:28:02,Baseline,Heuristic,0.1,1.01,0.115,0.416,0.528,,True,False
22:28:02,Baseline,DL_quant,0.75,351.81,,,,0.0,False,False
22:28:02,Baseline,Heuristic,0.1,1.01,0.115,0.417,0.529,,True,False
22:28:02,Baseline,DL_quant,0.76,351.81,,,,0.0,False,False
22:28:02,Baseline,Heuristic,0.1,1.01,0.115,0.418,0.53,,True,False
22:28:02,Baseline,DL_quant,0.76,351.81,,,,0.0,False,False
22:28:02,Baseline,Heuristic,0.1,1.01,0.116,0.418,0.531,,True,False
22:28:02,Baseline,DL_quant,0.75,351.81,,,,0.0,False,False
22:28:02,Baseline,Heuristic,0.11,1.01,0.116,0.418,0.533,,True,False
22:28:02,Baseline,DL_quant,0.82,351.81,,,,0.0,False,False
22:28:02,Baseline,Heuristic,0.1,1.01,0.116,0.419,0.534,,True,False
22:28:02,Baseline,DL_quant,0.74,351.81,,,,0.0,False,False
22:28:02,Baseline,Heuristic,0.1,1.01,0.117,0.419,0.535,,True,False
22:28:02,Baseline,DL_quant,0.78,351.81,,,,0.0,False,False
22:28:02,Baseline,Heuristic,0.11,1.01,0.117,0.419,0.536,,True,False
22:28:02,Baseline,DL_quant,0.77,351.81,,,,0.0,False,False
22:28:02,Baseline,Heuristic,0.1,1.01,0.117,0.418,0.537,,True,False
22:28:02,Baseline,DL_quant,0.75,351.81,,,,0.0,False,False
22:28:02,Baseline,Heuristic,0.1,1.01,0.117,0.418,0.538,,True,False
22:28:02,Baseline,DL_quant,0.77,351.81,,,,0.0,False,False
22:28:02,Baseline,Heuristic,0.1,1.01,0.118,0.418,0.54,,True,False
22:28:02,Baseline,DL_quant,0.75,351.81,,,,0.0,False,False
22:28:02,Baseline,Heuristic,0.12,1.01,0.118,0.418,0.541,,True,False
22:28:02,Baseline,DL_quant,0.81,351.81,,,,0.0,False,False
22:28:02,Baseline,Heuristic,0.1,1.01,0.118,0.418,0.542,,True,False
22:28:02,Baseline,DL_quant,0.77,351.81,,,,0.0,False,False
22:28:02,Baseline,Heuristic,0.1,1.01,0.118,0.417,0.543,,True,False
22:28:02,Baseline,DL_quant,0.73,351.81,,,,0.0,False,False
22:28:03,Baseline,Heuristic,0.09,1.01,0.119,0.417,0.544,,True,False
22:28:03,Baseline,DL_quant,0.73,351.81,,,,0.0,False,False
22:28:03,Baseline,Heuristic,0.09,1.01,0.119,0.416,0.545,,True,False
22:28:03,Baseline,DL_quant,0.73,351.81,,,,0.0,False,False
22:28:03,Baseline,Heuristic,0.1,1.01,0.119,0.416,0.546,,True,False
22:28:03,Baseline,DL_quant,0.79,351.81,,,,0.0,False,False
22:28:03,Baseline,Heuristic,0.1,1.01,0.12,0.415,0.547,,True,False
22:28:03,Baseline,DL_quant,0.73,351.81,,,,0.0,False,False
22:28:03,Baseline,Heuristic,0.1,1.01,0.12,0.415,0.549,,True,False
22:28:03,Baseline,DL_quant,0.74,351.81,,,,0.0,False,False
22:28:03,Baseline,Heuristic,0.1,1.01,0.12,0.414,0.55,,True,False
22:28:03,Baseline,DL_quant,0.75,351.81,,,,0.0,False,False
22:28:03,Baseline,Heuristic,0.1,1.01,0.121,0.413,0.551,,True,False
22:28:03,Baseline,DL_quant,0.75,351.81,,,,0.0,False,False
22:28:03,Baseline,Heuristic,0.1,1.01,0.121,0.412,0.552,,True,False
22:28:03,Baseline,DL_quant,0.74,351.81,,,,0.0,False,False
22:28:03,Baseline,Heuristic,0.1,1.01,0.121,0.411,0.553,,True,False
22:28:03,Baseline,DL_quant,0.76,351.81,,,,0.0,False,False
22:28:03,Baseline,Heuristic,0.1,1.27,0.122,0.411,0.554,,True,False
22:28:03,Baseline,DL_quant,0.75,351.81,,,,0.0,False,False
22:28:03,Baseline,Heuristic,0.21,1.01,0.122,0.41,0.555,,True,False
22:28:03,Baseline,DL_quant,0.79,351.81,,,,0.0,False,False
22:28:03,Baseline,Heuristic,0.1,1.01,0.123,0.409,0.556,,True,False
22:28:03,Baseline,DL_quant,0.75,351.81,,,,0.0,False,False
22:28:03,Baseline,Heuristic,0.09,1.01,0.123,0.408,0.557,,True,False
22:28:03,Baseline,DL_quant,0.74,351.81,,,,0.0,False,False
22:28:03,Baseline,Heuristic,0.1,1.01,0.123,0.407,0.558,,True,False
22:28:03,Baseline,DL_quant,0.74,351.81,,,,0.0,False,False
22:28:03,Baseline,Heuristic,0.1,1.01,0.124,0.406,0.559,,True,False
22:28:03,Baseline,DL_quant,0.77,351.81,,,,0.0,False,False
22:28:03,Baseline,Heuristic,0.1,1.01,0.124,0.405,0.56,,True,False
22:28:03,Baseline,DL_quant,0.81,351.81,,,,0.0,False,False
22:28:03,Baseline,Heuristic,0.1,1.01,0.124,0.404,0.561,,True,False
22:28:03,Baseline,DL_quant,0.74,351.81,,,,0.0,False,False
22:28:03,Baseline,Heuristic,0.1,1.01,0.124,0.403,0.562,,True,False
22:28:03,Baseline,DL_quant,0.78,351.81,,,,0.0,False,False
22:28:03,Baseline,Heuristic,0.13,1.01,0.125,0.402,0.563,,True,False
22:28:03,Baseline,DL_quant,0.76,351.81,,,,0.0,False,False
22:28:03,Baseline,Heuristic,0.11,1.01,0.125,0.4,0.564,,True,False
22:28:03,Baseline,DL_quant,0.78,351.81,,,,0.0,False,False
22:28:03,Baseline,Heuristic,0.1,1.01,0.125,0.399,0.565,,True,False
22:28:03,Baseline,DL_quant,0.78,351.81,,,,0.0,False,False
22:28:03,Baseline,Heuristic,0.1,1.01,0.125,0.398,0.566,,True,False
22:28:03,Baseline,DL_quant,0.72,351.81,,,,0.0,False,False
22:28:03,Baseline,Heuristic,0.11,1.01,0.126,0.396,0.567,,True,False
22:28:03,Baseline,DL_quant,0.81,351.81,,,,0.0,False,False
22:28:03,Baseline,Heuristic,0.1,1.01,0.126,0.395,0.568,,True,False
22:28:03,Baseline,DL_quant,0.78,351.81,,,,0.0,False,False
22:28:03,Baseline,Heuristic,0.1,1.01,0.126,0.393,0.569,,True,False
22:28:03,Baseline,DL_quant,0.77,351.81,,,,0.0,False,False
22:28:03,Baseline,Heuristic,0.1,1.01,0.126,0.392,0.57,,True,False
22:28:03,Baseline,DL_quant,0.78,351.81,,,,0.0,False,False
22:28:03,Baseline,Heuristic,0.1,1.01,0.127,0.39,0.571,,True,False
22:28:03,Baseline,DL_quant,0.8,351.81,,,,0.0,False,False
22:28:03,Baseline,Heuristic,0.1,1.01,0.127,0.388,0.572,,True,False
22:28:03,Baseline,DL_quant,0.75,351.81,,,,0.0,False,False
22:28:03,Baseline,Heuristic,0.1,1.01,0.127,0.387,0.573,,True,False
22:28:03,Baseline,DL_quant,0.8,351.81,,,,0.0,False,False
22:28:03,Baseline,Heuristic,0.1,1.01,0.128,0.385,0.574,,True,False
22:28:03,Baseline,DL_quant,0.75,351.81,,,,0.0,False,False
22:28:04,Baseline,Heuristic,0.1,1.01,0.128,0.383,0.575,,True,False
22:28:04,Baseline,DL_quant,0.76,351.81,,,,0.0,False,False
22:28:04,Baseline,Heuristic,0.1,1.01,0.129,0.38,0.576,,True,False
22:28:04,Baseline,DL_quant,0.75,351.81,,,,0.0,False,False
22:28:04,Baseline,Heuristic,0.1,1.01,0.129,0.378,0.577,,True,False
22:28:04,Baseline,DL_quant,0.73,351.81,,,,0.0,False,False
22:28:04,Baseline,Heuristic,0.1,1.01,0.13,0.376,0.578,,True,False
22:28:04,Baseline,DL_quant,0.74,351.81,,,,0.0,False,False
22:28:04,Baseline,Heuristic,0.1,1.01,0.13,0.373,0.579,,True,False
22:28:04,Baseline,DL_quant,0.78,351.81,,,,0.0,False,False
22:28:04,Baseline,Heuristic,0.1,1.01,0.131,0.371,0.58,,True,False
22:28:04,Baseline,DL_quant,0.74,351.81,,,,0.0,False,False
22:28:04,Baseline,Heuristic,0.1,1.01,0.131,0.368,0.581,,True,False
22:28:04,Baseline,DL_quant,0.75,351.81,,,,0.0,False,False
22:28:04,Baseline,Heuristic,0.1,1.01,0.132,0.366,0.582,,True,False
22:28:04,Baseline,DL_quant,0.75,351.81,,,,0.0,False,False
22:28:04,Baseline,Heuristic,0.1,1.01,0.133,0.363,0.583,,True,False
22:28:04,Baseline,DL_quant,0.75,351.81,,,,0.0,False,False
22:28:04,Baseline,Heuristic,0.1,1.01,0.133,0.36,0.584,,True,False
22:28:04,Baseline,DL_quant,0.74,351.81,,,,0.0,False,False
22:28:04,Baseline,Heuristic,0.1,1.01,0.134,0.357,0.585,,True,False
22:28:04,Baseline,DL_quant,0.76,351.81,,,,0.0,False,False
22:28:04,Baseline,Heuristic,0.1,1.01,0.135,0.354,0.586,,True,False
22:28:04,Baseline,DL_quant,0.73,351.81,,,,0.0,False,False
22:28:04,Baseline,Heuristic,0.1,1.01,0.136,0.351,0.587,,True,False
22:28:04,Baseline,DL_quant,0.74,351.81,,,,0.0,False,False
22:28:04,Baseline,Heuristic,0.1,1.01,0.137,0.348,0.588,,True,False
22:28:04,Baseline,DL_quant,0.81,351.81,,,,0.0,False,False
22:28:04,Baseline,Heuristic,0.11,1.01,0.138,0.345,0.588,,True,False
22:28:04,Baseline,DL_quant,0.74,351.81,,,,0.0,False,False
22:28:04,Baseline,Heuristic,0.1,1.01,0.139,0.342,0.589,,True,False
22:28:04,Baseline,DL_quant,0.76,351.81,,,,0.0,False,False
22:28:04,Baseline,Heuristic,0.1,1.01,0.14,0.339,0.59,,True,False
22:28:04,Baseline,DL_quant,0.75,351.81,,,,0.0,False,False
22:28:04,Baseline,Heuristic,0.1,1.01,0.14,0.336,0.591,,True,False
22:28:04,Baseline,DL_quant,0.75,351.81,,,,0.0,False,False
22:28:04,Baseline,Heuristic,0.1,1.01,0.141,0.333,0.592,,True,False
22:28:04,Baseline,DL_quant,0.86,351.81,,,,0.996,True,False
22:28:04,Baseline,Heuristic,0.1,1.01,0.142,0.33,0.593,,True,False
22:28:04,Baseline,DL_quant,0.75,351.81,,,,0.996,True,False
22:28:04,Baseline,Heuristic,0.11,1.01,0.143,0.327,0.594,,True,False
22:28:04,Baseline,DL_quant,0.85,351.81,,,,0.996,True,False
22:28:04,Baseline,Heuristic,0.11,1.01,0.144,0.324,0.595,,True,False
22:28:04,Baseline,DL_quant,0.8,351.81,,,,0.992,True,False
22:28:04,Baseline,Heuristic,0.1,1.01,0.145,0.321,0.596,,True,False
22:28:04,Baseline,DL_quant,0.75,351.81,,,,0.996,True,False
22:28:04,Baseline,Heuristic,0.1,1.01,0.147,0.318,0.597,,True,False
22:28:04,Baseline,DL_quant,0.77,351.81,,,,0.996,True,False
22:28:04,Baseline,Heuristic,0.1,1.01,0.148,0.315,0.597,,True,False
22:28:04,Baseline,DL_quant,0.76,351.81,,,,0.996,True,False
22:28:04,Baseline,Heuristic,0.1,1.01,0.149,0.312,0.598,,True,False
22:28:04,Baseline,DL_quant,0.79,351.81,,,,0.996,True,False
22:28:04,Baseline,Heuristic,0.1,1.01,0.15,0.309,0.599,,True,False
22:28:04,Baseline,DL_quant,0.74,351.81,,,,0.996,True,False
22:28:04,Baseline,Heuristic,0.1,1.01,0.151,0.306,0.6,,True,False
22:28:04,Baseline,DL_quant,0.87,351.81,,,,0.199,False,False
22:28:04,Baseline,Heuristic,0.1,1.01,0.152,0.303,0.601,,True,False
22:28:04,Baseline,DL_quant,0.8,351.81,,,,0.414,False,False
22:28:04,Baseline,Heuristic,0.1,1.01,0.154,0.3,0.602,,True,False
22:28:04,Baseline,DL_quant,0.74,351.81,,,,0.703,False,False
22:28:05,Baseline,Heuristic,0.1,1.01,0.155,0.297,0.603,,True,False
22:28:05,Baseline,DL_quant,0.74,351.81,,,,0.996,True,False
22:28:05,Baseline,Heuristic,0.1,1.01,0.156,0.294,0.603,,True,False
22:28:05,Baseline,DL_quant,0.74,351.81,,,,0.996,True,False
22:28:05,Baseline,Heuristic,0.11,1.01,0.157,0.291,0.604,,True,False
22:28:05,Baseline,DL_quant,0.75,351.81,,,,0.996,True,False
22:28:05,Baseline,Heuristic,0.11,1.01,0.158,0.288,0.605,,True,False
22:28:05,Baseline,DL_quant,0.77,351.81,,,,0.996,True,False
22:28:05,Baseline,Heuristic,0.11,1.01,0.159,0.285,0.606,,True,False
22:28:05,Baseline,DL_quant,0.76,351.81,,,,0.996,True,False
22:28:05,Baseline,Heuristic,0.11,1.01,0.16,0.283,0.607,,True,False
22:28:05,Baseline,DL_quant,0.76,351.81,,,,0.996,True,False
22:28:05,Baseline,Heuristic,0.1,1.01,0.16,0.28,0.608,,True,False
22:28:05,Baseline,DL_quant,0.73,351.81,,,,0.996,True,False
22:28:05,Baseline,Heuristic,0.1,1.01,0.161,0.277,0.608,,True,False
22:28:05,Baseline,DL_quant,0.74,351.81,,,,0.996,True,False
22:28:05,Baseline,Heuristic,0.11,1.01,0.161,0.274,0.609,,True,False
22:28:05,Baseline,DL_quant,0.82,351.81,,,,0.996,True,False
22:28:05,Baseline,Heuristic,0.1,1.01,0.161,0.272,0.61,,True,False
22:28:05,Baseline,DL_quant,0.74,351.81,,,,0.996,True,False
22:28:05,Baseline,Heuristic,0.1,1.01,0.162,0.269,0.611,,True,False
22:28:05,Baseline,DL_quant,0.74,351.81,,,,0.996,True,False
22:28:05,Baseline,Heuristic,0.1,1.01,0.162,0.266,0.612,,True,False
22:28:05,Baseline,DL_quant,0.74,351.81,,,,0.996,True,False
22:28:05,Baseline,Heuristic,0.1,1.01,0.162,0.264,0.613,,True,False
22:28:05,Baseline,DL_quant,0.72,351.81,,,,0.996,True,False
22:28:05,Baseline,Heuristic,0.1,1.27,0.162,0.261,0.613,,True,False
22:28:05,Baseline,DL_quant,0.79,351.81,,,,0.996,True,False
22:28:05,Baseline,Heuristic,0.16,1.01,0.163,0.259,0.614,,True,False
22:28:05,Baseline,DL_quant,0.93,351.81,,,,0.996,True,False
22:28:05,Baseline,Heuristic,0.11,1.01,0.163,0.256,0.615,,True,False
22:28:05,Baseline,DL_quant,0.82,351.81,,,,0.996,True,False
22:28:05,Baseline,Heuristic,0.1,1.01,0.163,0.254,0.616,,True,False
22:28:05,Baseline,DL_quant,0.74,351.81,,,,0.996,True,False
22:28:05,Baseline,Heuristic,0.1,1.01,0.163,0.251,0.616,,True,False
22:28:05,Baseline,DL_quant,0.75,351.81,,,,0.996,True,False
22:28:05,Baseline,Heuristic,0.1,1.01,0.163,0.249,0.617,,True,False
22:28:05,Baseline,DL_quant,0.78,351.81,,,,0.996,True,False
22:28:06,Baseline,Heuristic,0.1,1.01,0.163,0.246,0.618,,True,False
22:28:06,Baseline,DL_quant,0.74,351.81,,,,0.996,True,False
22:28:06,Baseline,Heuristic,0.1,1.01,0.163,0.244,0.619,,True,False
22:28:06,Baseline,DL_quant,0.75,351.81,,,,0.996,True,False
22:28:06,Baseline,Heuristic,0.1,1.01,0.163,0.242,0.62,,True,False
22:28:06,Baseline,DL_quant,0.74,351.81,,,,0.996,True,False
22:28:06,Baseline,Heuristic,0.1,1.01,0.163,0.239,0.62,,True,False
22:28:06,Baseline,DL_quant,0.77,351.81,,,,0.996,True,False
22:28:06,Baseline,Heuristic,0.1,1.01,0.163,0.237,0.621,,True,False
22:28:06,Baseline,DL_quant,0.75,351.81,,,,0.996,True,False
22:28:06,Baseline,Heuristic,0.11,1.01,0.163,0.235,0.622,,True,False
22:28:06,Baseline,DL_quant,0.83,351.81,,,,0.996,True,False
22:28:06,Baseline,Heuristic,0.1,1.01,0.163,0.232,0.623,,True,False
22:28:06,Baseline,DL_quant,0.75,351.81,,,,0.996,True,False
22:28:06,Baseline,Heuristic,0.1,1.01,0.163,0.23,0.623,,True,False
22:28:06,Baseline,DL_quant,0.72,351.81,,,,0.992,True,False
22:28:06,Baseline,Heuristic,0.1,1.01,0.163,0.228,0.624,,True,False
22:28:06,Baseline,DL_quant,0.73,351.81,,,,0.992,True,False
22:28:06,Baseline,Heuristic,0.1,1.01,0.163,0.226,0.625,,True,False
22:28:06,Baseline,DL_quant,0.74,351.81,,,,0.996,True,False
22:28:06,Baseline,Heuristic,0.11,1.01,0.163,0.223,0.626,,True,False
22:28:06,Baseline,DL_quant,0.85,351.81,,,,0.996,True,False
22:28:06,Baseline,Heuristic,0.1,1.01,0.164,0.221,0.627,,True,False
22:28:06,Baseline,DL_quant,0.85,351.81,,,,0.996,True,False
22:28:06,Baseline,Heuristic,0.1,1.01,0.164,0.219,0.627,,True,False
22:28:06,Baseline,DL_quant,0.74,351.81,,,,0.93,True,False
22:28:06,Baseline,Heuristic,0.1,1.01,0.164,0.217,0.628,,True,False
22:28:06,Baseline,DL_quant,0.74,351.81,,,,0.984,True,False
22:28:06,Baseline,Heuristic,0.1,1.01,0.164,0.215,0.629,,True,False
22:28:06,Baseline,DL_quant,0.74,351.81,,,,0.984,True,False
22:28:06,Baseline,Heuristic,0.1,1.01,0.165,0.213,0.629,,True,False
22:28:06,Baseline,DL_quant,0.75,351.81,,,,0.738,False,False
22:28:06,Baseline,Heuristic,0.1,1.01,0.165,0.211,0.63,,True,False
22:28:06,Baseline,DL_quant,0.74,351.81,,,,0.828,True,False
22:28:06,Baseline,Heuristic,0.1,1.01,0.165,0.209,0.631,,True,False
22:28:06,Baseline,DL_quant,0.78,351.81,,,,0.891,True,False
22:28:06,Baseline,Heuristic,0.1,1.01,0.165,0.207,0.632,,True,False
22:28:06,Baseline,DL_quant,0.79,351.81,,,,0.996,True,False
22:28:06,Baseline,Heuristic,0.1,1.01,0.166,0.205,0.632,,True,False
22:28:06,Baseline,DL_quant,0.75,351.81,,,,0.996,True,False
22:28:06,Baseline,Heuristic,0.1,1.01,0.166,0.203,0.633,,True,False
22:28:06,Baseline,DL_quant,0.75,351.81,,,,0.996,True,False
22:28:06,Baseline,Heuristic,0.1,1.01,0.166,0.201,0.634,,True,False
22:28:06,Baseline,DL_quant,0.75,351.81,,,,0.984,True,False
22:28:06,Baseline,Heuristic,0.11,1.01,0.167,0.199,0.635,,True,False
22:28:06,Baseline,DL_quant,0.8,351.81,,,,0.0,False,False
22:28:06,Baseline,Heuristic,0.11,1.01,0.167,0.197,0.635,,True,False
22:28:06,Baseline,DL_quant,0.77,351.81,,,,0.02,False,False
22:28:06,Baseline,Heuristic,0.1,1.01,0.167,0.195,0.636,,True,False
22:28:06,Baseline,DL_quant,0.8,351.81,,,,0.0,False,False
22:28:06,Baseline,Heuristic,0.1,1.01,0.168,0.193,0.637,,True,False
22:28:06,Baseline,DL_quant,0.75,351.81,,,,0.0,False,False
22:28:06,Baseline,Heuristic,0.1,1.01,0.169,0.192,0.637,,True,False
22:28:06,Baseline,DL_quant,0.76,351.81,,,,0.0,False,False
22:28:06,Baseline,Heuristic,0.14,1.01,0.169,0.19,0.638,,True,False
22:28:06,Baseline,DL_quant,0.87,351.81,,,,0.004,False,False
22:28:06,Baseline,Heuristic,0.1,1.01,0.17,0.188,0.639,,True,False
22:28:06,Baseline,DL_quant,0.75,351.81,,,,0.0,False,False
22:28:06,Baseline,Heuristic,0.1,1.01,0.171,0.186,0.64,,True,False
22:28:06,Baseline,DL_quant,0.78,351.81,,,,0.051,False,False
22:28:07,Baseline,Heuristic,0.1,1.01,0.172,0.184,0.64,,True,False
22:28:07,Baseline,DL_quant,0.73,351.81,,,,0.0,False,False
22:28:07,Baseline,Heuristic,0.1,1.01,0.173,0.182,0.641,,True,False
22:28:07,Baseline,DL_quant,0.75,351.81,,,,0.0,False,False
22:28:07,Baseline,Heuristic,0.1,1.01,0.174,0.181,0.642,,True,False
22:28:07,Baseline,DL_quant,0.74,351.81,,,,0.0,False,False
22:28:07,Baseline,Heuristic,0.11,1.01,0.175,0.179,0.642,,True,False
22:28:07,Baseline,DL_quant,0.83,351.81,,,,0.0,False,False
22:28:07,Baseline,Heuristic,0.11,1.01,0.176,0.177,0.643,,True,False
22:28:07,Baseline,DL_quant,0.79,351.81,,,,0.0,False,False
22:28:07,Baseline,Heuristic,0.1,1.01,0.177,0.175,0.644,,True,False
22:28:07,Baseline,DL_quant,0.77,351.81,,,,0.0,False,False
22:28:07,Baseline,Heuristic,0.1,1.01,0.178,0.174,0.644,,True,False
22:28:07,Baseline,DL_quant,0.72,351.81,,,,0.0,False,False
22:28:07,Baseline,Heuristic,0.1,1.01,0.179,0.172,0.645,,True,False
22:28:07,Baseline,DL_quant,0.77,351.81,,,,0.0,False,False
22:28:07,Baseline,Heuristic,0.1,1.01,0.18,0.17,0.646,,True,False
22:28:07,Baseline,DL_quant,0.89,351.81,,,,0.0,False,False
22:28:07,Baseline,Heuristic,0.11,1.01,0.181,0.168,0.646,,True,False
22:28:07,Baseline,DL_quant,0.76,351.81,,,,0.0,False,False
22:28:07,Baseline,Heuristic,0.1,1.01,0.183,0.167,0.647,,True,False
22:28:07,Baseline,DL_quant,0.8,351.81,,,,0.0,False,False
22:28:07,Baseline,Heuristic,0.1,1.01,0.184,0.165,0.648,,True,False
22:28:07,Baseline,DL_quant,0.74,351.81,,,,0.0,False,False
22:28:07,Baseline,Heuristic,0.1,1.01,0.185,0.164,0.648,,True,False
22:28:07,Baseline,DL_quant,0.75,351.81,,,,0.0,False,False
22:28:07,Baseline,Heuristic,0.1,1.01,0.186,0.162,0.649,,True,False
22:28:07,Baseline,DL_quant,0.77,351.81,,,,0.0,False,False
22:28:07,Baseline,Heuristic,0.1,1.01,0.187,0.16,0.65,,True,False
22:28:07,Baseline,DL_quant,0.73,351.81,,,,0.0,False,False
22:28:07,Baseline,Heuristic,0.1,1.01,0.188,0.159,0.65,,True,False
22:28:07,Baseline,DL_quant,0.74,351.81,,,,0.0,False,False
22:28:07,Baseline,Heuristic,0.1,1.01,0.189,0.157,0.651,,True,False
22:28:07,Baseline,DL_quant,0.77,351.81,,,,0.0,False,False
22:28:07,Baseline,Heuristic,0.1,1.01,0.19,0.156,0.652,,True,False
22:28:07,Baseline,DL_quant,0.77,351.81,,,,0.0,False,False
22:28:07,Baseline,Heuristic,0.1,1.01,0.191,0.154,0.652,,True,False
22:28:07,Baseline,DL_quant,0.74,351.81,,,,0.0,False,False
22:28:07,Baseline,Heuristic,0.14,1.01,0.192,0.153,0.653,,True,False
22:28:07,Baseline,DL_quant,0.78,351.81,,,,0.0,False,False
22:28:07,Baseline,Heuristic,0.12,1.01,0.193,0.151,0.654,,True,False
22:28:07,Baseline,DL_quant,0.81,351.81,,,,0.0,False,False
22:28:07,Baseline,Heuristic,0.1,1.01,0.194,0.15,0.654,,True,False
22:28:07,Baseline,DL_quant,0.74,351.81,,,,0.0,False,False
22:28:07,Baseline,Heuristic,0.1,1.01,0.195,0.148,0.655,,True,False
22:28:07,Baseline,DL_quant,0.73,351.81,,,,0.0,False,False
22:28:07,Baseline,Heuristic,0.1,1.01,0.195,0.147,0.656,,True,False
22:28:07,Baseline,DL_quant,0.8,351.81,,,,0.0,False,False
22:28:07,Baseline,Heuristic,0.1,1.01,0.196,0.145,0.656,,True,False
22:28:07,Baseline,DL_quant,0.74,351.81,,,,0.0,False,False
22:28:07,Baseline,Heuristic,0.11,1.01,0.197,0.144,0.657,,True,False
22:28:07,Baseline,DL_quant,0.76,351.81,,,,0.0,False,False
22:28:07,Baseline,Heuristic,0.1,1.01,0.198,0.142,0.657,,True,False
22:28:07,Baseline,DL_quant,0.78,351.81,,,,0.0,False,False
22:28:07,Baseline,Heuristic,0.1,1.01,0.199,0.141,0.658,,True,False
22:28:07,Baseline,DL_quant,0.75,351.81,,,,0.996,True,False
22:28:07,Baseline,Heuristic,0.1,1.27,0.199,0.14,0.659,,True,False
22:28:07,Baseline,DL_quant,0.73,351.81,,,,0.996,True,False
22:28:08,Baseline,Heuristic,0.1,1.01,0.2,0.138,0.659,,True,False
22:28:08,Baseline,DL_quant,0.74,351.81,,,,0.996,True,False
22:28:08,Baseline,Heuristic,0.1,1.01,0.2,0.137,0.658,,True,False
22:28:08,Baseline,DL_quant,0.8,351.81,,,,0.297,False,False
22:28:08,Baseline,Heuristic,0.11,1.01,0.2,0.136,0.657,,True,False
22:28:08,Baseline,DL_quant,0.76,351.81,,,,0.629,False,False
22:28:08,Baseline,Heuristic,0.1,1.01,0.2,0.134,0.656,,True,False
22:28:08,Baseline,DL_quant,0.76,351.81,,,,0.668,False,False
22:28:08,Baseline,Heuristic,0.1,1.01,0.2,0.133,0.655,,True,False
22:28:08,Baseline,DL_quant,0.72,351.81,,,,0.996,True,False
22:28:08,Baseline,Heuristic,0.1,1.01,0.201,0.132,0.653,,True,False
22:28:08,Baseline,DL_quant,0.74,351.81,,,,0.996,True,False
22:28:08,Baseline,Heuristic,0.14,1.01,0.2,0.13,0.652,,True,False
22:28:08,Baseline,DL_quant,1.01,351.81,,,,0.996,True,False
22:28:08,Baseline,Heuristic,0.1,1.01,0.2,0.129,0.651,,True,False
22:28:08,Baseline,DL_quant,0.76,351.81,,,,0.996,True,False
22:28:08,Baseline,Heuristic,0.11,1.01,0.2,0.128,0.65,,True,False
22:28:08,Baseline,DL_quant,0.77,351.81,,,,0.996,True,False
22:28:08,Baseline,Heuristic,0.1,1.01,0.2,0.127,0.649,,True,False
22:28:08,Baseline,DL_quant,0.74,351.81,,,,0.988,True,False
22:28:08,Baseline,Heuristic,0.1,1.01,0.2,0.125,0.649,,True,False
22:28:08,Baseline,DL_quant,0.78,351.81,,,,0.996,True,False
22:28:08,Baseline,Heuristic,0.1,1.01,0.2,0.124,0.65,,True,False
22:28:08,Baseline,DL_quant,0.75,351.81,,,,0.996,True,False
22:28:08,Baseline,Heuristic,0.1,1.01,0.2,0.123,0.651,,True,False
22:28:08,Baseline,DL_quant,0.74,351.81,,,,0.996,True,False
22:28:08,Baseline,Heuristic,0.11,1.01,0.2,0.122,0.651,,True,False
22:28:08,Baseline,DL_quant,0.79,351.81,,,,0.629,False,False
22:28:08,Baseline,Heuristic,0.1,1.01,0.2,0.121,0.652,,True,False
22:28:08,Baseline,DL_quant,0.79,351.81,,,,0.199,False,False
22:28:08,Baseline,Heuristic,0.1,1.01,0.2,0.12,0.652,,True,False
22:28:08,Baseline,DL_quant,0.75,351.81,,,,0.262,False,False
22:28:08,Baseline,Heuristic,0.1,1.01,0.2,0.119,0.653,,True,False
22:28:08,Baseline,DL_quant,0.93,351.81,,,,0.297,False,False
22:28:08,Baseline,Heuristic,0.12,1.01,0.2,0.117,0.654,,True,False
22:28:08,Baseline,DL_quant,0.81,351.81,,,,0.629,False,False
22:28:08,Baseline,Heuristic,0.12,1.01,0.2,0.116,0.652,,True,False
22:28:08,Baseline,DL_quant,0.79,351.81,,,,0.891,True,False
22:28:08,Baseline,Heuristic,0.1,1.01,0.2,0.115,0.651,,True,False
22:28:08,Baseline,DL_quant,0.75,351.81,,,,0.996,True,False
22:28:08,Baseline,Heuristic,0.1,1.01,0.201,0.114,0.65,,True,False
22:28:08,Baseline,DL_quant,0.74,351.81,,,,0.0,False,False
22:28:08,Baseline,Heuristic,0.1,1.01,0.201,0.113,0.649,,True,False
22:28:08,Baseline,DL_quant,0.74,351.81,,,,0.0,False,False
22:28:08,Baseline,Heuristic,0.18,1.01,0.202,0.112,0.648,,True,False
22:28:08,Baseline,DL_quant,0.79,351.81,,,,0.0,False,False
22:28:08,Baseline,Heuristic,0.11,1.01,0.203,0.111,0.647,,True,False
22:28:08,Baseline,DL_quant,0.73,351.81,,,,0.0,False,False
22:28:08,Baseline,Heuristic,0.1,1.01,0.204,0.11,0.646,,True,False
22:28:08,Baseline,DL_quant,0.78,351.81,,,,0.0,False,False
22:28:08,Baseline,Heuristic,0.1,1.01,0.204,0.109,0.644,,True,False
22:28:08,Baseline,DL_quant,0.78,351.81,,,,0.0,False,False
22:28:08,Baseline,Heuristic,0.1,1.01,0.205,0.108,0.643,,True,False
22:28:08,Baseline,DL_quant,0.74,351.81,,,,0.0,False,False
22:28:08,Baseline,Heuristic,0.1,1.01,0.206,0.107,0.642,,True,False
22:28:08,Baseline,DL_quant,0.75,351.81,,,,0.0,False,False
22:28:09,Baseline,Heuristic,0.11,1.01,0.207,0.106,0.641,,True,False
22:28:09,Baseline,DL_quant,0.77,351.81,,,,0.0,False,False
22:28:09,Baseline,Heuristic,0.1,1.01,0.208,0.105,0.64,,True,False
22:28:09,Baseline,DL_quant,0.76,351.81,,,,0.0,False,False
22:28:09,Baseline,Heuristic,0.1,1.01,0.209,0.104,0.639,,True,False
22:28:09,Baseline,DL_quant,0.79,351.81,,,,0.0,False,False
22:28:09,Baseline,Heuristic,0.1,1.01,0.209,0.103,0.638,,True,False
22:28:09,Baseline,DL_quant,0.74,351.81,,,,0.0,False,False
22:28:09,Baseline,Heuristic,0.1,1.01,0.21,0.102,0.637,,True,False
22:28:09,Baseline,DL_quant,0.72,351.81,,,,0.0,False,False
22:28:09,Baseline,Heuristic,0.16,1.01,0.211,0.101,0.636,,True,False
22:28:09,Baseline,DL_quant,1.11,351.81,,,,0.0,False,False
22:28:09,Baseline,Heuristic,0.11,1.01,0.212,0.1,0.634,,True,False
22:28:09,Baseline,DL_quant,0.77,351.81,,,,0.0,False,False
22:28:09,Baseline,Heuristic,0.11,1.01,0.213,0.099,0.633,,True,False
22:28:09,Baseline,DL_quant,0.84,351.81,,,,0.0,False,False
22:28:09,Baseline,Heuristic,0.11,1.01,0.214,0.098,0.632,,True,False
22:28:09,Baseline,DL_quant,0.76,351.81,,,,0.0,False,False
22:28:09,Baseline,Heuristic,0.1,1.01,0.214,0.097,0.631,,True,False
22:28:09,Baseline,DL_quant,0.73,351.81,,,,0.0,False,False
22:28:09,Baseline,Heuristic,0.11,1.01,0.215,0.096,0.63,,True,False
22:28:09,Baseline,DL_quant,0.8,351.81,,,,0.0,False,False
22:28:09,Baseline,Heuristic,0.11,1.01,0.215,0.095,0.629,,True,False
22:28:09,Baseline,DL_quant,0.74,351.81,,,,0.0,False,False
22:28:09,Baseline,Heuristic,0.11,1.01,0.216,0.094,0.628,,True,False
22:28:09,Baseline,DL_quant,0.77,351.81,,,,0.0,False,False
22:28:09,Baseline,Heuristic,0.1,1.01,0.216,0.093,0.627,,True,False
22:28:09,Baseline,DL_quant,0.75,351.81,,,,0.0,False,False
22:28:09,Baseline,Heuristic,0.1,1.01,0.217,0.092,0.626,,True,False
22:28:09,Baseline,DL_quant,0.76,351.81,,,,0.0,False,False
22:28:09,Baseline,Heuristic,0.1,1.01,0.217,0.091,0.625,,True,False
22:28:09,Baseline,DL_quant,0.75,351.81,,,,0.0,False,False
22:28:09,Baseline,Heuristic,0.1,1.01,0.218,0.09,0.624,,True,False
22:28:09,Baseline,DL_quant,0.75,351.81,,,,0.996,True,False
22:28:09,Baseline,Heuristic,0.11,1.01,0.218,0.089,0.623,,True,False
22:28:09,Baseline,DL_quant,0.75,351.81,,,,0.996,True,False
22:28:09,Baseline,Heuristic,0.22,1.01,0.219,0.089,0.622,,True,False
22:28:09,Baseline,DL_quant,0.85,351.81,,,,0.996,True,False
22:28:09,Baseline,Heuristic,0.16,1.01,0.219,0.088,0.621,,True,False
22:28:09,Baseline,DL_quant,1.15,351.81,,,,0.996,True,False
22:28:09,Baseline,Heuristic,0.1,1.01,0.219,0.087,0.62,,True,False
22:28:09,Baseline,DL_quant,0.99,351.81,,,,0.543,False,False
22:28:09,Baseline,Heuristic,0.15,1.01,0.219,0.086,0.618,,True,False
22:28:09,Baseline,DL_quant,0.73,351.81,,,,0.93,True,False
22:28:09,Baseline,Heuristic,0.11,1.01,0.219,0.085,0.617,,True,False
22:28:09,Baseline,DL_quant,0.77,351.81,,,,0.828,True,False
22:28:09,Baseline,Heuristic,0.1,1.01,0.219,0.084,0.616,,True,False
22:28:09,Baseline,DL_quant,0.75,351.81,,,,0.98,True,False
22:28:09,Baseline,Heuristic,0.1,1.01,0.22,0.083,0.615,,True,False
22:28:09,Baseline,DL_quant,0.73,351.81,,,,0.984,True,False
22:28:10,Baseline,Heuristic,0.1,1.01,0.22,0.083,0.614,,True,False
22:28:10,Baseline,DL_quant,0.73,351.81,,,,0.918,True,False
22:28:10,Baseline,Heuristic,0.1,1.01,0.22,0.082,0.613,,True,False
22:28:10,Baseline,DL_quant,0.74,351.81,,,,0.949,True,False
22:28:10,Baseline,Heuristic,0.18,1.01,0.22,0.081,0.612,,True,False
22:28:10,Baseline,DL_quant,0.75,351.81,,,,0.828,True,False
22:28:10,Baseline,Heuristic,0.1,1.01,0.22,0.08,0.611,,True,False
22:28:10,Baseline,DL_quant,0.78,351.81,,,,0.957,True,False
22:28:10,Baseline,Heuristic,0.11,1.01,0.22,0.08,0.61,,True,False
22:28:10,Baseline,DL_quant,0.78,351.81,,,,0.98,True,False
22:28:10,Baseline,Heuristic,0.11,1.01,0.221,0.079,0.609,,True,False
22:28:10,Baseline,DL_quant,0.84,351.81,,,,0.949,True,False
22:28:10,Baseline,Heuristic,0.1,1.01,0.221,0.078,0.608,,True,False
22:28:10,Baseline,DL_quant,0.73,351.81,,,,0.004,False,False
22:28:10,Baseline,Heuristic,0.1,1.01,0.221,0.077,0.607,,True,False
22:28:10,Baseline,DL_quant,0.85,351.81,,,,0.0,False,False
22:28:10,Baseline,Heuristic,0.11,1.01,0.221,0.077,0.606,,True,False
22:28:10,Baseline,DL_quant,0.81,351.81,,,,0.629,False,False
22:28:10,Baseline,Heuristic,0.11,1.01,0.221,0.076,0.605,,True,False
22:28:10,Baseline,DL_quant,0.74,351.81,,,,0.0,False,False
22:28:10,Baseline,Heuristic,0.3,1.27,0.222,0.075,0.604,,True,False
22:28:10,Baseline,DL_quant,2.69,351.81,,,,0.0,False,False
22:28:10,Baseline,Heuristic,0.1,1.01,0.222,0.075,0.603,,True,False
22:28:10,Baseline,DL_quant,0.73,351.81,,,,0.0,False,False
22:28:10,Baseline,Heuristic,0.11,1.01,0.223,0.074,0.602,,True,False
22:28:10,Baseline,DL_quant,0.98,351.81,,,,0.0,False,False
22:28:10,Baseline,Heuristic,0.11,1.01,0.223,0.073,0.601,,True,False
22:28:10,Baseline,DL_quant,0.79,351.81,,,,0.0,False,False
22:28:10,Baseline,Heuristic,0.12,1.01,0.224,0.072,0.6,,True,False
22:28:10,Baseline,DL_quant,0.82,351.81,,,,0.0,False,False
22:28:10,Baseline,Heuristic,0.11,1.01,0.224,0.072,0.599,,True,False
22:28:10,Baseline,DL_quant,0.74,351.81,,,,0.0,False,False
22:28:10,Baseline,Heuristic,0.11,1.01,0.225,0.071,0.598,,True,False
22:28:10,Baseline,DL_quant,0.8,351.81,,,,0.0,False,False
22:28:11,Baseline,Heuristic,0.1,1.01,0.225,0.07,0.597,,True,False
22:28:11,Baseline,DL_quant,0.73,351.81,,,,0.0,False,False
22:28:11,Baseline,Heuristic,0.11,1.01,0.226,0.07,0.596,,True,False
22:28:11,Baseline,DL_quant,0.75,351.81,,,,0.0,False,False
22:28:11,Baseline,Heuristic,0.1,1.01,0.227,0.069,0.595,,True,False
22:28:11,Baseline,DL_quant,0.75,351.81,,,,0.0,False,False
22:28:11,Baseline,Heuristic,0.1,1.01,0.227,0.068,0.595,,True,False
22:28:11,Baseline,DL_quant,0.76,351.81,,,,0.0,False,False
22:28:11,Baseline,Heuristic,0.11,1.01,0.228,0.068,0.594,,True,False
22:28:11,Baseline,DL_quant,0.74,351.81,,,,0.0,False,False
22:28:11,Baseline,Heuristic,0.1,1.01,0.228,0.067,0.593,,True,False
22:28:11,Baseline,DL_quant,0.72,351.81,,,,0.0,False,False
22:28:11,Baseline,Heuristic,0.28,1.01,0.229,0.066,0.592,,True,False
22:28:11,Baseline,DL_quant,1.55,351.81,,,,0.0,False,False
22:28:11,Baseline,Heuristic,0.11,1.01,0.229,0.066,0.591,,True,False
22:28:11,Baseline,DL_quant,0.74,351.81,,,,0.0,False,False
22:28:11,Baseline,Heuristic,0.17,1.01,0.23,0.065,0.59,,True,False
22:28:11,Baseline,DL_quant,1.31,351.81,,,,0.0,False,False
22:28:11,Baseline,Heuristic,0.1,1.01,0.23,0.064,0.589,,True,False
22:28:11,Baseline,DL_quant,0.73,351.81,,,,0.0,False,False
22:28:11,Baseline,Heuristic,0.11,1.01,0.231,0.064,0.588,,True,False
22:28:11,Baseline,DL_quant,0.73,351.81,,,,0.0,False,False
22:28:11,Baseline,Heuristic,0.1,1.01,0.232,0.063,0.587,,True,False
22:28:11,Baseline,DL_quant,0.73,351.81,,,,0.0,False,False
22:28:11,Baseline,Heuristic,0.11,1.01,0.232,0.062,0.586,,True,False
22:28:11,Baseline,DL_quant,0.83,351.81,,,,0.0,False,False
22:28:11,Baseline,Heuristic,0.1,1.01,0.233,0.062,0.585,,True,False
22:28:11,Baseline,DL_quant,0.74,351.81,,,,0.0,False,False
22:28:11,Baseline,Heuristic,0.1,1.01,0.233,0.061,0.584,,True,False
22:28:11,Baseline,DL_quant,0.73,351.81,,,,0.0,False,False
22:28:11,Baseline,Heuristic,0.1,1.01,0.234,0.061,0.583,,True,False
22:28:11,Baseline,DL_quant,0.73,351.81,,,,0.0,False,False
22:28:11,Baseline,Heuristic,0.11,1.01,0.234,0.06,0.582,,True,False
22:28:11,Baseline,DL_quant,0.85,351.81,,,,0.0,False,False
22:28:11,Baseline,Heuristic,0.1,1.01,0.235,0.059,0.581,,True,False
22:28:11,Baseline,DL_quant,0.77,351.81,,,,0.891,True,False
22:28:11,Baseline,Heuristic,0.1,1.01,0.235,0.059,0.58,,True,False
22:28:11,Baseline,DL_quant,0.75,351.81,,,,0.332,False,False
22:28:11,Baseline,Heuristic,0.12,1.01,0.236,0.058,0.58,,True,False
22:28:11,Baseline,DL_quant,0.76,351.81,,,,0.371,False,False
22:28:11,Baseline,Heuristic,0.11,1.01,0.237,0.058,0.579,,True,False
22:28:11,Baseline,DL_quant,0.76,351.81,,,,0.543,False,False
22:28:11,Baseline,Heuristic,0.1,1.01,0.237,0.057,0.578,,True,False
22:28:11,Baseline,DL_quant,0.75,351.81,,,,0.004,False,False
22:28:11,Baseline,Heuristic,0.1,1.01,0.238,0.057,0.577,,True,False
22:28:11,Baseline,DL_quant,0.74,351.81,,,,0.98,True,False
22:28:11,Baseline,Heuristic,0.1,1.01,0.239,0.056,0.576,,True,False
22:28:11,Baseline,DL_quant,0.75,351.81,,,,0.852,True,False
22:28:11,Baseline,Heuristic,0.11,1.01,0.239,0.056,0.575,,True,False
22:28:11,Baseline,DL_quant,0.78,351.81,,,,0.414,False,False
22:28:11,Baseline,Heuristic,0.11,1.01,0.24,0.055,0.574,,True,False
22:28:11,Baseline,DL_quant,0.75,351.81,,,,0.082,False,False
22:28:12,Baseline,Heuristic,0.11,1.01,0.241,0.055,0.573,,True,False
22:28:12,Baseline,DL_quant,0.74,351.81,,,,0.801,True,False
22:28:12,Baseline,Heuristic,0.11,1.01,0.241,0.054,0.572,,True,False
22:28:12,Baseline,DL_quant,0.78,351.81,,,,0.738,False,False
22:28:12,Baseline,Heuristic,0.1,1.01,0.242,0.053,0.571,,True,False
22:28:12,Baseline,DL_quant,0.78,351.81,,,,0.035,False,False
22:28:12,Baseline,Heuristic,0.1,1.01,0.243,0.053,0.571,,True,False
22:28:12,Baseline,DL_quant,0.74,351.81,,,,0.0,False,False
22:28:12,Baseline,Heuristic,0.1,1.01,0.244,0.052,0.57,,True,False
22:28:12,Baseline,DL_quant,0.76,351.81,,,,0.0,False,False
22:28:12,Baseline,Heuristic,0.12,1.01,0.245,0.052,0.569,,True,False
22:28:12,Baseline,DL_quant,0.79,351.81,,,,0.0,False,False
22:28:13,Baseline,Heuristic,0.11,1.01,0.246,0.052,0.568,,True,False
22:28:13,Baseline,DL_quant,0.79,351.81,,,,0.0,False,False
22:28:13,Baseline,Heuristic,0.1,1.01,0.247,0.051,0.567,,True,False
22:28:13,Baseline,DL_quant,0.77,351.81,,,,0.0,False,False
22:28:13,Baseline,Heuristic,0.1,1.01,0.248,0.051,0.566,,True,False
22:28:13,Baseline,DL_quant,0.76,351.81,,,,0.008,False,False
22:28:13,Baseline,Heuristic,0.1,1.01,0.249,0.05,0.565,,True,False
22:28:13,Baseline,DL_quant,0.74,351.81,,,,0.004,False,False
22:28:13,Baseline,Heuristic,0.1,1.01,0.25,0.05,0.564,,True,False
22:28:13,Baseline,DL_quant,0.74,351.81,,,,0.992,True,False
22:28:13,Baseline,Heuristic,0.1,1.01,0.251,0.049,0.564,,True,False
22:28:13,Baseline,DL_quant,0.75,351.81,,,,0.988,True,False
22:28:13,Baseline,Heuristic,0.1,1.01,0.251,0.049,0.563,,True,False
22:28:13,Baseline,DL_quant,0.76,351.81,,,,0.93,True,False
22:28:13,Baseline,Heuristic,0.11,1.01,0.252,0.048,0.562,,True,False
22:28:13,Baseline,DL_quant,0.77,351.81,,,,0.094,False,False
22:28:13,Baseline,Heuristic,0.1,1.01,0.253,0.048,0.561,,True,False
22:28:13,Baseline,DL_quant,0.76,351.81,,,,0.109,False,False
22:28:13,Baseline,Heuristic,0.1,1.01,0.254,0.047,0.56,,True,False
22:28:13,Baseline,DL_quant,0.76,351.81,,,,0.004,False,False
22:28:13,Baseline,Heuristic,0.1,1.01,0.255,0.047,0.559,,True,False
22:28:13,Baseline,DL_quant,0.74,351.81,,,,0.941,True,False
22:28:13,Baseline,Heuristic,0.1,1.01,0.256,0.047,0.558,,True,False
22:28:13,Baseline,DL_quant,0.73,351.81,,,,0.051,False,False
22:28:13,Baseline,Heuristic,0.11,1.01,0.257,0.046,0.558,,True,False
22:28:13,Baseline,DL_quant,0.76,351.81,,,,0.332,False,False
22:28:13,Baseline,Heuristic,0.11,1.01,0.257,0.046,0.557,,True,False
22:28:13,Baseline,DL_quant,0.79,351.81,,,,0.035,False,False
22:28:13,Baseline,Heuristic,0.11,1.01,0.258,0.045,0.556,,True,False
22:28:13,Baseline,DL_quant,0.77,351.81,,,,0.094,False,False
22:28:13,Baseline,Heuristic,0.1,1.01,0.259,0.045,0.555,,True,False
22:28:13,Baseline,DL_quant,0.75,351.81,,,,0.297,False,False
22:28:13,Baseline,Heuristic,0.1,1.01,0.26,0.045,0.554,,True,False
22:28:13,Baseline,DL_quant,0.74,351.81,,,,0.891,True,False
22:28:13,Baseline,Heuristic,0.1,1.01,0.26,0.044,0.553,,True,False
22:28:13,Baseline,DL_quant,0.74,351.81,,,,0.828,True,False
22:28:13,Baseline,Heuristic,0.11,1.01,0.261,0.044,0.553,,True,False
22:28:13,Baseline,DL_quant,0.74,351.81,,,,0.988,True,False
22:28:13,Baseline,Heuristic,0.11,1.01,0.261,0.043,0.552,,True,False
22:28:13,Baseline,DL_quant,0.75,351.81,,,,0.941,True,False
22:28:13,Baseline,Heuristic,0.11,1.01,0.262,0.043,0.551,,True,False
22:28:13,Baseline,DL_quant,0.78,351.81,,,,0.773,False,False
22:28:13,Baseline,Heuristic,0.11,1.01,0.263,0.043,0.55,,True,False
22:28:13,Baseline,DL_quant,0.81,351.81,,,,0.148,False,False
22:28:13,Baseline,Heuristic,0.11,1.01,0.263,0.042,0.549,,True,False
22:28:13,Baseline,DL_quant,0.77,351.81,,,,0.227,False,False
22:28:13,Baseline,Heuristic,0.1,1.01,0.263,0.042,0.548,,True,False
22:28:13,Baseline,DL_quant,0.74,351.81,,,,0.004,False,False
22:28:13,Baseline,Heuristic,0.1,1.01,0.264,0.042,0.548,,True,False
22:28:13,Baseline,DL_quant,0.73,351.81,,,,0.773,False,False
22:28:13,Baseline,Heuristic,0.1,1.27,0.264,0.041,0.547,,True,False
22:28:13,Baseline,DL_quant,0.74,351.81,,,,0.703,False,False
22:28:13,Baseline,Heuristic,0.1,1.01,0.265,0.041,0.546,,True,False
22:28:13,Baseline,DL_quant,0.73,351.81,,,,0.586,False,False
22:28:13,Baseline,Heuristic,0.1,1.01,0.265,0.04,0.545,,True,False
22:28:13,Baseline,DL_quant,0.88,351.81,,,,0.918,True,False
22:28:13,Baseline,Heuristic,0.11,1.01,0.266,0.04,0.544,,True,False
22:28:13,Baseline,DL_quant,0.75,351.81,,,,0.871,True,False
22:28:14,Baseline,Heuristic,0.11,1.01,0.266,0.04,0.544,,True,False
22:28:14,Baseline,DL_quant,0.79,351.81,,,,0.988,True,False
22:28:14,Baseline,Heuristic,0.11,1.01,0.267,0.039,0.543,,True,False
22:28:14,Baseline,DL_quant,0.75,351.81,,,,0.988,True,False
22:28:14,Baseline,Heuristic,0.11,1.01,0.267,0.039,0.542,,True,False
22:28:14,Baseline,DL_quant,0.75,351.81,,,,0.996,True,False
22:28:14,Baseline,Heuristic,0.11,1.01,0.267,0.039,0.541,,True,False
22:28:14,Baseline,DL_quant,0.76,351.81,,,,0.988,True,False
22:28:14,Baseline,Heuristic,0.11,1.01,0.268,0.038,0.54,,True,False
22:28:14,Baseline,DL_quant,0.75,351.81,,,,0.5,False,False
22:28:14,Baseline,Heuristic,0.1,1.01,0.268,0.038,0.54,,True,False
22:28:14,Baseline,DL_quant,0.74,351.81,,,,0.668,False,False
22:28:14,Baseline,Heuristic,0.1,1.01,0.269,0.038,0.539,,True,False
22:28:14,Baseline,DL_quant,0.72,351.81,,,,0.984,True,False
22:28:14,Baseline,Heuristic,0.1,1.01,0.269,0.037,0.538,,True,False
22:28:14,Baseline,DL_quant,0.76,351.81,,,,0.98,True,False
22:28:14,Baseline,Heuristic,0.1,1.01,0.27,0.037,0.537,,True,False
22:28:14,Baseline,DL_quant,0.74,351.81,,,,0.98,True,False
22:28:14,Baseline,Heuristic,0.1,1.01,0.27,0.037,0.536,,True,False
22:28:14,Baseline,DL_quant,0.76,351.81,,,,0.996,True,False
22:28:14,Baseline,Heuristic,0.1,1.01,0.271,0.036,0.536,,True,False
22:28:14,Baseline,DL_quant,0.73,351.81,,,,0.996,True,False
22:28:14,Baseline,Heuristic,0.1,1.01,0.271,0.036,0.535,,True,False
22:28:14,Baseline,DL_quant,0.73,351.81,,,,0.957,True,False
22:28:14,Baseline,Heuristic,0.1,1.01,0.272,0.036,0.534,,True,False
22:28:14,Baseline,DL_quant,0.74,351.81,,,,0.852,True,False
22:28:14,Baseline,Heuristic,0.1,1.01,0.272,0.035,0.533,,True,False
22:28:14,Baseline,DL_quant,0.75,351.81,,,,0.852,True,False
22:28:14,Baseline,Heuristic,0.11,1.01,0.273,0.035,0.533,,True,False
22:28:14,Baseline,DL_quant,0.8,351.81,,,,0.941,True,False
22:28:14,Baseline,Heuristic,0.11,1.01,0.273,0.035,0.532,,True,False
22:28:14,Baseline,DL_quant,0.78,351.81,,,,0.996,True,False
22:28:14,Baseline,Heuristic,0.12,1.01,0.274,0.035,0.531,,True,False
22:28:14,Baseline,DL_quant,0.78,351.81,,,,0.918,True,False
22:28:14,Baseline,Heuristic,0.1,1.01,0.274,0.034,0.53,,True,False
22:28:14,Baseline,DL_quant,0.88,351.81,,,,0.227,False,False
22:28:14,Baseline,Heuristic,0.1,1.01,0.274,0.034,0.529,,True,False
22:28:14,Baseline,DL_quant,0.74,351.81,,,,0.414,False,False
22:28:14,Baseline,Heuristic,0.1,1.01,0.275,0.034,0.529,,True,False
22:28:14,Baseline,DL_quant,0.73,351.81,,,,0.543,False,False
22:28:14,Baseline,Heuristic,0.1,1.01,0.275,0.033,0.528,,True,False
22:28:14,Baseline,DL_quant,0.74,351.81,,,,0.891,True,False
22:28:14,Baseline,Heuristic,0.11,1.01,0.275,0.033,0.527,,True,False
22:28:14,Baseline,DL_quant,0.85,351.81,,,,0.957,True,False
22:28:14,Baseline,Heuristic,0.1,1.01,0.275,0.033,0.526,,True,False
22:28:14,Baseline,DL_quant,0.74,351.81,,,,0.988,True,False
22:28:14,Baseline,Heuristic,0.1,1.01,0.276,0.033,0.526,,True,False
22:28:14,Baseline,DL_quant,0.73,351.81,,,,0.988,True,False
22:28:14,Baseline,Heuristic,0.11,1.01,0.276,0.032,0.525,,True,False
22:28:14,Baseline,DL_quant,0.77,351.81,,,,0.992,True,False
22:28:14,Baseline,Heuristic,0.1,1.01,0.276,0.032,0.524,,True,False
22:28:14,Baseline,DL_quant,0.77,351.81,,,,0.98,True,False
22:28:14,Baseline,Heuristic,0.1,1.01,0.276,0.032,0.523,,True,False
22:28:14,Baseline,DL_quant,0.75,351.81,,,,0.984,True,False
22:28:14,Baseline,Heuristic,0.1,1.01,0.276,0.032,0.523,,True,False
22:28:14,Baseline,DL_quant,0.74,351.81,,,,0.004,False,False
22:28:15,Baseline,Heuristic,0.1,1.01,0.276,0.031,0.522,,True,False
22:28:15,Baseline,DL_quant,0.73,351.81,,,,0.996,True,False
22:28:15,Baseline,Heuristic,0.1,1.01,0.277,0.031,0.521,,True,False
22:28:15,Baseline,DL_quant,0.74,351.81,,,,0.996,True,False
22:28:15,Baseline,Heuristic,0.18,1.01,0.277,0.031,0.521,,True,False
22:28:15,Baseline,DL_quant,1.21,351.81,,,,0.996,True,False
22:28:15,Baseline,Heuristic,0.1,1.01,0.277,0.031,0.52,,True,False
22:28:15,Baseline,DL_quant,0.75,351.81,,,,0.949,True,False
22:28:15,Baseline,Heuristic,0.1,1.01,0.277,0.03,0.519,,True,False
22:28:15,Baseline,DL_quant,0.76,351.81,,,,0.98,True,False
22:28:15,Baseline,Heuristic,0.1,1.01,0.277,0.03,0.518,,True,False
22:28:15,Baseline,DL_quant,0.78,351.81,,,,0.0,False,False
22:28:15,Baseline,Heuristic,0.1,1.01,0.278,0.03,0.518,,True,False
22:28:15,Baseline,DL_quant,0.76,351.81,,,,0.0,False,False
22:28:15,Baseline,Heuristic,0.1,1.01,0.278,0.03,0.517,,True,False
22:28:15,Baseline,DL_quant,0.73,351.81,,,,0.0,False,False
22:28:15,Baseline,Heuristic,0.11,1.01,0.278,0.029,0.516,,True,False
22:28:15,Baseline,DL_quant,0.76,351.81,,,,0.0,False,False
22:28:15,Baseline,Heuristic,0.12,1.01,0.278,0.029,0.515,,True,False
22:28:15,Baseline,DL_quant,0.85,351.81,,,,0.0,False,False
22:28:15,Baseline,Heuristic,0.1,1.01,0.278,0.029,0.515,,True,False
22:28:15,Baseline,DL_quant,0.75,351.81,,,,0.0,False,False
22:28:15,Baseline,Heuristic,0.1,1.01,0.279,0.028,0.514,,True,False
22:28:15,Baseline,DL_quant,0.73,351.81,,,,0.0,False,False
22:28:15,Baseline,Heuristic,0.1,1.01,0.279,0.028,0.513,,True,False
22:28:15,Baseline,DL_quant,0.73,351.81,,,,0.0,False,False
22:28:15,Baseline,Heuristic,0.1,1.01,0.279,0.028,0.513,,True,False
22:28:15,Baseline,DL_quant,0.75,351.81,,,,0.0,False,False
22:28:15,Baseline,Heuristic,0.1,1.01,0.279,0.028,0.512,,True,False
22:28:15,Baseline,DL_quant,0.72,351.81,,,,0.0,False,False
22:28:15,Baseline,Heuristic,0.1,1.01,0.279,0.027,0.511,,True,False
22:28:15,Baseline,DL_quant,0.74,351.81,,,,0.0,False,False
22:28:15,Baseline,Heuristic,0.1,1.01,0.279,0.027,0.51,,True,False
22:28:15,Baseline,DL_quant,0.75,351.81,,,,0.0,False,False
22:28:15,Baseline,Heuristic,0.11,1.01,0.279,0.027,0.51,,True,False
22:28:15,Baseline,DL_quant,0.76,351.81,,,,0.0,False,False
22:28:15,Baseline,Heuristic,0.11,1.01,0.28,0.027,0.509,,True,False
22:28:15,Baseline,DL_quant,0.83,351.81,,,,0.0,False,False
22:28:15,Baseline,Heuristic,0.1,1.01,0.28,0.026,0.508,,True,False
22:28:15,Baseline,DL_quant,0.77,351.81,,,,0.0,False,False
22:28:15,Baseline,Heuristic,0.1,1.01,0.28,0.026,0.508,,True,False
22:28:15,Baseline,DL_quant,0.72,351.81,,,,0.0,False,False
22:28:15,Baseline,Heuristic,0.1,1.01,0.28,0.026,0.507,,True,False
22:28:15,Baseline,DL_quant,0.73,351.81,,,,0.0,False,False
22:28:15,Baseline,Heuristic,0.1,1.01,0.28,0.026,0.506,,True,False
22:28:15,Baseline,DL_quant,0.74,351.81,,,,0.0,False,False
22:28:15,Baseline,Heuristic,0.1,1.01,0.28,0.025,0.505,,True,False
22:28:15,Baseline,DL_quant,0.75,351.81,,,,0.0,False,False
22:28:15,Baseline,Heuristic,0.1,1.01,0.28,0.025,0.505,,True,False
22:28:15,Baseline,DL_quant,0.75,351.81,,,,0.0,False,False
22:28:15,Baseline,Heuristic,0.1,1.01,0.28,0.025,0.504,,True,False
22:28:15,Baseline,DL_quant,0.76,351.81,,,,0.0,False,False
22:28:16,Baseline,Heuristic,0.1,1.01,0.28,0.025,0.503,,True,False
22:28:16,Baseline,DL_quant,0.72,351.81,,,,0.0,False,False
22:28:16,Baseline,Heuristic,0.1,1.01,0.281,0.025,0.503,,True,False
22:28:16,Baseline,DL_quant,0.87,351.81,,,,0.0,False,False
22:28:16,Baseline,Heuristic,0.1,1.01,0.281,0.024,0.502,,True,False
22:28:16,Baseline,DL_quant,0.76,351.81,,,,0.0,False,False
22:28:16,Baseline,Heuristic,0.11,1.01,0.281,0.024,0.501,,True,False
22:28:16,Baseline,DL_quant,0.77,351.81,,,,0.0,False,False
22:28:16,Baseline,Heuristic,0.11,1.01,0.281,0.024,0.501,,True,False
22:28:16,Baseline,DL_quant,0.77,351.81,,,,0.0,False,False
22:28:16,Baseline,Heuristic,0.1,1.01,0.281,0.024,0.5,,True,False
22:28:16,Baseline,DL_quant,0.74,351.81,,,,0.0,False,False
22:28:16,Baseline,Heuristic,0.11,1.27,0.281,0.023,0.499,,True,False
22:28:16,Baseline,DL_quant,0.74,351.81,,,,0.0,False,False
22:28:16,Baseline,Heuristic,0.1,1.01,0.281,0.023,0.499,,True,False
22:28:16,Baseline,DL_quant,0.73,351.81,,,,0.0,False,False
22:28:16,Baseline,Heuristic,0.1,1.01,0.281,0.023,0.498,,True,False
22:28:16,Baseline,DL_quant,0.73,351.81,,,,0.0,False,False
22:28:16,Baseline,Heuristic,0.1,1.01,0.281,0.023,0.497,,True,False
22:28:16,Baseline,DL_quant,0.79,351.81,,,,0.0,False,False
22:28:16,Baseline,Heuristic,0.1,1.01,0.28,0.023,0.497,,True,False
22:28:16,Baseline,DL_quant,0.73,351.81,,,,0.0,False,False
22:28:16,Baseline,Heuristic,0.11,1.01,0.28,0.022,0.496,,True,False
22:28:16,Baseline,DL_quant,0.76,351.81,,,,0.0,False,False
22:28:16,Baseline,Heuristic,0.1,1.01,0.28,0.022,0.495,,True,False
22:28:16,Baseline,DL_quant,0.74,351.81,,,,0.0,False,False
22:28:16,Baseline,Heuristic,0.1,1.01,0.28,0.022,0.495,,True,False
22:28:16,Baseline,DL_quant,0.73,351.81,,,,0.0,False,False
22:28:16,Baseline,Heuristic,0.1,1.01,0.28,0.022,0.494,,True,False
22:28:16,Baseline,DL_quant,0.73,351.81,,,,0.0,False,False
22:28:16,Baseline,Heuristic,0.1,1.01,0.279,0.022,0.493,,True,False
22:28:16,Baseline,DL_quant,0.73,351.81,,,,0.0,False,False
22:28:16,Baseline,Heuristic,0.1,1.01,0.279,0.021,0.493,,True,False
22:28:16,Baseline,DL_quant,0.75,351.81,,,,0.0,False,False
22:28:16,Baseline,Heuristic,0.1,1.01,0.278,0.021,0.492,,True,False
22:28:16,Baseline,DL_quant,0.74,351.81,,,,0.0,False,False
22:28:16,Baseline,Heuristic,0.1,1.01,0.277,0.021,0.491,,True,False
22:28:16,Baseline,DL_quant,0.73,351.81,,,,0.0,False,False
22:28:16,Baseline,Heuristic,0.1,1.01,0.277,0.021,0.491,,True,False
22:28:16,Baseline,DL_quant,0.73,351.81,,,,0.0,False,False
22:28:16,Baseline,Heuristic,0.1,1.01,0.276,0.021,0.49,,True,False
22:28:16,Baseline,DL_quant,0.73,351.81,,,,0.0,False,False
22:28:16,Baseline,Heuristic,0.1,1.01,0.275,0.021,0.489,,True,False
22:28:16,Baseline,DL_quant,0.73,351.81,,,,0.0,False,False
22:28:16,Baseline,Heuristic,0.1,1.01,0.274,0.02,0.489,,True,False
22:28:16,Baseline,DL_quant,0.75,351.81,,,,0.0,False,False
22:28:16,Baseline,Heuristic,0.1,1.01,0.273,0.02,0.488,,True,False
22:28:16,Baseline,DL_quant,0.77,351.81,,,,0.0,False,False
22:28:16,Baseline,Heuristic,0.1,1.01,0.272,0.02,0.487,,True,False
22:28:16,Baseline,DL_quant,0.75,351.81,,,,0.0,False,False
22:28:16,Baseline,Heuristic,0.1,1.01,0.271,0.02,0.487,,True,False
22:28:16,Baseline,DL_quant,0.74,351.81,,,,0.0,False,False
22:28:16,Baseline,Heuristic,0.1,1.01,0.27,0.02,0.486,,True,False
22:28:16,Baseline,DL_quant,0.75,351.81,,,,0.0,False,False
22:28:16,Baseline,Heuristic,0.1,1.01,0.269,0.02,0.485,,True,False
22:28:16,Baseline,DL_quant,0.74,351.81,,,,0.0,False,False
22:28:16,Baseline,Heuristic,0.1,1.01,0.269,0.02,0.485,,True,False
22:28:16,Baseline,DL_quant,0.74,351.81,,,,0.0,False,False
22:28:16,Baseline,Heuristic,0.19,1.01,0.268,0.02,0.484,,True,False
22:28:16,Baseline,DL_quant,0.82,351.81,,,,0.0,False,False
22:28:17,Baseline,Heuristic,0.1,1.01,0.267,0.019,0.484,,True,False
22:28:17,Baseline,DL_quant,0.75,351.81,,,,0.0,False,False
22:28:17,Baseline,Heuristic,0.1,1.01,0.267,0.019,0.483,,True,False
22:28:17,Baseline,DL_quant,0.73,351.81,,,,0.0,False,False
22:28:17,Baseline,Heuristic,0.1,1.01,0.266,0.019,0.482,,True,False
22:28:17,Baseline,DL_quant,0.91,351.81,,,,0.0,False,False
22:28:17,Baseline,Heuristic,0.14,1.01,0.266,0.019,0.482,,True,False
22:28:17,Baseline,DL_quant,0.8,351.81,,,,0.0,False,False
22:28:17,Baseline,Heuristic,0.1,1.01,0.266,0.019,0.481,,True,False
22:28:17,Baseline,DL_quant,0.75,351.81,,,,0.0,False,False
22:28:17,Baseline,Heuristic,0.1,1.01,0.265,0.019,0.48,,True,False
22:28:17,Baseline,DL_quant,0.78,351.81,,,,0.0,False,False
22:28:17,Baseline,Heuristic,0.1,1.01,0.265,0.019,0.48,,True,False
22:28:17,Baseline,DL_quant,0.74,351.81,,,,0.0,False,False
22:28:17,Baseline,Heuristic,0.11,1.01,0.265,0.019,0.479,,True,False
22:28:17,Baseline,DL_quant,0.78,351.81,,,,0.0,False,False
22:28:17,Baseline,Heuristic,0.1,1.01,0.265,0.018,0.479,,True,False
22:28:17,Baseline,DL_quant,0.92,351.81,,,,0.0,False,False
22:28:17,Baseline,Heuristic,0.1,1.01,0.264,0.018,0.478,,True,False
22:28:17,Baseline,DL_quant,0.74,351.81,,,,0.0,False,False
22:28:17,Baseline,Heuristic,0.1,1.01,0.264,0.018,0.477,,True,False
22:28:17,Baseline,DL_quant,0.72,351.81,,,,0.0,False,False
22:28:17,Baseline,Heuristic,0.1,1.01,0.264,0.018,0.477,,True,False
22:28:17,Baseline,DL_quant,0.74,351.81,,,,0.0,False,False
22:28:17,Baseline,Heuristic,0.11,1.01,0.264,0.018,0.476,,True,False
22:28:17,Baseline,DL_quant,0.78,351.81,,,,0.0,False,False
22:28:17,Baseline,Heuristic,0.11,1.01,0.264,0.018,0.475,,True,False
22:28:17,Baseline,DL_quant,0.78,351.81,,,,0.0,False,False
22:28:17,Baseline,Heuristic,0.1,1.01,0.264,0.018,0.475,,True,False
22:28:17,Baseline,DL_quant,0.77,351.81,,,,0.0,False,False
22:28:17,Baseline,Heuristic,0.1,1.01,0.264,0.018,0.474,,True,False
22:28:17,Baseline,DL_quant,0.79,351.81,,,,0.0,False,False
22:28:17,Baseline,Heuristic,0.11,1.01,0.264,0.017,0.474,,True,False
22:28:17,Baseline,DL_quant,0.85,351.81,,,,0.0,False,False
22:28:17,Baseline,Heuristic,0.1,1.01,0.264,0.017,0.473,,True,False
22:28:17,Baseline,DL_quant,0.92,351.81,,,,0.0,False,False
22:28:17,Baseline,Heuristic,0.1,1.01,0.263,0.017,0.472,,True,False
22:28:17,Baseline,DL_quant,0.76,351.81,,,,0.004,False,False
22:28:17,Baseline,Heuristic,0.1,1.01,0.263,0.017,0.472,,True,False
22:28:17,Baseline,DL_quant,0.78,351.81,,,,0.0,False,False
22:28:17,Baseline,Heuristic,0.1,1.01,0.263,0.017,0.471,,True,False
22:28:17,Baseline,DL_quant,0.76,351.81,,,,0.0,False,False
22:28:17,Baseline,Heuristic,0.1,1.01,0.263,0.017,0.471,,True,False
22:28:17,Baseline,DL_quant,0.8,351.81,,,,0.0,False,False
22:28:17,Baseline,Heuristic,0.1,1.01,0.263,0.017,0.47,,True,False
22:28:17,Baseline,DL_quant,0.74,351.81,,,,0.0,False,False
22:28:17,Baseline,Heuristic,0.1,1.01,0.263,0.017,0.469,,True,False
22:28:17,Baseline,DL_quant,0.76,351.81,,,,0.0,False,False
22:28:17,Baseline,Heuristic,0.1,1.01,0.263,0.017,0.469,,True,False
22:28:17,Baseline,DL_quant,0.76,351.81,,,,0.0,False,False
22:28:17,Baseline,Heuristic,0.11,1.01,0.263,0.017,0.468,,True,False
22:28:17,Baseline,DL_quant,0.84,351.81,,,,0.0,False,False
22:28:17,Baseline,Heuristic,0.1,1.01,0.263,0.017,0.468,,True,False
22:28:17,Baseline,DL_quant,0.74,351.81,,,,0.0,False,False
22:28:17,Baseline,Heuristic,0.1,1.01,0.263,0.017,0.467,,True,False
22:28:17,Baseline,DL_quant,0.74,351.81,,,,0.0,False,False
22:28:18,Baseline,Heuristic,0.1,1.01,0.263,0.017,0.466,,True,False
22:28:18,Baseline,DL_quant,0.75,351.81,,,,0.0,False,False
22:28:18,Baseline,Heuristic,0.1,1.01,0.264,0.017,0.466,,True,False
22:28:18,Baseline,DL_quant,0.75,351.81,,,,0.0,False,False
22:28:18,Baseline,Heuristic,0.1,1.01,0.264,0.016,0.465,,True,False
22:28:18,Baseline,DL_quant,0.73,351.81,,,,0.0,False,False
22:28:18,Baseline,Heuristic,0.1,1.01,0.264,0.016,0.465,,True,False
22:28:18,Baseline,DL_quant,0.75,351.81,,,,0.0,False,False
22:28:18,Baseline,Heuristic,0.1,1.01,0.265,0.016,0.464,,True,False
22:28:18,Baseline,DL_quant,0.74,351.81,,,,0.0,False,False
22:28:18,Baseline,Heuristic,0.1,1.01,0.265,0.016,0.463,,True,False
22:28:18,Baseline,DL_quant,0.87,351.81,,,,0.0,False,False
22:28:18,Baseline,Heuristic,0.1,1.01,0.266,0.016,0.463,,True,False
22:28:18,Baseline,DL_quant,0.74,351.81,,,,0.0,False,False
22:28:18,Baseline,Heuristic,0.1,1.01,0.266,0.016,0.462,,True,False
22:28:18,Baseline,DL_quant,0.73,351.81,,,,0.0,False,False
22:28:18,Baseline,Heuristic,0.1,1.01,0.266,0.016,0.462,,True,False
22:28:18,Baseline,DL_quant,0.75,351.81,,,,0.0,False,False
22:28:18,Baseline,Heuristic,0.1,1.01,0.267,0.016,0.461,,True,False
22:28:18,Baseline,DL_quant,0.75,351.81,,,,0.0,False,False
22:28:18,Baseline,Heuristic,0.1,1.01,0.267,0.016,0.461,,True,False
22:28:18,Baseline,DL_quant,0.73,351.81,,,,0.0,False,False
22:28:18,Baseline,Heuristic,0.1,1.01,0.268,0.016,0.46,,True,False
22:28:18,Baseline,DL_quant,0.74,351.81,,,,0.0,False,False
22:28:18,Baseline,Heuristic,0.1,1.27,0.268,0.016,0.459,,True,False
22:28:18,Baseline,DL_quant,0.73,351.81,,,,0.0,False,False
22:28:18,Baseline,Heuristic,0.1,1.01,0.269,0.015,0.459,,True,False
22:28:18,Baseline,DL_quant,0.74,351.81,,,,0.0,False,False
22:28:18,Baseline,Heuristic,0.1,1.01,0.269,0.015,0.458,,True,False
22:28:18,Baseline,DL_quant,0.74,351.81,,,,0.0,False,False
22:28:18,Baseline,Heuristic,0.1,1.01,0.27,0.015,0.458,,True,False
22:28:18,Baseline,DL_quant,0.75,351.81,,,,0.0,False,False
22:28:18,Baseline,Heuristic,0.1,1.01,0.27,0.015,0.457,,True,False
22:28:18,Baseline,DL_quant,0.76,351.81,,,,0.0,False,False
22:28:18,Baseline,Heuristic,0.1,1.01,0.271,0.015,0.457,,True,False
22:28:18,Baseline,DL_quant,0.75,351.81,,,,0.0,False,False
22:28:18,Baseline,Heuristic,0.1,1.01,0.272,0.015,0.456,,True,False
22:28:18,Baseline,DL_quant,0.82,351.81,,,,0.0,False,False
22:28:18,Baseline,Heuristic,0.1,1.01,0.272,0.015,0.455,,True,False
22:28:18,Baseline,DL_quant,0.79,351.81,,,,0.0,False,False
22:28:18,Baseline,Heuristic,0.1,1.01,0.273,0.015,0.455,,True,False
22:28:18,Baseline,DL_quant,0.76,351.81,,,,0.0,False,False
22:28:18,Baseline,Heuristic,0.1,1.01,0.273,0.015,0.454,,True,False
22:28:18,Baseline,DL_quant,0.77,351.81,,,,0.0,False,False
22:28:18,Baseline,Heuristic,0.11,1.01,0.274,0.015,0.454,,True,False
22:28:18,Baseline,DL_quant,0.77,351.81,,,,0.0,False,False
22:28:18,Baseline,Heuristic,0.13,1.01,0.274,0.015,0.453,,True,False
22:28:18,Baseline,DL_quant,0.77,351.81,,,,0.0,False,False
22:28:18,Baseline,Heuristic,0.1,1.01,0.275,0.014,0.453,,True,False
22:28:18,Baseline,DL_quant,0.74,351.81,,,,0.0,False,False
22:28:18,Baseline,Heuristic,0.11,1.01,0.276,0.014,0.452,,True,False
22:28:18,Baseline,DL_quant,0.75,351.81,,,,0.0,False,False
22:28:18,Baseline,Heuristic,0.11,1.01,0.276,0.014,0.452,,True,False
22:28:18,Baseline,DL_quant,0.8,351.81,,,,0.0,False,False
22:28:18,Baseline,Heuristic,0.11,1.01,0.277,0.014,0.451,,True,False
22:28:18,Baseline,DL_quant,0.76,351.81,,,,0.0,False,False
22:28:18,Baseline,Heuristic,0.11,1.01,0.277,0.014,0.45,,True,False
22:28:18,Baseline,DL_quant,0.83,351.81,,,,0.0,False,False
22:28:18,Baseline,Heuristic,0.11,1.01,0.278,0.014,0.45,,True,False
22:28:18,Baseline,DL_quant,0.88,351.81,,,,0.0,False,False
22:28:19,Baseline,Heuristic,0.1,1.01,0.278,0.014,0.449,,True,False
22:28:19,Baseline,DL_quant,0.75,351.81,,,,0.0,False,False
22:28:19,Baseline,Heuristic,0.1,1.01,0.279,0.014,0.449,,True,False
22:28:19,Baseline,DL_quant,0.74,351.81,,,,0.0,False,False
22:28:19,Baseline,Heuristic,0.1,1.01,0.279,0.014,0.448,,True,False
22:28:19,Baseline,DL_quant,0.78,351.81,,,,0.0,False,False
22:28:19,Baseline,Heuristic,0.1,1.01,0.28,0.013,0.448,,True,False
22:28:19,Baseline,DL_quant,0.74,351.81,,,,0.0,False,False
22:28:19,Baseline,Heuristic,0.11,1.01,0.28,0.013,0.447,,True,False
22:28:19,Baseline,DL_quant,0.76,351.81,,,,0.0,False,False
22:28:19,Baseline,Heuristic,0.1,1.01,0.281,0.013,0.447,,True,False
22:28:19,Baseline,DL_quant,0.75,351.81,,,,0.0,False,False
22:28:19,Baseline,Heuristic,0.1,1.01,0.281,0.013,0.446,,True,False
22:28:19,Baseline,DL_quant,0.76,351.81,,,,0.0,False,False
22:28:19,Baseline,Heuristic,0.1,1.01,0.281,0.013,0.446,,True,False
22:28:19,Baseline,DL_quant,0.74,351.81,,,,0.0,False,False
22:28:19,Baseline,Heuristic,0.12,1.01,0.282,0.013,0.445,,True,False
22:28:19,Baseline,DL_quant,0.88,351.81,,,,0.0,False,False
22:28:19,Baseline,Heuristic,0.1,1.01,0.282,0.013,0.444,,True,False
22:28:19,Baseline,DL_quant,0.73,351.81,,,,0.0,False,False
22:28:19,Baseline,Heuristic,0.11,1.01,0.282,0.013,0.444,,True,False
22:28:19,Baseline,DL_quant,0.76,351.81,,,,0.0,False,False
22:28:19,Baseline,Heuristic,0.12,1.01,0.282,0.013,0.443,,True,False
22:28:19,Baseline,DL_quant,0.78,351.81,,,,0.0,False,False
22:28:19,Baseline,Heuristic,0.11,1.01,0.282,0.013,0.443,,True,False
22:28:19,Baseline,DL_quant,0.75,351.81,,,,0.0,False,False
22:28:19,Baseline,Heuristic,0.11,1.01,0.282,0.012,0.442,,True,False
22:28:19,Baseline,DL_quant,0.79,351.81,,,,0.0,False,False
22:28:19,Baseline,Heuristic,0.1,1.01,0.283,0.012,0.442,,True,False
22:28:19,Baseline,DL_quant,0.75,351.81,,,,0.0,False,False
22:28:19,Baseline,Heuristic,0.1,1.01,0.283,0.012,0.441,,True,False
22:28:19,Baseline,DL_quant,0.75,351.81,,,,0.0,False,False
22:28:19,Baseline,Heuristic,0.1,1.01,0.283,0.012,0.441,,True,False
22:28:19,Baseline,DL_quant,0.75,351.81,,,,0.0,False,False
22:28:19,Baseline,Heuristic,0.1,1.01,0.283,0.012,0.44,,True,False
22:28:19,Baseline,DL_quant,0.74,351.81,,,,0.0,False,False
22:28:19,Baseline,Heuristic,0.11,1.01,0.284,0.012,0.44,,True,False
22:28:19,Baseline,DL_quant,0.75,351.81,,,,0.0,False,False
22:28:19,Baseline,Heuristic,0.1,1.01,0.284,0.012,0.439,,True,False
22:28:19,Baseline,DL_quant,0.77,351.81,,,,0.0,False,False
22:28:19,Baseline,Heuristic,0.1,1.01,0.284,0.012,0.439,,True,False
22:28:19,Baseline,DL_quant,0.75,351.81,,,,0.0,False,False
22:28:19,Baseline,Heuristic,0.11,1.01,0.284,0.012,0.438,,True,False
22:28:19,Baseline,DL_quant,0.78,351.81,,,,0.0,False,False
22:28:19,Baseline,Heuristic,0.1,1.01,0.284,0.012,0.438,,True,False
22:28:19,Baseline,DL_quant,0.74,351.81,,,,0.0,False,False
22:28:19,Baseline,Heuristic,0.11,1.01,0.285,0.011,0.437,,True,False
22:28:19,Baseline,DL_quant,0.76,351.81,,,,0.0,False,False
22:28:19,Baseline,Heuristic,0.11,1.01,0.285,0.011,0.437,,True,False
22:28:19,Baseline,DL_quant,0.78,351.81,,,,0.0,False,False
22:28:19,Baseline,Heuristic,0.11,1.01,0.285,0.011,0.436,,True,False
22:28:19,Baseline,DL_quant,0.77,351.81,,,,0.0,False,False
22:28:19,Baseline,Heuristic,0.11,1.01,0.286,0.011,0.436,,True,False
22:28:19,Baseline,DL_quant,0.83,351.81,,,,0.0,False,False
22:28:19,Baseline,Heuristic,0.1,1.01,0.286,0.011,0.435,,True,False
22:28:19,Baseline,DL_quant,0.73,351.81,,,,0.0,False,False
22:28:19,Baseline,Heuristic,0.1,1.01,0.286,0.011,0.434,,True,False
22:28:19,Baseline,DL_quant,0.74,351.81,,,,0.0,False,False
22:28:19,Baseline,Heuristic,0.11,1.01,0.286,0.011,0.434,,True,False
22:28:19,Baseline,DL_quant,0.75,351.81,,,,0.0,False,False
22:28:20,Baseline,Heuristic,0.1,1.01,0.287,0.011,0.433,,True,False
22:28:20,Baseline,DL_quant,0.74,351.81,,,,0.0,False,False
22:28:20,Baseline,Heuristic,0.1,1.01,0.287,0.011,0.433,,True,False
22:28:20,Baseline,DL_quant,0.75,351.81,,,,0.0,False,False
22:28:20,Baseline,Heuristic,0.1,1.01,0.287,0.011,0.432,,True,False
22:28:20,Baseline,DL_quant,0.73,351.81,,,,0.0,False,False
22:28:20,Baseline,Heuristic,0.1,1.01,0.288,0.01,0.432,,True,False
22:28:20,Baseline,DL_quant,0.74,351.81,,,,0.0,False,False
22:28:20,Baseline,Heuristic,0.1,1.01,0.288,0.01,0.431,,True,False
22:28:20,Baseline,DL_quant,0.74,351.81,,,,0.0,False,False
22:28:20,Baseline,Heuristic,0.12,1.01,0.288,0.01,0.431,,True,False
22:28:20,Baseline,DL_quant,0.76,351.81,,,,0.0,False,False
22:28:20,Baseline,Heuristic,0.1,1.01,0.288,0.01,0.43,,True,False
22:28:20,Baseline,DL_quant,0.75,351.81,,,,0.0,False,False
22:28:20,Baseline,Heuristic,0.1,1.01,0.289,0.01,0.43,,True,False
22:28:20,Baseline,DL_quant,0.72,351.81,,,,0.0,False,False
22:28:20,Baseline,Heuristic,0.1,1.01,0.289,0.01,0.429,,True,False
22:28:20,Baseline,DL_quant,0.73,351.81,,,,0.0,False,False
22:28:20,Baseline,Heuristic,0.11,1.01,0.289,0.01,0.429,,True,False
22:28:20,Baseline,DL_quant,0.75,351.81,,,,0.0,False,False
22:28:20,Baseline,Heuristic,0.1,1.01,0.289,0.01,0.428,,True,False
22:28:20,Baseline,DL_quant,0.74,351.81,,,,0.0,False,False
22:28:20,Baseline,Heuristic,0.1,1.01,0.29,0.01,0.428,,True,False
22:28:20,Baseline,DL_quant,0.73,351.81,,,,0.0,False,False
22:28:20,Baseline,Heuristic,0.1,1.01,0.29,0.01,0.427,,True,False
22:28:20,Baseline,DL_quant,0.74,351.81,,,,0.0,False,False
22:28:20,Baseline,Heuristic,0.1,1.01,0.29,0.01,0.427,,True,False
22:28:20,Baseline,DL_quant,0.73,351.81,,,,0.0,False,False
22:28:20,Baseline,Heuristic,0.11,1.01,0.29,0.009,0.426,,True,False
22:28:20,Baseline,DL_quant,0.74,351.81,,,,0.0,False,False
22:28:20,Baseline,Heuristic,0.11,1.01,0.291,0.009,0.426,,True,False
22:28:20,Baseline,DL_quant,0.84,351.81,,,,0.0,False,False
22:28:20,Baseline,Heuristic,0.13,1.27,0.291,0.009,0.425,,True,False
22:28:20,Baseline,DL_quant,0.74,351.81,,,,0.0,False,False
22:28:20,Baseline,Heuristic,0.1,1.01,0.29,0.009,0.425,,True,False
22:28:20,Baseline,DL_quant,0.79,351.81,,,,0.0,False,False
22:28:20,Baseline,Heuristic,0.1,1.01,0.29,0.009,0.424,,True,False
22:28:20,Baseline,DL_quant,0.74,351.81,,,,0.0,False,False
22:28:20,Baseline,Heuristic,0.1,1.01,0.29,0.009,0.424,,True,False
22:28:20,Baseline,DL_quant,0.73,351.81,,,,0.0,False,False
22:28:20,Baseline,Heuristic,0.1,1.01,0.289,0.009,0.423,,True,False
22:28:20,Baseline,DL_quant,0.75,351.81,,,,0.0,False,False
22:28:20,Baseline,Heuristic,0.1,1.01,0.289,0.009,0.423,,True,False
22:28:20,Baseline,DL_quant,0.74,351.81,,,,0.0,False,False
22:28:20,Baseline,Heuristic,0.11,1.01,0.288,0.009,0.423,,True,False
22:28:20,Baseline,DL_quant,0.76,351.81,,,,0.0,False,False
22:28:20,Baseline,Heuristic,0.1,1.01,0.288,0.009,0.422,,True,False
22:28:20,Baseline,DL_quant,0.75,351.81,,,,0.0,False,False
22:28:20,Baseline,Heuristic,0.12,1.01,0.287,0.009,0.422,,True,False
22:28:20,Baseline,DL_quant,0.73,351.81,,,,0.0,False,False
22:28:20,Baseline,Heuristic,0.1,1.01,0.286,0.009,0.421,,True,False
22:28:20,Baseline,DL_quant,0.74,351.81,,,,0.0,False,False
22:28:20,Baseline,Heuristic,0.1,1.01,0.286,0.009,0.421,,True,False
22:28:20,Baseline,DL_quant,0.74,351.81,,,,0.0,False,False
22:28:20,Baseline,Heuristic,0.1,1.01,0.285,0.009,0.42,,True,False
22:28:20,Baseline,DL_quant,0.73,351.81,,,,0.0,False,False
22:28:20,Baseline,Heuristic,0.1,1.01,0.284,0.009,0.42,,True,False
22:28:20,Baseline,DL_quant,0.76,351.81,,,,0.0,False,False
22:28:20,Baseline,Heuristic,0.11,1.01,0.284,0.008,0.419,,True,False
22:28:20,Baseline,DL_quant,0.75,351.81,,,,0.0,False,False
22:28:20,Baseline,Heuristic,0.1,1.01,0.283,0.008,0.419,,True,False
22:28:20,Baseline,DL_quant,0.72,351.81,,,,0.0,False,False
22:28:21,Baseline,Heuristic,0.11,1.01,0.283,0.008,0.418,,True,False
22:28:21,Baseline,DL_quant,0.74,351.81,,,,0.0,False,False
22:28:21,Baseline,Heuristic,0.11,1.01,0.282,0.008,0.418,,True,False
22:28:21,Baseline,DL_quant,0.75,351.81,,,,0.0,False,False
22:28:21,Baseline,Heuristic,0.11,1.01,0.282,0.008,0.417,,True,False
22:28:21,Baseline,DL_quant,0.73,351.81,,,,0.0,False,False
22:28:21,Baseline,Heuristic,0.1,1.01,0.282,0.008,0.417,,True,False
22:28:21,Baseline,DL_quant,0.75,351.81,,,,0.0,False,False
22:28:21,Baseline,Heuristic,0.11,1.01,0.281,0.008,0.416,,True,False
22:28:21,Baseline,DL_quant,0.73,351.81,,,,0.0,False,False
22:28:21,Baseline,Heuristic,0.1,1.01,0.281,0.008,0.416,,True,False
22:28:21,Baseline,DL_quant,0.76,351.81,,,,0.0,False,False
22:28:21,Baseline,Heuristic,0.11,1.01,0.281,0.008,0.415,,True,False
22:28:21,Baseline,DL_quant,0.75,351.81,,,,0.0,False,False
22:28:21,Baseline,Heuristic,0.11,1.01,0.281,0.008,0.415,,True,False
22:28:21,Baseline,DL_quant,0.77,351.81,,,,0.0,False,False
22:28:21,Baseline,Heuristic,0.11,1.01,0.281,0.008,0.414,,True,False
22:28:21,Baseline,DL_quant,0.77,351.81,,,,0.0,False,False
22:28:21,Baseline,Heuristic,0.11,1.01,0.281,0.008,0.414,,True,False
22:28:21,Baseline,DL_quant,0.83,351.81,,,,0.0,False,False
22:28:21,Baseline,Heuristic,0.11,1.01,0.281,0.008,0.413,,True,False
22:28:21,Baseline,DL_quant,0.76,351.81,,,,0.0,False,False
22:28:21,Baseline,Heuristic,0.11,1.01,0.281,0.008,0.413,,True,False
22:28:21,Baseline,DL_quant,0.81,351.81,,,,0.0,False,False
22:28:21,Baseline,Heuristic,0.1,1.01,0.281,0.008,0.413,,True,False
22:28:21,Baseline,DL_quant,0.74,351.81,,,,0.0,False,False
22:28:21,Baseline,Heuristic,0.1,1.01,0.281,0.007,0.412,,True,False
22:28:21,Baseline,DL_quant,0.73,351.81,,,,0.0,False,False
22:28:21,Baseline,Heuristic,0.1,1.01,0.282,0.007,0.412,,True,False
22:28:21,Baseline,DL_quant,0.73,351.81,,,,0.0,False,False
22:28:21,Baseline,Heuristic,0.21,1.01,0.282,0.007,0.411,,True,False
22:28:21,Baseline,DL_quant,0.78,351.81,,,,0.0,False,False
22:28:21,Baseline,Heuristic,0.11,1.01,0.282,0.007,0.411,,True,False
22:28:21,Baseline,DL_quant,0.73,351.81,,,,0.0,False,False
22:28:21,Baseline,Heuristic,0.11,1.01,0.282,0.007,0.41,,True,False
22:28:21,Baseline,DL_quant,0.75,351.81,,,,0.0,False,False
22:28:21,Baseline,Heuristic,0.1,1.01,0.282,0.007,0.41,,True,False
22:28:21,Baseline,DL_quant,0.75,351.81,,,,0.0,False,False
22:28:21,Baseline,Heuristic,0.11,1.01,0.283,0.007,0.409,,True,False
22:28:21,Baseline,DL_quant,0.95,351.81,,,,0.0,False,False
22:28:21,Baseline,Heuristic,0.11,1.01,0.283,0.007,0.409,,True,False
22:28:21,Baseline,DL_quant,0.75,351.81,,,,0.0,False,False
22:28:21,Baseline,Heuristic,0.11,1.01,0.283,0.007,0.408,,True,False
22:28:21,Baseline,DL_quant,0.76,351.81,,,,0.0,False,False
22:28:21,Baseline,Heuristic,0.11,1.01,0.283,0.007,0.408,,True,False
22:28:21,Baseline,DL_quant,0.84,351.81,,,,0.0,False,False
22:28:21,Baseline,Heuristic,0.1,1.01,0.283,0.007,0.408,,True,False
22:28:21,Baseline,DL_quant,0.75,351.81,,,,0.0,False,False
22:28:21,Baseline,Heuristic,0.1,1.01,0.282,0.007,0.407,,True,False
22:28:21,Baseline,DL_quant,0.75,351.81,,,,0.996,True,False
22:28:21,Baseline,Heuristic,0.11,1.01,0.282,0.007,0.407,,True,False
22:28:21,Baseline,DL_quant,0.74,351.81,,,,0.992,True,False
22:28:21,Baseline,Heuristic,0.11,1.01,0.282,0.007,0.406,,True,False
22:28:21,Baseline,DL_quant,0.79,351.81,,,,0.996,True,False
22:28:21,Baseline,Heuristic,0.11,1.01,0.281,0.007,0.406,,True,False
22:28:21,Baseline,DL_quant,0.97,351.81,,,,0.906,True,False
22:28:22,Baseline,Heuristic,0.11,1.01,0.28,0.007,0.405,,True,False
22:28:22,Baseline,DL_quant,0.82,351.81,,,,0.98,True,False
22:28:22,Baseline,Heuristic,0.11,1.01,0.28,0.007,0.405,,True,False
22:28:22,Baseline,DL_quant,0.8,351.81,,,,0.996,True,False
22:28:22,Baseline,Heuristic,0.11,1.01,0.279,0.007,0.404,,True,False
22:28:22,Baseline,DL_quant,0.78,351.81,,,,0.586,False,False
22:28:22,Baseline,Heuristic,0.11,1.01,0.278,0.007,0.404,,True,False
22:28:22,Baseline,DL_quant,0.83,351.81,,,,0.996,True,False
22:28:22,Baseline,Heuristic,0.11,1.01,0.277,0.006,0.404,,True,False
22:28:22,Baseline,DL_quant,0.97,351.81,,,,0.828,True,False
22:28:22,Baseline,Heuristic,0.1,1.01,0.277,0.006,0.403,,True,False
22:28:22,Baseline,DL_quant,0.76,351.81,,,,0.414,False,False
22:28:22,Baseline,Heuristic,0.11,1.01,0.276,0.006,0.403,,True,False
22:28:22,Baseline,DL_quant,0.75,351.81,,,,0.094,False,False
22:28:22,Baseline,Heuristic,0.11,1.01,0.275,0.006,0.402,,True,False
22:28:22,Baseline,DL_quant,0.79,351.81,,,,0.094,False,False
22:28:22,Baseline,Heuristic,0.1,1.01,0.274,0.006,0.402,,True,False
22:28:22,Baseline,DL_quant,0.84,351.81,,,,0.992,True,False
22:28:22,Baseline,Heuristic,0.11,1.01,0.273,0.006,0.401,,True,False
22:28:22,Baseline,DL_quant,0.77,351.81,,,,0.992,True,False
22:28:22,Baseline,Heuristic,0.1,1.01,0.272,0.006,0.401,,True,False
22:28:22,Baseline,DL_quant,0.73,351.81,,,,0.891,True,False
22:28:22,Baseline,Heuristic,0.1,1.01,0.271,0.006,0.4,,True,False
22:28:22,Baseline,DL_quant,0.73,351.81,,,,0.996,True,False
22:28:22,Baseline,Heuristic,0.1,1.01,0.27,0.006,0.4,,True,False
22:28:22,Baseline,DL_quant,0.75,351.81,,,,0.98,True,False
22:28:22,Baseline,Heuristic,0.19,1.01,0.269,0.006,0.4,,True,False
22:28:22,Baseline,DL_quant,0.97,351.81,,,,0.906,True,False
22:28:22,Baseline,Heuristic,0.1,1.01,0.268,0.006,0.399,,True,False
22:28:22,Baseline,DL_quant,0.77,351.81,,,,0.371,False,False
22:28:22,Baseline,Heuristic,0.11,1.01,0.267,0.006,0.399,,True,False
22:28:22,Baseline,DL_quant,0.75,351.81,,,,0.227,False,False
22:28:22,Baseline,Heuristic,0.1,1.01,0.266,0.006,0.398,,True,False
22:28:22,Baseline,DL_quant,0.75,351.81,,,,0.918,True,False
22:28:22,Baseline,Heuristic,0.11,1.01,0.265,0.006,0.398,,True,False
22:28:22,Baseline,DL_quant,0.74,351.81,,,,0.996,True,False
22:28:22,Baseline,Heuristic,0.1,1.01,0.264,0.006,0.397,,True,False
22:28:22,Baseline,DL_quant,0.74,351.81,,,,0.992,True,False
22:28:22,Baseline,Heuristic,0.1,1.01,0.263,0.006,0.397,,True,False
22:28:22,Baseline,DL_quant,0.73,351.81,,,,0.996,True,False
22:28:22,Baseline,Heuristic,0.11,1.01,0.263,0.006,0.397,,True,False
22:28:22,Baseline,DL_quant,0.74,351.81,,,,0.996,True,False
22:28:22,Baseline,Heuristic,0.16,1.27,0.262,0.006,0.396,,True,False
22:28:22,Baseline,DL_quant,0.92,351.81,,,,0.98,True,False
22:28:22,Baseline,Heuristic,0.11,1.01,0.261,0.006,0.396,,True,False
22:28:22,Baseline,DL_quant,0.78,351.81,,,,0.996,True,False
22:28:22,Baseline,Heuristic,0.1,1.01,0.26,0.006,0.395,,True,False
22:28:22,Baseline,DL_quant,0.74,351.81,,,,0.543,False,False
22:28:22,Baseline,Heuristic,0.1,1.01,0.26,0.006,0.395,,True,False
22:28:22,Baseline,DL_quant,1.33,351.81,,,,0.871,True,False
22:28:22,Baseline,Heuristic,0.1,1.01,0.259,0.006,0.394,,True,False
22:28:22,Baseline,DL_quant,0.73,351.81,,,,0.871,True,False
22:28:22,Baseline,Heuristic,0.11,1.01,0.258,0.006,0.394,,True,False
22:28:22,Baseline,DL_quant,0.76,351.81,,,,0.996,True,False
22:28:22,Baseline,Heuristic,0.1,1.01,0.258,0.006,0.394,,True,False
22:28:22,Baseline,DL_quant,0.75,351.81,,,,0.996,True,False
22:28:22,Baseline,Heuristic,0.1,1.01,0.257,0.006,0.393,,True,False
22:28:22,Baseline,DL_quant,0.74,351.81,,,,0.996,True,False
22:28:22,Baseline,Heuristic,0.1,1.01,0.256,0.006,0.393,,True,False
22:28:22,Baseline,DL_quant,0.74,351.81,,,,0.988,True,False
22:28:22,Baseline,Heuristic,0.1,1.01,0.256,0.006,0.392,,True,False
22:28:22,Baseline,DL_quant,0.74,351.81,,,,0.996,True,False
22:28:23,Baseline,Heuristic,0.1,1.01,0.255,0.006,0.392,,True,False
22:28:23,Baseline,DL_quant,0.75,351.81,,,,0.996,True,False
22:28:23,Baseline,Heuristic,0.11,1.01,0.255,0.006,0.391,,True,False
22:28:23,Baseline,DL_quant,0.76,351.81,,,,0.996,True,False
22:28:23,Baseline,Heuristic,0.14,1.01,0.254,0.006,0.391,,True,False
22:28:23,Baseline,DL_quant,0.78,351.81,,,,0.996,True,False
22:28:23,Baseline,Heuristic,0.11,1.01,0.254,0.006,0.391,,True,False
22:28:23,Baseline,DL_quant,0.77,351.81,,,,0.996,True,False
22:28:23,Baseline,Heuristic,0.1,1.01,0.254,0.006,0.39,,True,False
22:28:23,Baseline,DL_quant,0.73,351.81,,,,0.996,True,False
22:28:23,Baseline,Heuristic,0.1,1.01,0.253,0.006,0.39,,True,False
22:28:23,Baseline,DL_quant,0.74,351.81,,,,0.996,True,False
22:28:23,Baseline,Heuristic,0.1,1.01,0.253,0.006,0.389,,True,False
22:28:23,Baseline,DL_quant,0.76,351.81,,,,0.996,True,False
22:28:23,Baseline,Heuristic,0.1,1.01,0.253,0.006,0.389,,True,False
22:28:23,Baseline,DL_quant,0.75,351.81,,,,0.0,False,False
22:28:23,Baseline,Heuristic,0.11,1.01,0.253,0.006,0.389,,True,False
22:28:23,Baseline,DL_quant,0.78,351.81,,,,0.0,False,False
22:28:23,Baseline,Heuristic,0.11,1.01,0.253,0.006,0.388,,True,False
22:28:23,Baseline,DL_quant,0.75,351.81,,,,0.0,False,False
22:28:23,Baseline,Heuristic,0.1,1.01,0.252,0.006,0.388,,True,False
22:28:23,Baseline,DL_quant,0.73,351.81,,,,0.0,False,False
22:28:23,Baseline,Heuristic,0.1,1.01,0.252,0.006,0.387,,True,False
22:28:23,Baseline,DL_quant,0.74,351.81,,,,0.0,False,False
22:28:23,Baseline,Heuristic,0.28,1.01,0.253,0.006,0.387,,True,False
22:28:23,Baseline,DL_quant,0.75,351.81,,,,0.0,False,False
22:28:23,Baseline,Heuristic,0.11,1.01,0.253,0.005,0.387,,True,False
22:28:23,Baseline,DL_quant,0.75,351.81,,,,0.0,False,False
22:28:23,Baseline,Heuristic,0.11,1.01,0.253,0.005,0.386,,True,False
22:28:23,Baseline,DL_quant,0.74,351.81,,,,0.0,False,False
22:28:23,Baseline,Heuristic,0.1,1.01,0.253,0.005,0.386,,True,False
22:28:23,Baseline,DL_quant,0.73,351.81,,,,0.0,False,False
22:28:23,Baseline,Heuristic,0.12,1.01,0.254,0.005,0.385,,True,False
22:28:23,Baseline,DL_quant,0.78,351.81,,,,0.0,False,False
22:28:23,Baseline,Heuristic,0.1,1.01,0.254,0.005,0.385,,True,False
22:28:23,Baseline,DL_quant,0.74,351.81,,,,0.0,False,False
22:28:23,Baseline,Heuristic,0.1,1.01,0.254,0.005,0.385,,True,False
22:28:23,Baseline,DL_quant,0.74,351.81,,,,0.0,False,False
22:28:23,Baseline,Heuristic,0.11,1.01,0.254,0.005,0.384,,True,False
22:28:23,Baseline,DL_quant,0.77,351.81,,,,0.0,False,False
22:28:23,Baseline,Heuristic,0.1,1.01,0.255,0.005,0.384,,True,False
22:28:23,Baseline,DL_quant,0.75,351.81,,,,0.0,False,False
22:28:23,Baseline,Heuristic,0.11,1.01,0.255,0.005,0.383,,True,False
22:28:23,Baseline,DL_quant,0.82,351.81,,,,0.0,False,False
22:28:23,Baseline,Heuristic,0.1,1.01,0.255,0.005,0.383,,True,False
22:28:23,Baseline,DL_quant,0.73,351.81,,,,0.0,False,False
22:28:23,Baseline,Heuristic,0.11,1.01,0.255,0.005,0.383,,True,False
22:28:23,Baseline,DL_quant,0.81,351.81,,,,0.0,False,False
22:28:23,Baseline,Heuristic,0.1,1.01,0.255,0.005,0.382,,True,False
22:28:23,Baseline,DL_quant,0.74,351.81,,,,0.0,False,False
22:28:23,Baseline,Heuristic,0.11,1.01,0.255,0.005,0.382,,True,False
22:28:23,Baseline,DL_quant,0.79,351.81,,,,0.004,False,False
22:28:23,Baseline,Heuristic,0.11,1.01,0.255,0.005,0.381,,True,False
22:28:23,Baseline,DL_quant,0.72,351.81,,,,0.07,False,False
22:28:23,Baseline,Heuristic,0.11,1.01,0.255,0.005,0.381,,True,False
22:28:23,Baseline,DL_quant,0.79,351.81,,,,0.0,False,False
22:28:23,Baseline,Heuristic,0.1,1.01,0.254,0.005,0.381,,True,False
22:28:23,Baseline,DL_quant,0.73,351.81,,,,0.801,True,False
22:28:23,Baseline,Heuristic,0.1,1.01,0.254,0.005,0.38,,True,False
22:28:23,Baseline,DL_quant,0.72,351.81,,,,0.012,False,False
22:28:24,Baseline,Heuristic,0.11,1.01,0.254,0.005,0.38,,True,False
22:28:24,Baseline,DL_quant,0.76,351.81,,,,0.016,False,False
22:28:24,Baseline,Heuristic,0.11,1.01,0.253,0.005,0.379,,True,False
22:28:24,Baseline,DL_quant,0.75,351.81,,,,0.0,False,False
22:28:24,Baseline,Heuristic,0.16,1.01,0.252,0.005,0.379,,True,False
22:28:24,Baseline,DL_quant,0.89,351.81,,,,0.0,False,False
22:28:24,Baseline,Heuristic,0.11,1.01,0.252,0.005,0.379,,True,False
22:28:24,Baseline,DL_quant,0.95,351.81,,,,0.0,False,False
22:28:24,Baseline,Heuristic,0.11,1.01,0.251,0.005,0.378,,True,False
22:28:24,Baseline,DL_quant,0.75,351.81,,,,0.008,False,False
22:28:24,Baseline,Heuristic,0.12,1.01,0.25,0.005,0.378,,True,False
22:28:24,Baseline,DL_quant,0.89,351.81,,,,0.0,False,False
22:28:24,Baseline,Heuristic,0.1,1.01,0.25,0.005,0.377,,True,False
22:28:24,Baseline,DL_quant,0.78,351.81,,,,0.008,False,False
22:28:24,Baseline,Heuristic,0.11,1.01,0.249,0.005,0.377,,True,False
22:28:24,Baseline,DL_quant,0.77,351.81,,,,0.008,False,False
22:28:24,Baseline,Heuristic,0.11,1.01,0.248,0.005,0.377,,True,False
22:28:24,Baseline,DL_quant,0.81,351.81,,,,0.059,False,False
22:28:24,Baseline,Heuristic,0.1,1.01,0.247,0.005,0.376,,True,False
22:28:24,Baseline,DL_quant,0.76,351.81,,,,0.059,False,False
22:28:24,Baseline,Heuristic,0.13,1.01,0.246,0.005,0.376,,True,False
22:28:24,Baseline,DL_quant,0.84,351.81,,,,0.0,False,False
22:28:24,Baseline,Heuristic,0.15,1.01,0.245,0.005,0.376,,True,False
22:28:24,Baseline,DL_quant,0.85,351.81,,,,0.004,False,False
22:28:24,Baseline,Heuristic,0.11,1.01,0.244,0.005,0.375,,True,False
22:28:24,Baseline,DL_quant,0.81,351.81,,,,0.0,False,False
22:28:24,Baseline,Heuristic,0.11,1.01,0.243,0.005,0.375,,True,False
22:28:24,Baseline,DL_quant,0.78,351.81,,,,0.148,False,False
22:28:24,Baseline,Heuristic,0.11,1.01,0.242,0.005,0.374,,True,False
22:28:24,Baseline,DL_quant,0.81,351.81,,,,0.02,False,False
22:28:24,Baseline,Heuristic,0.1,1.01,0.242,0.005,0.374,,True,False
22:28:24,Baseline,DL_quant,0.75,351.81,,,,0.262,False,False
22:28:24,Baseline,Heuristic,0.11,1.01,0.241,0.004,0.374,,True,False
22:28:24,Baseline,DL_quant,0.75,351.81,,,,0.414,False,False
22:28:24,Baseline,Heuristic,0.11,1.01,0.24,0.004,0.373,,True,False
22:28:24,Baseline,DL_quant,0.77,351.81,,,,0.371,False,False
22:28:24,Baseline,Heuristic,0.1,1.01,0.239,0.004,0.373,,True,False
22:28:24,Baseline,DL_quant,0.77,351.81,,,,0.371,False,False
22:28:24,Baseline,Heuristic,0.1,1.01,0.238,0.004,0.372,,True,False
22:28:24,Baseline,DL_quant,0.75,351.81,,,,0.008,False,False
22:28:24,Baseline,Heuristic,0.11,1.01,0.237,0.004,0.372,,True,False
22:28:24,Baseline,DL_quant,0.76,351.81,,,,0.004,False,False
22:28:24,Baseline,Heuristic,0.1,1.01,0.236,0.004,0.372,,True,False
22:28:24,Baseline,DL_quant,0.73,351.81,,,,0.008,False,False
22:28:24,Baseline,Heuristic,0.1,1.01,0.235,0.004,0.371,,True,False
22:28:24,Baseline,DL_quant,0.75,351.81,,,,0.0,False,False
22:28:24,Baseline,Heuristic,0.12,1.01,0.234,0.004,0.371,,True,False
22:28:24,Baseline,DL_quant,0.85,351.81,,,,0.0,False,False
22:28:24,Baseline,Heuristic,0.11,1.27,0.233,0.004,0.371,,True,False
22:28:24,Baseline,DL_quant,0.77,351.81,,,,0.0,False,False
22:28:24,Baseline,Heuristic,0.11,1.01,0.232,0.004,0.37,,True,False
22:28:24,Baseline,DL_quant,0.78,351.81,,,,0.016,False,False
22:28:24,Baseline,Heuristic,0.11,1.01,0.231,0.004,0.37,,True,False
22:28:24,Baseline,DL_quant,0.77,351.81,,,,0.07,False,False
22:28:24,Baseline,Heuristic,0.11,1.01,0.23,0.004,0.369,,True,False
22:28:24,Baseline,DL_quant,0.89,351.81,,,,0.02,False,False
22:28:24,Baseline,Heuristic,0.1,1.01,0.229,0.004,0.369,,True,False
22:28:24,Baseline,DL_quant,0.73,351.81,,,,0.371,False,False
22:28:24,Baseline,Heuristic,0.1,1.01,0.228,0.004,0.369,,True,False
22:28:24,Baseline,DL_quant,0.83,351.81,,,,0.773,False,False
22:28:25,Baseline,Heuristic,0.1,1.01,0.227,0.004,0.368,,True,False
22:28:25,Baseline,DL_quant,0.76,351.81,,,,0.129,False,False
22:28:25,Baseline,Heuristic,0.1,1.01,0.226,0.004,0.368,,True,False
22:28:25,Baseline,DL_quant,0.86,351.81,,,,0.02,False,False
22:28:25,Baseline,Heuristic,0.11,1.01,0.225,0.004,0.368,,True,False
22:28:25,Baseline,DL_quant,0.83,351.81,,,,0.586,False,False
22:28:25,Baseline,Heuristic,0.14,1.01,0.224,0.004,0.367,,True,False
22:28:25,Baseline,DL_quant,0.85,351.81,,,,0.586,False,False
22:28:25,Baseline,Heuristic,0.11,1.01,0.223,0.004,0.367,,True,False
22:28:25,Baseline,DL_quant,0.76,351.81,,,,0.012,False,False
22:28:25,Baseline,Heuristic,0.11,1.01,0.222,0.004,0.367,,True,False
22:28:25,Baseline,DL_quant,0.8,351.81,,,,0.008,False,False
22:28:25,Baseline,Heuristic,0.11,1.01,0.221,0.004,0.366,,True,False
22:28:25,Baseline,DL_quant,0.74,351.81,,,,0.012,False,False
22:28:25,Baseline,Heuristic,0.1,1.01,0.221,0.004,0.366,,True,False
22:28:25,Baseline,DL_quant,0.73,351.81,,,,0.992,True,False
22:28:25,Baseline,Heuristic,0.11,1.01,0.22,0.004,0.365,,True,False
22:28:25,Baseline,DL_quant,0.74,351.81,,,,0.891,True,False
22:28:25,Baseline,Heuristic,0.11,1.01,0.219,0.004,0.365,,True,False
22:28:25,Baseline,DL_quant,0.81,351.81,,,,0.801,True,False
22:28:25,Baseline,Heuristic,0.32,1.01,0.218,0.004,0.365,,True,False
22:28:25,Baseline,DL_quant,1.3,351.81,,,,0.109,False,False
22:28:25,Baseline,Heuristic,0.11,1.01,0.217,0.004,0.364,,True,False
22:28:25,Baseline,DL_quant,0.75,351.81,,,,0.109,False,False
22:28:25,Baseline,Heuristic,0.1,1.01,0.216,0.004,0.364,,True,False
22:28:25,Baseline,DL_quant,0.78,351.81,,,,0.051,False,False
22:28:25,Baseline,Heuristic,0.1,1.01,0.216,0.004,0.364,,True,False
22:28:25,Baseline,DL_quant,0.74,351.81,,,,0.297,False,False
22:28:25,Baseline,Heuristic,0.11,1.01,0.215,0.004,0.363,,True,False
22:28:25,Baseline,DL_quant,0.79,351.81,,,,0.457,False,False
22:28:25,Baseline,Heuristic,0.14,1.01,0.214,0.004,0.363,,True,False
22:28:25,Baseline,DL_quant,0.91,351.81,,,,0.332,False,False
22:28:25,Baseline,Heuristic,0.11,1.01,0.213,0.004,0.363,,True,False
22:28:25,Baseline,DL_quant,0.75,351.81,,,,0.004,False,False
22:28:25,Baseline,Heuristic,0.11,1.01,0.212,0.004,0.362,,True,False
22:28:25,Baseline,DL_quant,0.8,351.81,,,,0.016,False,False
22:28:25,Baseline,Heuristic,0.12,1.01,0.212,0.004,0.362,,True,False
22:28:25,Baseline,DL_quant,0.8,351.81,,,,0.051,False,False
22:28:25,Baseline,Heuristic,0.1,1.01,0.211,0.004,0.361,,True,False
22:28:25,Baseline,DL_quant,0.73,351.81,,,,0.949,True,False
22:28:25,Baseline,Heuristic,0.12,1.01,0.21,0.004,0.361,,True,False
22:28:25,Baseline,DL_quant,0.73,351.81,,,,0.949,True,False
22:28:25,Baseline,Heuristic,0.1,1.01,0.21,0.004,0.361,,True,False
22:28:25,Baseline,DL_quant,0.75,351.81,,,,0.93,True,False
22:28:25,Baseline,Heuristic,0.11,1.01,0.209,0.004,0.36,,True,False
22:28:25,Baseline,DL_quant,0.73,351.81,,,,0.023,False,False
22:28:25,Baseline,Heuristic,0.1,1.01,0.208,0.004,0.36,,True,False
22:28:25,Baseline,DL_quant,0.75,351.81,,,,0.109,False,False
22:28:25,Baseline,Heuristic,0.1,1.01,0.207,0.004,0.36,,True,False
22:28:25,Baseline,DL_quant,0.74,351.81,,,,0.035,False,False
22:28:25,Baseline,Heuristic,0.11,1.01,0.207,0.004,0.359,,True,False
22:28:25,Baseline,DL_quant,0.76,351.81,,,,0.008,False,False
22:28:25,Baseline,Heuristic,0.12,1.01,0.206,0.004,0.359,,True,False
22:28:25,Baseline,DL_quant,0.75,351.81,,,,0.004,False,False
22:28:25,Baseline,Heuristic,0.1,1.01,0.206,0.004,0.359,,True,False
22:28:25,Baseline,DL_quant,0.74,351.81,,,,0.0,False,False
22:28:25,Baseline,Heuristic,0.1,1.01,0.205,0.004,0.358,,True,False
22:28:25,Baseline,DL_quant,0.74,351.81,,,,0.996,True,False
22:28:25,Baseline,Heuristic,0.11,1.01,0.205,0.004,0.358,,True,False
22:28:25,Baseline,DL_quant,0.73,351.81,,,,0.996,True,False
22:28:26,Baseline,Heuristic,0.11,1.01,0.204,0.004,0.358,,True,False
22:28:26,Baseline,DL_quant,0.73,351.81,,,,0.996,True,False
22:28:26,Baseline,Heuristic,0.1,1.01,0.204,0.004,0.357,,True,False
22:28:26,Baseline,DL_quant,0.73,351.81,,,,0.98,True,False
22:28:26,Baseline,Heuristic,0.12,1.01,0.204,0.004,0.357,,True,False
22:28:26,Baseline,DL_quant,0.74,351.81,,,,0.996,True,False
22:28:26,Baseline,Heuristic,0.1,1.01,0.204,0.004,0.357,,True,False
22:28:26,Baseline,DL_quant,0.74,351.81,,,,0.996,True,False
22:28:26,Baseline,Heuristic,0.1,1.01,0.204,0.004,0.356,,True,False
22:28:26,Baseline,DL_quant,0.75,351.81,,,,0.996,True,False
22:28:26,Baseline,Heuristic,0.1,1.01,0.204,0.004,0.356,,True,False
22:28:26,Baseline,DL_quant,0.74,351.81,,,,0.996,True,False
22:28:26,Baseline,Heuristic,0.1,1.01,0.204,0.004,0.356,,True,False
22:28:26,Baseline,DL_quant,0.76,351.81,,,,0.996,True,False
22:28:26,Baseline,Heuristic,0.11,1.01,0.204,0.004,0.355,,True,False
22:28:26,Baseline,DL_quant,0.81,351.81,,,,0.996,True,False
22:28:26,Baseline,Heuristic,0.11,1.01,0.204,0.004,0.355,,True,False
22:28:26,Baseline,DL_quant,0.74,351.81,,,,0.996,True,False
22:28:26,Baseline,Heuristic,0.1,1.01,0.205,0.004,0.355,,True,False
22:28:26,Baseline,DL_quant,0.74,351.81,,,,0.996,True,False
22:28:26,Baseline,Heuristic,0.1,1.01,0.205,0.004,0.354,,True,False
22:28:26,Baseline,DL_quant,0.76,351.81,,,,0.996,True,False
22:28:26,Baseline,Heuristic,0.1,1.01,0.205,0.004,0.354,,True,False
22:28:26,Baseline,DL_quant,0.74,351.81,,,,0.996,True,False
22:28:26,Baseline,Heuristic,0.1,1.01,0.206,0.004,0.354,,True,False
22:28:26,Baseline,DL_quant,0.74,351.81,,,,0.996,True,False
22:28:26,Baseline,Heuristic,0.1,1.01,0.206,0.004,0.353,,True,False
22:28:26,Baseline,DL_quant,0.85,351.81,,,,0.977,True,False
22:28:26,Baseline,Heuristic,0.1,1.01,0.206,0.004,0.353,,True,False
22:28:26,Baseline,DL_quant,0.75,351.81,,,,0.969,True,False
22:28:26,Baseline,Heuristic,0.1,1.01,0.207,0.004,0.352,,True,False
22:28:26,Baseline,DL_quant,0.73,351.81,,,,0.891,True,False
22:28:26,Baseline,Heuristic,0.1,1.01,0.207,0.004,0.352,,True,False
22:28:26,Baseline,DL_quant,0.75,351.81,,,,0.977,True,False
22:28:26,Baseline,Heuristic,0.1,1.01,0.207,0.004,0.352,,True,False
22:28:26,Baseline,DL_quant,0.83,351.81,,,,0.988,True,False
22:28:26,Baseline,Heuristic,0.11,1.01,0.208,0.004,0.351,,True,False
22:28:26,Baseline,DL_quant,0.75,351.81,,,,0.996,True,False
22:28:26,Baseline,Heuristic,0.11,1.01,0.208,0.004,0.351,,True,False
22:28:26,Baseline,DL_quant,0.77,351.81,,,,0.0,False,False
22:28:26,Baseline,Heuristic,0.11,1.01,0.209,0.004,0.351,,True,False
22:28:26,Baseline,DL_quant,0.76,351.81,,,,0.0,False,False
22:28:26,Baseline,Heuristic,0.11,1.01,0.209,0.004,0.35,,True,False
22:28:26,Baseline,DL_quant,0.79,351.81,,,,0.0,False,False
22:28:26,Baseline,Heuristic,0.1,1.01,0.209,0.004,0.35,,True,False
22:28:26,Baseline,DL_quant,0.86,351.81,,,,0.0,False,False
22:28:26,Baseline,Heuristic,0.1,1.01,0.209,0.004,0.35,,True,False
22:28:26,Baseline,DL_quant,0.73,351.81,,,,0.0,False,False
22:28:26,Baseline,Heuristic,0.11,1.01,0.21,0.004,0.349,,True,False
22:28:26,Baseline,DL_quant,0.76,351.81,,,,0.0,False,False
22:28:26,Baseline,Heuristic,0.1,1.01,0.21,0.004,0.349,,True,False
22:28:26,Baseline,DL_quant,0.73,351.81,,,,0.0,False,False
22:28:26,Baseline,Heuristic,0.1,1.01,0.21,0.004,0.349,,True,False
22:28:26,Baseline,DL_quant,0.87,351.81,,,,0.0,False,False
22:28:27,Baseline,Heuristic,0.1,1.01,0.211,0.004,0.348,,True,False
22:28:27,Baseline,DL_quant,0.73,351.81,,,,0.0,False,False
22:28:27,Baseline,Heuristic,0.1,1.27,0.211,0.004,0.348,,True,False
22:28:27,Baseline,DL_quant,0.71,351.81,,,,0.0,False,False
22:28:27,Baseline,Heuristic,0.11,1.01,0.211,0.004,0.348,,True,False
22:28:27,Baseline,DL_quant,0.73,351.81,,,,0.0,False,False
22:28:27,Baseline,Heuristic,0.1,1.01,0.211,0.004,0.347,,True,False
22:28:27,Baseline,DL_quant,0.74,351.81,,,,0.0,False,False
22:28:27,Baseline,Heuristic,0.1,1.01,0.211,0.004,0.347,,True,False
22:28:27,Baseline,DL_quant,0.73,351.81,,,,0.0,False,False
22:28:27,Baseline,Heuristic,0.1,1.01,0.211,0.004,0.347,,True,False
22:28:27,Baseline,DL_quant,0.73,351.81,,,,0.0,False,False
22:28:27,Baseline,Heuristic,0.13,1.01,0.211,0.004,0.347,,True,False
22:28:27,Baseline,DL_quant,0.79,351.81,,,,0.0,False,False
22:28:27,Baseline,Heuristic,0.1,1.01,0.211,0.004,0.346,,True,False
22:28:27,Baseline,DL_quant,0.72,351.81,,,,0.0,False,False
22:28:27,Baseline,Heuristic,0.1,1.01,0.211,0.004,0.346,,True,False
22:28:27,Baseline,DL_quant,0.73,351.81,,,,0.0,False,False
22:28:27,Baseline,Heuristic,0.1,1.01,0.21,0.004,0.346,,True,False
22:28:27,Baseline,DL_quant,0.77,351.81,,,,0.0,False,False
22:28:27,Baseline,Heuristic,0.11,1.01,0.21,0.004,0.345,,True,False
22:28:27,Baseline,DL_quant,0.74,351.81,,,,0.0,False,False
22:28:27,Baseline,Heuristic,0.11,1.01,0.21,0.004,0.345,,True,False
22:28:27,Baseline,DL_quant,0.76,351.81,,,,0.0,False,False
22:28:27,Baseline,Heuristic,0.1,1.01,0.209,0.004,0.345,,True,False
22:28:27,Baseline,DL_quant,0.74,351.81,,,,0.0,False,False
22:28:27,Baseline,Heuristic,0.1,1.01,0.209,0.004,0.344,,True,False
22:28:27,Baseline,DL_quant,0.73,351.81,,,,0.0,False,False
22:28:27,Baseline,Heuristic,0.1,1.01,0.208,0.004,0.344,,True,False
22:28:27,Baseline,DL_quant,0.75,351.81,,,,0.0,False,False
22:28:27,Baseline,Heuristic,0.1,1.01,0.208,0.004,0.344,,True,False
22:28:27,Baseline,DL_quant,0.73,351.81,,,,0.0,False,False
22:28:27,Baseline,Heuristic,0.1,1.01,0.208,0.004,0.343,,True,False
22:28:27,Baseline,DL_quant,0.74,351.81,,,,0.0,False,False
22:28:27,Baseline,Heuristic,0.1,1.01,0.208,0.004,0.343,,True,False
22:28:27,Baseline,DL_quant,0.75,351.81,,,,0.0,False,False
22:28:27,Baseline,Heuristic,0.1,1.01,0.207,0.004,0.343,,True,False
22:28:27,Baseline,DL_quant,0.74,351.81,,,,0.0,False,False
22:28:27,Baseline,Heuristic,0.11,1.01,0.207,0.004,0.342,,True,False
22:28:27,Baseline,DL_quant,0.74,351.81,,,,0.0,False,False
22:28:27,Baseline,Heuristic,0.1,1.01,0.207,0.005,0.342,,True,False
22:28:27,Baseline,DL_quant,0.72,351.81,,,,0.0,False,False
22:28:27,Baseline,Heuristic,0.11,1.01,0.207,0.005,0.342,,True,False
22:28:27,Baseline,DL_quant,0.77,351.81,,,,0.0,False,False
22:28:27,Baseline,Heuristic,0.11,1.01,0.207,0.005,0.341,,True,False
22:28:27,Baseline,DL_quant,0.76,351.81,,,,0.0,False,False
22:28:27,Baseline,Heuristic,0.1,1.01,0.207,0.005,0.341,,True,False
22:28:27,Baseline,DL_quant,0.74,351.81,,,,0.0,False,False
22:28:27,Baseline,Heuristic,0.1,1.01,0.207,0.005,0.341,,True,False
22:28:27,Baseline,DL_quant,0.76,351.81,,,,0.0,False,False
22:28:27,Baseline,Heuristic,0.11,1.01,0.207,0.005,0.34,,True,False
22:28:27,Baseline,DL_quant,0.77,351.81,,,,0.0,False,False
22:28:27,Baseline,Heuristic,0.11,1.01,0.207,0.005,0.34,,True,False
22:28:27,Baseline,DL_quant,0.75,351.81,,,,0.0,False,False
22:28:27,Baseline,Heuristic,0.11,1.01,0.207,0.005,0.34,,True,False
22:28:27,Baseline,DL_quant,0.73,351.81,,,,0.0,False,False
22:28:27,Baseline,Heuristic,0.1,1.01,0.207,0.005,0.339,,True,False
22:28:27,Baseline,DL_quant,0.76,351.81,,,,0.0,False,False
22:28:28,Baseline,Heuristic,0.1,1.01,0.207,0.005,0.339,,True,False
22:28:28,Baseline,DL_quant,0.73,351.81,,,,0.0,False,False
22:28:28,Baseline,Heuristic,0.11,1.01,0.207,0.005,0.339,,True,False
22:28:28,Baseline,DL_quant,0.8,351.81,,,,0.0,False,False
22:28:28,Baseline,Heuristic,0.1,1.01,0.207,0.005,0.339,,True,False
22:28:28,Baseline,DL_quant,0.75,351.81,,,,0.0,False,False
22:28:28,Baseline,Heuristic,0.1,1.01,0.207,0.005,0.338,,True,False
22:28:28,Baseline,DL_quant,0.74,351.81,,,,0.0,False,False
22:28:28,Baseline,Heuristic,0.11,1.01,0.207,0.005,0.338,,True,False
22:28:28,Baseline,DL_quant,0.77,351.81,,,,0.0,False,False
22:28:28,Baseline,Heuristic,0.1,1.01,0.207,0.005,0.338,,True,False
22:28:28,Baseline,DL_quant,0.73,351.81,,,,0.0,False,False
22:28:28,Baseline,Heuristic,0.12,1.01,0.207,0.005,0.337,,True,False
22:28:28,Baseline,DL_quant,0.91,351.81,,,,0.0,False,False
22:28:28,Baseline,Heuristic,0.1,1.01,0.206,0.005,0.337,,True,False
22:28:28,Baseline,DL_quant,0.74,351.81,,,,0.0,False,False
22:28:28,Baseline,Heuristic,0.11,1.01,0.206,0.005,0.337,,True,False
22:28:28,Baseline,DL_quant,0.75,351.81,,,,0.0,False,False
22:28:28,Baseline,Heuristic,0.11,1.01,0.206,0.005,0.336,,True,False
22:28:28,Baseline,DL_quant,0.74,351.81,,,,0.0,False,False
22:28:28,Baseline,Heuristic,0.1,1.01,0.205,0.005,0.336,,True,False
22:28:28,Baseline,DL_quant,0.77,351.81,,,,0.0,False,False
22:28:28,Baseline,Heuristic,0.11,1.01,0.205,0.005,0.336,,True,False
22:28:28,Baseline,DL_quant,0.75,351.81,,,,0.0,False,False
22:28:28,Baseline,Heuristic,0.11,1.01,0.205,0.006,0.335,,True,False
22:28:28,Baseline,DL_quant,0.78,351.81,,,,0.0,False,False
22:28:28,Baseline,Heuristic,0.1,1.01,0.204,0.006,0.335,,True,False
22:28:28,Baseline,DL_quant,0.75,351.81,,,,0.0,False,False
22:28:28,Baseline,Heuristic,0.1,1.01,0.204,0.006,0.335,,True,False
22:28:28,Baseline,DL_quant,0.74,351.81,,,,0.0,False,False
22:28:28,Baseline,Heuristic,0.1,1.01,0.203,0.006,0.335,,True,False
22:28:28,Baseline,DL_quant,0.77,351.81,,,,0.0,False,False
22:28:28,Baseline,Heuristic,0.1,1.01,0.203,0.006,0.334,,True,False
22:28:28,Baseline,DL_quant,0.74,351.81,,,,0.0,False,False
22:28:28,Baseline,Heuristic,0.1,1.01,0.202,0.006,0.334,,True,False
22:28:28,Baseline,DL_quant,0.78,351.81,,,,0.0,False,False
22:28:28,Baseline,Heuristic,0.1,1.01,0.202,0.006,0.334,,True,False
22:28:28,Baseline,DL_quant,0.75,351.81,,,,0.0,False,False
22:28:28,Baseline,Heuristic,0.11,1.01,0.202,0.006,0.333,,True,False
22:28:28,Baseline,DL_quant,0.79,351.81,,,,0.0,False,False
22:28:28,Baseline,Heuristic,0.11,1.01,0.201,0.006,0.333,,True,False
22:28:28,Baseline,DL_quant,0.76,351.81,,,,0.0,False,False
22:28:28,Baseline,Heuristic,0.1,1.01,0.201,0.007,0.333,,True,False
22:28:28,Baseline,DL_quant,0.76,351.81,,,,0.0,False,False
22:28:28,Baseline,Heuristic,0.1,1.01,0.201,0.007,0.332,,True,False
22:28:28,Baseline,DL_quant,0.76,351.81,,,,0.0,False,False
22:28:28,Baseline,Heuristic,0.1,1.01,0.201,0.007,0.332,,True,False
22:28:28,Baseline,DL_quant,0.76,351.81,,,,0.0,False,False
22:28:28,Baseline,Heuristic,0.1,1.01,0.201,0.007,0.332,,True,False
22:28:28,Baseline,DL_quant,0.76,351.81,,,,0.0,False,False
22:28:28,Baseline,Heuristic,0.1,1.01,0.201,0.007,0.332,,True,False
22:28:28,Baseline,DL_quant,0.77,351.81,,,,0.0,False,False
22:28:28,Baseline,Heuristic,0.11,1.01,0.201,0.008,0.331,,True,False
22:28:28,Baseline,DL_quant,0.76,351.81,,,,0.0,False,False
22:28:28,Baseline,Heuristic,0.1,1.01,0.201,0.008,0.331,,True,False
22:28:28,Baseline,DL_quant,0.72,351.81,,,,0.0,False,False
22:28:28,Baseline,Heuristic,0.11,1.01,0.202,0.008,0.331,,True,False
22:28:28,Baseline,DL_quant,0.75,351.81,,,,0.0,False,False
22:28:28,Baseline,Heuristic,0.11,1.01,0.202,0.009,0.33,,True,False
22:28:28,Baseline,DL_quant,0.81,351.81,,,,0.0,False,False
22:28:28,Baseline,Heuristic,0.11,1.01,0.202,0.009,0.33,,True,False
22:28:28,Baseline,DL_quant,0.78,351.81,,,,0.0,False,False
22:28:28,Baseline,Heuristic,0.11,1.01,0.203,0.01,0.33,,True,False
22:28:28,Baseline,DL_quant,0.82,351.81,,,,0.0,False,False
22:28:29,Baseline,Heuristic,0.1,1.01,0.203,0.01,0.329,,True,False
22:28:29,Baseline,DL_quant,0.74,351.81,,,,0.0,False,False
22:28:29,Baseline,Heuristic,0.11,1.01,0.204,0.01,0.329,,True,False
22:28:29,Baseline,DL_quant,0.76,351.81,,,,0.0,False,False
22:28:29,Baseline,Heuristic,0.1,1.01,0.204,0.011,0.329,,True,False
22:28:29,Baseline,DL_quant,0.75,351.81,,,,0.0,False,False
22:28:29,Baseline,Heuristic,0.1,1.01,0.205,0.011,0.329,,True,False
22:28:29,Baseline,DL_quant,0.76,351.81,,,,0.0,False,False
22:28:29,Baseline,Heuristic,0.1,1.27,0.206,0.011,0.328,,True,False
22:28:29,Baseline,DL_quant,0.73,351.81,,,,0.0,False,False
22:28:29,Baseline,Heuristic,0.11,1.01,0.206,0.011,0.328,,True,False
22:28:29,Baseline,DL_quant,0.75,351.81,,,,0.0,False,False
22:28:29,Baseline,Heuristic,0.11,1.01,0.207,0.012,0.328,,True,False
22:28:29,Baseline,DL_quant,0.78,351.81,,,,0.0,False,False
22:28:29,Baseline,Heuristic,0.11,1.01,0.207,0.012,0.327,,True,False
22:28:29,Baseline,DL_quant,0.79,351.81,,,,0.0,False,False
22:28:29,Baseline,Heuristic,0.1,1.01,0.208,0.012,0.327,,True,False
22:28:29,Baseline,DL_quant,0.73,351.81,,,,0.0,False,False
22:28:29,Baseline,Heuristic,0.11,1.01,0.208,0.012,0.327,,True,False
22:28:29,Baseline,DL_quant,0.75,351.81,,,,0.0,False,False
22:28:29,Baseline,Heuristic,0.1,1.01,0.208,0.012,0.327,,True,False
22:28:29,Baseline,DL_quant,0.73,351.81,,,,0.0,False,False
22:28:29,Baseline,Heuristic,0.1,1.01,0.208,0.012,0.326,,True,False
22:28:29,Baseline,DL_quant,0.76,351.81,,,,0.0,False,False
22:28:29,Baseline,Heuristic,0.11,1.01,0.209,0.012,0.326,,True,False
22:28:29,Baseline,DL_quant,0.76,351.81,,,,0.0,False,False
22:28:29,Baseline,Heuristic,0.11,1.01,0.209,0.013,0.326,,True,False
22:28:29,Baseline,DL_quant,0.76,351.81,,,,0.0,False,False
22:28:29,Baseline,Heuristic,0.1,1.01,0.209,0.013,0.325,,True,False
22:28:29,Baseline,DL_quant,0.78,351.81,,,,0.0,False,False
22:28:29,Baseline,Heuristic,0.1,1.01,0.209,0.013,0.325,,True,False
22:28:29,Baseline,DL_quant,0.74,351.81,,,,0.0,False,False
22:28:29,Baseline,Heuristic,0.23,1.01,0.209,0.013,0.325,,True,False
22:28:29,Baseline,DL_quant,1.65,351.81,,,,0.0,False,False
22:28:29,Baseline,Heuristic,0.11,1.01,0.209,0.013,0.325,,True,False
22:28:29,Baseline,DL_quant,0.77,351.81,,,,0.0,False,False
22:28:29,Baseline,Heuristic,0.11,1.01,0.21,0.013,0.324,,True,False
22:28:29,Baseline,DL_quant,0.81,351.81,,,,0.0,False,False
22:28:29,Baseline,Heuristic,0.11,1.01,0.21,0.013,0.324,,True,False
22:28:29,Baseline,DL_quant,0.75,351.81,,,,0.0,False,False
22:28:29,Baseline,Heuristic,0.1,1.01,0.21,0.013,0.324,,True,False
22:28:29,Baseline,DL_quant,0.76,351.81,,,,0.0,False,False
22:28:29,Baseline,Heuristic,0.1,1.01,0.211,0.013,0.323,,True,False
22:28:29,Baseline,DL_quant,0.73,351.81,,,,0.0,False,False
22:28:29,Baseline,Heuristic,0.1,1.01,0.211,0.013,0.323,,True,False
22:28:29,Baseline,DL_quant,0.73,351.81,,,,0.0,False,False
22:28:29,Baseline,Heuristic,0.1,1.01,0.211,0.013,0.323,,True,False
22:28:29,Baseline,DL_quant,0.73,351.81,,,,0.0,False,False
22:28:29,Baseline,Heuristic,0.12,1.01,0.212,0.013,0.323,,True,False
22:28:29,Baseline,DL_quant,0.86,351.81,,,,0.0,False,False
22:28:29,Baseline,Heuristic,0.1,1.01,0.212,0.013,0.322,,True,False
22:28:29,Baseline,DL_quant,0.74,351.81,,,,0.0,False,False
22:28:29,Baseline,Heuristic,0.1,1.01,0.212,0.013,0.322,,True,False
22:28:29,Baseline,DL_quant,0.75,351.81,,,,0.0,False,False
22:28:29,Baseline,Heuristic,0.1,1.01,0.213,0.014,0.322,,True,False
22:28:29,Baseline,DL_quant,0.73,351.81,,,,0.0,False,False
22:28:30,Baseline,Heuristic,0.11,1.01,0.213,0.014,0.321,,True,False
22:28:30,Baseline,DL_quant,0.75,351.81,,,,0.0,False,False
