Timestamp,Condition,Pipeline,Latency_ms,Peak_RAM_KB,EAR,MAR,PERCLOS,DL_Prob,System_Alert,Ground_Truth_Fatigue
19:39:47,Baseline,Heuristic,0.34,10.73,0.227,0.002,0.0,,False,False
19:39:47,Baseline,DL_quant,3.71,434.95,,,,0.137,False,False
19:39:47,Baseline,DL_float,405.89,408.96,,,,0.051,False,False
19:39:48,Baseline,Heuristic,0.14,1.01,0.25,0.005,0.0,,False,False
19:39:48,Baseline,DL_quant,2.63,421.2,,,,0.0,False,False
19:39:48,Baseline,DL_float,321.7,421.2,,,,0.0,False,False
19:39:48,Baseline,Heuristic,0.11,1.01,0.258,0.006,0.0,,False,False
19:39:48,Baseline,DL_quant,4.61,425.58,,,,0.0,False,False
19:39:48,Baseline,DL_float,291.83,425.58,,,,0.008,False,False
19:39:48,Baseline,Heuristic,0.1,1.01,0.258,0.006,0.0,,False,False
19:39:48,Baseline,DL_quant,2.5,441.97,,,,0.613,False,False
19:39:48,Baseline,DL_float,289.12,441.97,,,,0.729,False,False
19:39:49,Baseline,Heuristic,0.1,1.01,0.259,0.006,0.0,,False,False
19:39:49,Baseline,DL_quant,2.95,438.29,,,,0.961,True,False
19:39:49,Baseline,DL_float,269.13,438.29,,,,0.978,True,False
19:39:49,Baseline,Heuristic,0.1,1.01,0.259,0.006,0.0,,False,False
19:39:49,Baseline,DL_quant,2.36,435.42,,,,0.0,False,False
19:39:49,Baseline,DL_float,255.87,435.42,,,,0.929,True,False
19:39:49,Baseline,Heuristic,0.11,1.01,0.259,0.007,0.0,,False,False
19:39:49,Baseline,DL_quant,3.28,429.23,,,,0.387,False,False
19:39:49,Baseline,DL_float,255.53,429.23,,,,1.0,True,False
19:39:50,Baseline,Heuristic,0.15,1.01,0.259,0.007,0.0,,False,False
19:39:50,Baseline,DL_quant,2.58,431.46,,,,0.137,False,False
19:39:50,Baseline,DL_float,278.71,431.46,,,,0.072,False,False
19:39:50,Baseline,Heuristic,0.13,1.01,0.258,0.007,0.0,,False,False
19:39:50,Baseline,DL_quant,3.0,429.42,,,,0.004,False,False
19:39:50,Baseline,DL_float,283.59,429.42,,,,0.139,False,False
19:39:50,Baseline,Heuristic,0.12,1.01,0.258,0.007,0.0,,False,False
19:39:50,Baseline,DL_quant,2.46,434.06,,,,0.684,False,False
19:39:50,Baseline,DL_float,268.31,434.06,,,,1.0,True,False
19:39:51,Baseline,Heuristic,0.11,1.01,0.257,0.006,0.0,,False,False
19:39:51,Baseline,DL_quant,2.62,431.46,,,,0.023,False,False
19:39:51,Baseline,DL_float,296.19,431.46,,,,0.001,False,False
19:39:51,Baseline,Heuristic,0.1,1.01,0.256,0.006,0.0,,False,False
19:39:51,Baseline,DL_quant,2.82,435.54,,,,0.883,True,False
19:39:51,Baseline,DL_float,236.03,435.54,,,,0.967,True,False
19:39:51,Baseline,Heuristic,0.1,1.01,0.255,0.006,0.0,,False,False
19:39:51,Baseline,DL_quant,2.38,432.92,,,,0.996,True,False
19:39:51,Baseline,DL_float,228.95,432.92,,,,0.933,True,False
19:39:51,Baseline,Heuristic,0.1,1.01,0.255,0.006,0.0,,False,False
19:39:51,Baseline,DL_quant,2.71,435.54,,,,0.996,True,False
19:39:51,Baseline,DL_float,220.33,435.54,,,,0.007,False,False
19:39:52,Baseline,Heuristic,0.1,1.01,0.255,0.006,0.0,,False,False
19:39:52,Baseline,DL_quant,2.38,429.23,,,,0.578,False,False
19:39:52,Baseline,DL_float,214.49,429.23,,,,0.0,False,False
19:39:52,Baseline,Heuristic,0.1,1.01,0.255,0.005,0.0,,False,False
19:39:52,Baseline,DL_quant,2.32,424.25,,,,0.996,True,False
19:39:52,Baseline,DL_float,218.58,424.25,,,,0.022,False,False
19:39:52,Baseline,Heuristic,0.11,1.01,0.255,0.006,0.0,,False,False
19:39:52,Baseline,DL_quant,2.5,419.24,,,,0.996,True,False
19:39:52,Baseline,DL_float,199.37,419.24,,,,0.0,False,False
19:39:52,Baseline,Heuristic,0.1,1.01,0.256,0.006,0.0,,False,False
19:39:52,Baseline,DL_quant,2.5,410.81,,,,0.996,True,False
19:39:52,Baseline,DL_float,203.3,410.81,,,,0.001,False,False
19:39:53,Baseline,Heuristic,0.1,1.01,0.256,0.006,0.0,,False,False
19:39:53,Baseline,DL_quant,2.2,403.19,,,,0.012,False,False
19:39:53,Baseline,DL_float,199.19,403.19,,,,0.994,True,False
19:39:53,Baseline,Heuristic,0.09,1.01,0.257,0.006,0.0,,False,False
19:39:53,Baseline,DL_quant,2.22,391.38,,,,0.996,True,False
19:39:53,Baseline,DL_float,210.51,391.38,,,,1.0,True,False
19:39:53,Baseline,Heuristic,0.1,1.01,0.258,0.006,0.0,,False,False
19:39:53,Baseline,DL_quant,2.29,386.34,,,,0.0,False,False
19:39:53,Baseline,DL_float,203.09,386.34,,,,0.0,False,False
19:39:53,Baseline,Heuristic,0.09,1.01,0.26,0.006,0.0,,False,False
19:39:53,Baseline,DL_quant,2.25,382.13,,,,0.898,True,False
19:39:53,Baseline,DL_float,200.23,382.13,,,,0.0,False,False
19:39:53,Baseline,Heuristic,0.1,1.01,0.261,0.006,0.0,,False,False
19:39:53,Baseline,DL_quant,2.27,386.41,,,,0.996,True,False
19:39:53,Baseline,DL_float,199.92,386.41,,,,0.0,False,False
19:39:54,Baseline,Heuristic,0.1,1.01,0.262,0.007,0.0,,False,False
19:39:54,Baseline,DL_quant,2.43,394.46,,,,0.98,True,False
19:39:54,Baseline,DL_float,201.6,394.46,,,,0.0,False,False
19:39:54,Baseline,Heuristic,0.18,1.01,0.264,0.007,0.0,,False,False
19:39:54,Baseline,DL_quant,2.38,397.07,,,,0.422,False,False
19:39:54,Baseline,DL_float,208.64,397.07,,,,0.0,False,False
19:39:54,Baseline,Heuristic,0.1,1.01,0.266,0.007,0.0,,False,False
19:39:54,Baseline,DL_quant,2.63,399.78,,,,0.996,True,False
19:39:54,Baseline,DL_float,208.75,399.78,,,,0.0,False,False
19:39:54,Baseline,Heuristic,0.1,1.01,0.267,0.007,0.0,,False,False
19:39:54,Baseline,DL_quant,2.42,401.64,,,,0.996,True,False
19:39:54,Baseline,DL_float,198.74,401.64,,,,0.0,False,False
19:39:55,Baseline,Heuristic,0.1,1.01,0.269,0.007,0.0,,False,False
19:39:55,Baseline,DL_quant,2.46,404.03,,,,0.996,True,False
19:39:55,Baseline,DL_float,204.81,404.03,,,,0.015,False,False
19:39:55,Baseline,Heuristic,0.1,1.01,0.27,0.008,0.0,,False,False
19:39:55,Baseline,DL_quant,2.53,402.79,,,,0.996,True,False
19:39:55,Baseline,DL_float,208.77,402.79,,,,0.08,False,False
19:39:55,Baseline,Heuristic,0.1,1.01,0.272,0.008,0.0,,False,False
19:39:55,Baseline,DL_quant,2.49,404.75,,,,0.996,True,False
19:39:55,Baseline,DL_float,255.62,404.75,,,,0.009,False,False
19:39:55,Baseline,Heuristic,0.11,1.01,0.274,0.008,0.0,,False,False
19:39:55,Baseline,DL_quant,2.48,398.38,,,,0.996,True,False
19:39:55,Baseline,DL_float,228.21,398.38,,,,0.0,False,False
19:39:56,Baseline,Heuristic,0.13,1.01,0.275,0.009,0.0,,False,False
19:39:56,Baseline,DL_quant,2.41,399.16,,,,0.996,True,False
19:39:56,Baseline,DL_float,203.99,399.16,,,,0.0,False,False
19:39:56,Baseline,Heuristic,0.1,1.27,0.276,0.009,0.0,,False,False
19:39:56,Baseline,DL_quant,2.29,399.86,,,,0.996,True,False
19:39:56,Baseline,DL_float,197.66,399.86,,,,0.0,False,False
19:39:56,Baseline,Heuristic,0.09,1.01,0.278,0.009,0.0,,False,False
19:39:56,Baseline,DL_quant,2.39,401.64,,,,0.801,True,False
19:39:56,Baseline,DL_float,205.67,401.64,,,,0.0,False,False
19:39:56,Baseline,Heuristic,0.1,1.01,0.279,0.009,0.0,,False,False
19:39:56,Baseline,DL_quant,2.37,402.89,,,,0.844,True,False
19:39:56,Baseline,DL_float,215.45,402.89,,,,0.0,False,False
19:39:57,Baseline,Heuristic,0.09,1.01,0.28,0.009,0.0,,False,False
19:39:57,Baseline,DL_quant,2.33,402.89,,,,0.996,True,False
19:39:57,Baseline,DL_float,207.02,402.89,,,,0.017,False,False
19:39:57,Baseline,Heuristic,0.1,1.01,0.281,0.009,0.0,,False,False
19:39:57,Baseline,DL_quant,2.18,399.86,,,,0.996,True,False
19:39:57,Baseline,DL_float,205.97,399.86,,,,0.0,False,False
19:39:57,Baseline,Heuristic,0.1,1.01,0.282,0.009,0.0,,False,False
19:39:57,Baseline,DL_quant,2.23,401.81,,,,0.996,True,False
19:39:57,Baseline,DL_float,200.07,401.81,,,,0.0,False,False
19:39:57,Baseline,Heuristic,0.1,1.01,0.283,0.009,0.0,,False,False
19:39:57,Baseline,DL_quant,2.25,402.35,,,,0.996,True,False
19:39:57,Baseline,DL_float,208.75,402.35,,,,0.0,False,False
19:39:58,Baseline,Heuristic,0.16,1.01,0.284,0.01,0.0,,False,False
19:39:58,Baseline,DL_quant,3.79,404.85,,,,0.996,True,False
19:39:58,Baseline,DL_float,211.64,404.85,,,,0.086,False,False
19:39:58,Baseline,Heuristic,0.1,1.01,0.285,0.01,0.0,,False,False
19:39:58,Baseline,DL_quant,2.54,401.73,,,,0.684,False,False
19:39:58,Baseline,DL_float,203.76,401.73,,,,0.003,False,False
19:39:58,Baseline,Heuristic,0.1,1.01,0.285,0.01,0.0,,False,False
19:39:58,Baseline,DL_quant,2.32,401.11,,,,0.648,False,False
19:39:58,Baseline,DL_float,201.94,401.11,,,,0.018,False,False
19:39:58,Baseline,Heuristic,0.09,1.01,0.285,0.011,0.0,,False,False
19:39:58,Baseline,DL_quant,2.28,402.35,,,,0.199,False,False
19:39:58,Baseline,DL_float,207.11,402.35,,,,0.0,False,False
19:39:59,Baseline,Heuristic,0.1,1.01,0.286,0.011,0.0,,False,False
19:39:59,Baseline,DL_quant,2.39,406.46,,,,0.996,True,False
19:39:59,Baseline,DL_float,203.48,406.46,,,,0.0,False,False
19:39:59,Baseline,Heuristic,0.15,1.01,0.285,0.011,0.0,,False,False
19:39:59,Baseline,DL_quant,2.58,405.75,,,,0.996,True,False
19:39:59,Baseline,DL_float,202.41,405.75,,,,0.0,False,False
19:39:59,Baseline,Heuristic,0.09,1.01,0.285,0.011,0.0,,False,False
19:39:59,Baseline,DL_quant,2.2,405.75,,,,0.996,True,False
19:39:59,Baseline,DL_float,200.36,405.75,,,,0.002,False,False
19:39:59,Baseline,Heuristic,0.1,1.01,0.286,0.011,0.0,,False,False
19:39:59,Baseline,DL_quant,2.51,402.35,,,,0.996,True,False
19:39:59,Baseline,DL_float,201.28,402.35,,,,0.0,False,False
19:39:59,Baseline,Heuristic,0.09,1.01,0.286,0.011,0.0,,False,False
19:39:59,Baseline,DL_quant,2.33,399.16,,,,0.996,True,False
19:39:59,Baseline,DL_float,202.98,399.16,,,,0.0,False,False
19:40:00,Baseline,Heuristic,0.1,1.01,0.286,0.011,0.0,,False,False
19:40:00,Baseline,DL_quant,2.23,398.46,,,,0.02,False,False
19:40:00,Baseline,DL_float,201.58,398.46,,,,0.0,False,False
19:40:00,Baseline,Heuristic,0.1,1.01,0.286,0.011,0.0,,False,False
19:40:00,Baseline,DL_quant,2.5,399.23,,,,0.996,True,False
19:40:00,Baseline,DL_float,200.3,399.23,,,,0.17,False,False
19:40:00,Baseline,Heuristic,0.1,1.01,0.286,0.012,0.0,,False,False
19:40:00,Baseline,DL_quant,2.59,398.67,,,,0.996,True,False
19:40:00,Baseline,DL_float,203.99,398.67,,,,1.0,True,False
19:40:00,Baseline,Heuristic,0.1,1.01,0.286,0.012,0.0,,False,False
19:40:00,Baseline,DL_quant,2.59,401.18,,,,0.996,True,False
19:40:00,Baseline,DL_float,205.35,401.18,,,,1.0,True,False
19:40:01,Baseline,Heuristic,0.11,1.01,0.286,0.011,0.0,,False,False
19:40:01,Baseline,DL_quant,2.42,399.23,,,,0.023,False,False
19:40:01,Baseline,DL_float,201.83,399.23,,,,1.0,True,False
19:40:01,Baseline,Heuristic,0.1,1.01,0.287,0.011,0.0,,False,False
19:40:01,Baseline,DL_quant,2.34,402.51,,,,0.996,True,False
19:40:01,Baseline,DL_float,213.57,402.51,,,,1.0,True,False
19:40:01,Baseline,Heuristic,0.1,1.01,0.287,0.011,0.0,,False,False
19:40:01,Baseline,DL_quant,2.53,401.11,,,,0.922,True,False
19:40:01,Baseline,DL_float,203.49,401.11,,,,1.0,True,False
19:40:01,Baseline,Heuristic,0.1,1.01,0.287,0.011,0.0,,False,False
19:40:01,Baseline,DL_quant,2.3,399.86,,,,0.773,False,False
19:40:01,Baseline,DL_float,201.96,399.86,,,,1.0,True,False
19:40:02,Baseline,Heuristic,0.1,1.01,0.288,0.011,0.0,,False,False
19:40:02,Baseline,DL_quant,2.27,400.48,,,,0.043,False,False
19:40:02,Baseline,DL_float,201.71,400.48,,,,0.0,False,False
19:40:02,Baseline,Heuristic,0.1,1.01,0.288,0.011,0.0,,False,False
19:40:02,Baseline,DL_quant,2.35,403.06,,,,0.988,True,False
19:40:02,Baseline,DL_float,209.13,403.06,,,,0.0,False,False
19:40:02,Baseline,Heuristic,0.1,1.01,0.289,0.011,0.0,,False,False
19:40:02,Baseline,DL_quant,2.28,401.73,,,,0.043,False,False
19:40:02,Baseline,DL_float,200.05,401.73,,,,0.0,False,False
19:40:02,Baseline,Heuristic,0.1,1.01,0.289,0.011,0.0,,False,False
19:40:02,Baseline,DL_quant,2.42,403.06,,,,0.996,True,False
19:40:02,Baseline,DL_float,199.77,403.06,,,,0.0,False,False
19:40:03,Baseline,Heuristic,0.1,1.01,0.29,0.011,0.0,,False,False
19:40:03,Baseline,DL_quant,2.35,403.69,,,,0.992,True,False
19:40:03,Baseline,DL_float,206.89,403.69,,,,0.0,False,False
19:40:03,Baseline,Heuristic,0.1,1.01,0.29,0.011,0.0,,False,False
19:40:03,Baseline,DL_quant,2.34,400.62,,,,0.996,True,False
19:40:03,Baseline,DL_float,201.46,400.62,,,,1.0,True,False
19:40:03,Baseline,Heuristic,0.1,1.01,0.291,0.011,0.0,,False,False
19:40:03,Baseline,DL_quant,2.25,402.51,,,,0.957,True,False
19:40:03,Baseline,DL_float,207.8,402.51,,,,0.909,True,False
19:40:03,Baseline,Heuristic,0.1,1.01,0.291,0.011,0.0,,False,False
19:40:03,Baseline,DL_quant,2.38,403.28,,,,0.0,False,False
19:40:03,Baseline,DL_float,214.84,403.28,,,,0.423,False,False
19:40:03,Baseline,Heuristic,0.1,1.01,0.292,0.011,0.0,,False,False
19:40:03,Baseline,DL_quant,2.45,401.38,,,,0.0,False,False
19:40:03,Baseline,DL_float,198.45,401.38,,,,0.438,False,False
19:40:04,Baseline,Heuristic,0.1,1.01,0.292,0.011,0.0,,False,False
19:40:04,Baseline,DL_quant,2.42,404.68,,,,0.008,False,False
19:40:04,Baseline,DL_float,200.23,404.68,,,,0.001,False,False
19:40:04,Baseline,Heuristic,0.1,1.01,0.293,0.011,0.0,,False,False
19:40:04,Baseline,DL_quant,2.44,399.36,,,,0.0,False,False
19:40:04,Baseline,DL_float,204.16,399.36,,,,1.0,True,False
19:40:04,Baseline,Heuristic,0.1,1.01,0.293,0.011,0.0,,False,False
19:40:04,Baseline,DL_quant,2.24,400.74,,,,0.996,True,False
19:40:04,Baseline,DL_float,199.59,400.74,,,,1.0,True,False
19:40:04,Baseline,Heuristic,0.1,1.01,0.294,0.011,0.0,,False,False
19:40:04,Baseline,DL_quant,2.45,401.18,,,,0.996,True,False
19:40:04,Baseline,DL_float,196.72,401.18,,,,0.649,False,False
19:40:05,Baseline,Heuristic,0.1,1.01,0.294,0.011,0.0,,False,False
19:40:05,Baseline,DL_quant,2.42,397.77,,,,0.996,True,False
19:40:05,Baseline,DL_float,204.48,397.77,,,,0.0,False,False
19:40:05,Baseline,Heuristic,0.09,1.01,0.295,0.011,0.0,,False,False
19:40:05,Baseline,DL_quant,2.22,398.91,,,,0.0,False,False
19:40:05,Baseline,DL_float,206.96,398.91,,,,0.0,False,False
19:40:05,Baseline,Heuristic,0.1,1.01,0.295,0.011,0.0,,False,False
19:40:05,Baseline,DL_quant,2.42,401.13,,,,0.0,False,False
19:40:05,Baseline,DL_float,200.0,401.13,,,,0.027,False,False
19:40:05,Baseline,Heuristic,0.09,1.01,0.295,0.012,0.0,,False,False
19:40:05,Baseline,DL_quant,2.35,401.13,,,,0.227,False,False
19:40:05,Baseline,DL_float,206.51,401.13,,,,0.002,False,False
19:40:06,Baseline,Heuristic,0.1,1.01,0.295,0.013,0.0,,False,False
19:40:06,Baseline,DL_quant,2.55,404.9,,,,0.996,True,False
19:40:06,Baseline,DL_float,200.33,404.9,,,,0.002,False,False
19:40:06,Baseline,Heuristic,0.1,1.01,0.296,0.014,0.0,,False,False
19:40:06,Baseline,DL_quant,2.42,404.53,,,,0.996,True,False
19:40:06,Baseline,DL_float,207.68,404.53,,,,0.001,False,False
19:40:06,Baseline,Heuristic,0.1,1.01,0.296,0.015,0.0,,False,False
19:40:06,Baseline,DL_quant,2.68,393.17,,,,0.078,False,False
19:40:06,Baseline,DL_float,202.35,393.17,,,,0.0,False,False
19:40:06,Baseline,Heuristic,0.1,1.01,0.296,0.015,0.0,,False,False
19:40:06,Baseline,DL_quant,2.31,391.36,,,,0.844,True,False
19:40:06,Baseline,DL_float,198.31,391.36,,,,0.0,False,False
19:40:06,Baseline,Heuristic,0.1,1.01,0.296,0.016,0.0,,False,False
19:40:06,Baseline,DL_quant,2.47,392.64,,,,0.996,True,False
19:40:06,Baseline,DL_float,198.7,392.64,,,,0.0,False,False
19:40:07,Baseline,Heuristic,0.1,1.01,0.296,0.016,0.0,,False,False
19:40:07,Baseline,DL_quant,2.43,395.15,,,,0.996,True,False
19:40:07,Baseline,DL_float,197.53,395.15,,,,0.001,False,False
19:40:07,Baseline,Heuristic,0.11,1.01,0.296,0.017,0.0,,False,False
19:40:07,Baseline,DL_quant,2.45,397.15,,,,0.996,True,False
19:40:07,Baseline,DL_float,197.87,397.15,,,,0.075,False,False
19:40:07,Baseline,Heuristic,0.09,1.01,0.296,0.017,0.0,,False,False
19:40:07,Baseline,DL_quant,2.43,398.54,,,,0.996,True,False
19:40:07,Baseline,DL_float,201.31,398.54,,,,0.0,False,False
19:40:07,Baseline,Heuristic,0.1,1.01,0.296,0.018,0.0,,False,False
19:40:07,Baseline,DL_quant,2.23,397.15,,,,0.957,True,False
19:40:07,Baseline,DL_float,198.5,397.15,,,,0.0,False,False
19:40:08,Baseline,Heuristic,0.1,1.01,0.296,0.018,0.0,,False,False
19:40:08,Baseline,DL_quant,2.33,397.84,,,,0.91,True,False
19:40:08,Baseline,DL_float,212.87,397.84,,,,0.0,False,False
19:40:08,Baseline,Heuristic,0.11,1.01,0.296,0.018,0.0,,False,False
19:40:08,Baseline,DL_quant,2.37,399.86,,,,0.988,True,False
19:40:08,Baseline,DL_float,200.58,399.86,,,,0.0,False,False
19:40:08,Baseline,Heuristic,0.1,1.01,0.296,0.018,0.0,,False,False
19:40:08,Baseline,DL_quant,2.42,399.7,,,,0.684,False,False
19:40:08,Baseline,DL_float,202.27,399.7,,,,0.0,False,False
19:40:08,Baseline,Heuristic,0.1,1.01,0.296,0.019,0.0,,False,False
19:40:08,Baseline,DL_quant,2.38,402.27,,,,0.992,True,False
19:40:08,Baseline,DL_float,205.15,402.27,,,,0.0,False,False
19:40:09,Baseline,Heuristic,0.11,1.01,0.296,0.019,0.0,,False,False
19:40:09,Baseline,DL_quant,2.43,406.82,,,,0.992,True,False
19:40:09,Baseline,DL_float,201.25,406.82,,,,0.002,False,False
19:40:09,Baseline,Heuristic,0.12,1.01,0.296,0.02,0.0,,False,False
19:40:09,Baseline,DL_quant,2.29,406.2,,,,0.613,False,False
19:40:09,Baseline,DL_float,201.18,406.2,,,,0.0,False,False
19:40:09,Baseline,Heuristic,0.09,1.01,0.296,0.021,0.0,,False,False
19:40:09,Baseline,DL_quant,2.31,407.1,,,,0.031,False,False
19:40:09,Baseline,DL_float,205.82,407.1,,,,0.0,False,False
19:40:09,Baseline,Heuristic,0.1,1.01,0.296,0.021,0.0,,False,False
19:40:09,Baseline,DL_quant,2.5,403.51,,,,0.996,True,False
19:40:09,Baseline,DL_float,195.56,403.51,,,,0.201,False,False
19:40:10,Baseline,Heuristic,0.1,1.01,0.296,0.022,0.0,,False,False
19:40:10,Baseline,DL_quant,2.38,404.32,,,,0.156,False,False
19:40:10,Baseline,DL_float,198.98,404.32,,,,0.0,False,False
19:40:10,Baseline,Heuristic,0.1,1.01,0.296,0.023,0.0,,False,False
19:40:10,Baseline,DL_quant,2.31,402.89,,,,0.996,True,False
19:40:10,Baseline,DL_float,201.5,402.89,,,,0.0,False,False
19:40:10,Baseline,Heuristic,0.1,1.01,0.296,0.024,0.0,,False,False
19:40:10,Baseline,DL_quant,2.35,405.03,,,,0.746,False,False
19:40:10,Baseline,DL_float,209.35,405.03,,,,0.0,False,False
19:40:10,Baseline,Heuristic,0.1,1.01,0.296,0.025,0.0,,False,False
19:40:10,Baseline,DL_quant,2.36,403.6,,,,0.992,True,False
19:40:10,Baseline,DL_float,198.18,403.6,,,,0.0,False,False
19:40:10,Baseline,Heuristic,0.1,1.01,0.296,0.026,0.0,,False,False
19:40:10,Baseline,DL_quant,2.23,404.23,,,,0.996,True,False
19:40:10,Baseline,DL_float,198.15,404.23,,,,0.0,False,False
19:40:11,Baseline,Heuristic,0.1,1.01,0.296,0.027,0.0,,False,False
19:40:11,Baseline,DL_quant,2.27,404.13,,,,0.539,False,False
19:40:11,Baseline,DL_float,217.9,404.13,,,,0.0,False,False
19:40:11,Baseline,Heuristic,0.1,1.27,0.296,0.028,0.0,,False,False
19:40:11,Baseline,DL_quant,2.37,399.08,,,,0.996,True,False
19:40:11,Baseline,DL_float,201.45,399.08,,,,0.005,False,False
19:40:11,Baseline,Heuristic,0.12,1.01,0.296,0.029,0.0,,False,False
19:40:11,Baseline,DL_quant,2.46,400.4,,,,0.102,False,False
19:40:11,Baseline,DL_float,196.64,400.4,,,,0.0,False,False
19:40:11,Baseline,Heuristic,0.1,1.01,0.296,0.029,0.0,,False,False
19:40:11,Baseline,DL_quant,2.35,402.35,,,,0.0,False,False
19:40:11,Baseline,DL_float,200.36,402.35,,,,0.0,False,False
19:40:12,Baseline,Heuristic,0.1,1.01,0.296,0.03,0.0,,False,False
19:40:12,Baseline,DL_quant,2.27,400.4,,,,0.715,False,False
19:40:12,Baseline,DL_float,210.88,400.4,,,,0.0,False,False
19:40:12,Baseline,Heuristic,0.1,1.01,0.296,0.03,0.0,,False,False
19:40:12,Baseline,DL_quant,2.32,400.4,,,,0.969,True,False
19:40:12,Baseline,DL_float,219.04,400.4,,,,0.0,False,False
19:40:12,Baseline,Heuristic,0.1,1.01,0.296,0.031,0.0,,False,False
19:40:12,Baseline,DL_quant,2.25,404.94,,,,0.996,True,False
19:40:12,Baseline,DL_float,207.57,404.94,,,,0.0,False,False
19:40:12,Baseline,Heuristic,0.13,1.01,0.296,0.031,0.0,,False,False
19:40:12,Baseline,DL_quant,2.93,403.06,,,,0.969,True,False
19:40:12,Baseline,DL_float,208.2,403.06,,,,0.0,False,False
19:40:13,Baseline,Heuristic,0.1,1.01,0.296,0.032,0.0,,False,False
19:40:13,Baseline,DL_quant,2.48,404.4,,,,0.996,True,False
19:40:13,Baseline,DL_float,202.39,404.4,,,,0.0,False,False
19:40:13,Baseline,Heuristic,0.1,1.01,0.296,0.032,0.0,,False,False
19:40:13,Baseline,DL_quant,2.34,405.03,,,,0.98,True,False
19:40:13,Baseline,DL_float,196.6,405.03,,,,0.0,False,False
19:40:13,Baseline,Heuristic,0.1,1.01,0.297,0.032,0.0,,False,False
19:40:13,Baseline,DL_quant,2.27,405.03,,,,0.996,True,False
19:40:13,Baseline,DL_float,198.38,405.03,,,,0.0,False,False
19:40:13,Baseline,Heuristic,0.12,1.01,0.297,0.032,0.0,,False,False
19:40:13,Baseline,DL_quant,2.41,404.4,,,,0.91,True,False
19:40:13,Baseline,DL_float,200.15,404.4,,,,0.0,False,False
19:40:14,Baseline,Heuristic,0.1,1.01,0.297,0.032,0.0,,False,False
19:40:14,Baseline,DL_quant,2.47,404.4,,,,0.996,True,False
19:40:14,Baseline,DL_float,206.06,404.4,,,,0.0,False,False
19:40:14,Baseline,Heuristic,0.1,1.01,0.297,0.032,0.0,,False,False
19:40:14,Baseline,DL_quant,2.36,404.4,,,,0.996,True,False
19:40:14,Baseline,DL_float,197.6,404.4,,,,0.0,False,False
19:40:14,Baseline,Heuristic,0.1,1.01,0.298,0.032,0.0,,False,False
19:40:14,Baseline,DL_quant,2.3,405.03,,,,0.996,True,False
19:40:14,Baseline,DL_float,200.01,405.03,,,,0.0,False,False
19:40:14,Baseline,Heuristic,0.1,1.01,0.298,0.032,0.0,,False,False
19:40:14,Baseline,DL_quant,2.45,402.44,,,,0.996,True,False
19:40:14,Baseline,DL_float,203.81,402.44,,,,0.0,False,False
19:40:15,Baseline,Heuristic,0.1,1.01,0.298,0.032,0.0,,False,False
19:40:15,Baseline,DL_quant,2.33,402.17,,,,0.801,True,False
19:40:15,Baseline,DL_float,211.84,402.17,,,,0.001,False,False
19:40:15,Baseline,Heuristic,0.1,1.01,0.298,0.032,0.0,,False,False
19:40:15,Baseline,DL_quant,2.25,401.64,,,,0.0,False,False
19:40:15,Baseline,DL_float,200.62,401.64,,,,0.004,False,False
19:40:15,Baseline,Heuristic,0.1,1.01,0.298,0.032,0.0,,False,False
19:40:15,Baseline,DL_quant,2.31,402.27,,,,0.996,True,False
19:40:15,Baseline,DL_float,208.58,402.27,,,,0.761,False,False
19:40:15,Baseline,Heuristic,0.12,1.01,0.298,0.032,0.0,,False,False
19:40:15,Baseline,DL_quant,2.4,405.76,,,,0.0,False,False
19:40:15,Baseline,DL_float,201.42,405.76,,,,0.23,False,False
19:40:15,Baseline,Heuristic,0.09,1.01,0.298,0.031,0.0,,False,False
19:40:15,Baseline,DL_quant,2.21,403.8,,,,0.0,False,False
19:40:15,Baseline,DL_float,215.77,403.8,,,,0.0,False,False
19:40:16,Baseline,Heuristic,0.1,1.01,0.299,0.031,0.0,,False,False
19:40:16,Baseline,DL_quant,2.53,401.86,,,,0.0,False,False
19:40:16,Baseline,DL_float,217.65,401.86,,,,0.873,True,False
19:40:16,Baseline,Heuristic,0.15,1.01,0.299,0.031,0.0,,False,False
19:40:16,Baseline,DL_quant,2.62,402.35,,,,0.227,False,False
19:40:16,Baseline,DL_float,207.02,402.35,,,,0.0,False,False
19:40:16,Baseline,Heuristic,0.1,1.01,0.299,0.031,0.0,,False,False
19:40:16,Baseline,DL_quant,2.41,408.08,,,,0.0,False,False
19:40:16,Baseline,DL_float,221.4,408.08,,,,0.0,False,False
19:40:16,Baseline,Heuristic,0.1,1.01,0.299,0.031,0.0,,False,False
19:40:16,Baseline,DL_quant,2.3,401.02,,,,0.996,True,False
19:40:16,Baseline,DL_float,198.65,401.02,,,,0.0,False,False
19:40:17,Baseline,Heuristic,0.11,1.01,0.299,0.03,0.0,,False,False
19:40:17,Baseline,DL_quant,2.27,403.85,,,,0.996,True,False
19:40:17,Baseline,DL_float,202.75,403.85,,,,0.0,False,False
19:40:17,Baseline,Heuristic,0.1,1.01,0.299,0.03,0.0,,False,False
19:40:17,Baseline,DL_quant,2.36,405.26,,,,0.0,False,False
19:40:17,Baseline,DL_float,205.35,405.26,,,,0.0,False,False
19:40:17,Baseline,Heuristic,0.1,1.01,0.299,0.03,0.0,,False,False
19:40:17,Baseline,DL_quant,2.43,405.19,,,,0.961,True,False
19:40:17,Baseline,DL_float,217.17,405.19,,,,0.0,False,False
19:40:17,Baseline,Heuristic,0.1,1.01,0.299,0.03,0.0,,False,False
19:40:17,Baseline,DL_quant,2.57,403.06,,,,0.715,False,False
19:40:17,Baseline,DL_float,202.54,403.06,,,,0.015,False,False
19:40:18,Baseline,Heuristic,0.1,1.01,0.298,0.03,0.0,,False,False
19:40:18,Baseline,DL_quant,2.54,403.77,,,,0.684,False,False
19:40:18,Baseline,DL_float,199.34,403.77,,,,0.001,False,False
19:40:18,Baseline,Heuristic,0.1,1.01,0.298,0.029,0.0,,False,False
19:40:18,Baseline,DL_quant,2.28,403.69,,,,0.051,False,False
19:40:18,Baseline,DL_float,199.35,403.69,,,,0.0,False,False
19:40:18,Baseline,Heuristic,0.15,1.01,0.297,0.029,0.0,,False,False
19:40:18,Baseline,DL_quant,2.96,403.85,,,,0.91,True,False
19:40:18,Baseline,DL_float,198.95,403.85,,,,0.0,False,False
19:40:18,Baseline,Heuristic,0.12,1.01,0.297,0.029,0.0,,False,False
19:40:18,Baseline,DL_quant,2.53,403.85,,,,0.0,False,False
19:40:18,Baseline,DL_float,208.65,403.85,,,,0.0,False,False
19:40:19,Baseline,Heuristic,0.09,1.01,0.297,0.029,0.0,,False,False
19:40:19,Baseline,DL_quant,2.34,405.11,,,,0.051,False,False
19:40:19,Baseline,DL_float,202.03,405.11,,,,0.0,False,False
19:40:19,Baseline,Heuristic,0.18,1.01,0.297,0.028,0.0,,False,False
19:40:19,Baseline,DL_quant,2.81,405.83,,,,0.996,True,False
19:40:19,Baseline,DL_float,205.52,405.83,,,,0.0,False,False
19:40:19,Baseline,Heuristic,0.1,1.01,0.296,0.028,0.0,,False,False
19:40:19,Baseline,DL_quant,2.4,406.54,,,,0.996,True,False
19:40:19,Baseline,DL_float,211.91,406.54,,,,0.0,False,False
19:40:19,Baseline,Heuristic,0.11,1.01,0.296,0.028,0.0,,False,False
19:40:19,Baseline,DL_quant,2.41,405.83,,,,0.922,True,False
19:40:19,Baseline,DL_float,209.97,405.83,,,,0.0,False,False
19:40:20,Baseline,Heuristic,0.14,1.01,0.296,0.028,0.0,,False,False
19:40:20,Baseline,DL_quant,2.83,406.54,,,,0.156,False,False
19:40:20,Baseline,DL_float,197.51,406.54,,,,0.0,False,False
19:40:20,Baseline,Heuristic,0.1,1.01,0.296,0.027,0.0,,False,False
19:40:20,Baseline,DL_quant,2.28,407.18,,,,0.012,False,False
19:40:20,Baseline,DL_float,196.93,407.18,,,,0.0,False,False
19:40:20,Baseline,Heuristic,0.1,1.01,0.296,0.027,0.0,,False,False
19:40:20,Baseline,DL_quant,2.27,406.54,,,,0.801,True,False
19:40:20,Baseline,DL_float,199.75,406.54,,,,0.0,False,False
19:40:20,Baseline,Heuristic,0.11,1.01,0.297,0.027,0.0,,False,False
19:40:20,Baseline,DL_quant,2.3,405.9,,,,0.539,False,False
19:40:20,Baseline,DL_float,200.93,405.9,,,,0.0,False,False
19:40:20,Baseline,Heuristic,0.09,1.01,0.297,0.026,0.0,,False,False
19:40:20,Baseline,DL_quant,2.45,405.83,,,,0.824,True,False
19:40:20,Baseline,DL_float,206.82,405.83,,,,0.0,False,False
19:40:21,Baseline,Heuristic,0.1,1.01,0.297,0.026,0.0,,False,False
19:40:21,Baseline,DL_quant,2.35,406.46,,,,0.578,False,False
19:40:21,Baseline,DL_float,205.19,406.46,,,,0.0,False,False
19:40:21,Baseline,Heuristic,0.1,1.01,0.297,0.026,0.0,,False,False
19:40:21,Baseline,DL_quant,2.35,406.54,,,,0.0,False,False
19:40:21,Baseline,DL_float,199.19,406.54,,,,0.0,False,False
19:40:21,Baseline,Heuristic,0.1,1.01,0.297,0.026,0.0,,False,False
19:40:21,Baseline,DL_quant,2.45,404.48,,,,0.988,True,False
19:40:21,Baseline,DL_float,199.34,404.48,,,,0.0,False,False
19:40:21,Baseline,Heuristic,0.1,1.01,0.297,0.025,0.0,,False,False
19:40:21,Baseline,DL_quant,2.49,404.4,,,,0.648,False,False
19:40:21,Baseline,DL_float,215.36,404.4,,,,0.0,False,False
19:40:22,Baseline,Heuristic,0.1,1.01,0.298,0.025,0.0,,False,False
19:40:22,Baseline,DL_quant,2.4,406.54,,,,0.996,True,False
19:40:22,Baseline,DL_float,204.47,406.54,,,,0.032,False,False
19:40:22,Baseline,Heuristic,0.1,1.01,0.298,0.025,0.0,,False,False
19:40:22,Baseline,DL_quant,2.28,406.54,,,,0.996,True,False
19:40:22,Baseline,DL_float,204.6,406.54,,,,0.0,False,False
19:40:22,Baseline,Heuristic,0.1,1.01,0.298,0.025,0.0,,False,False
19:40:22,Baseline,DL_quant,2.47,405.83,,,,0.996,True,False
19:40:22,Baseline,DL_float,203.0,405.83,,,,0.0,False,False
19:40:22,Baseline,Heuristic,0.11,1.01,0.298,0.025,0.0,,False,False
19:40:22,Baseline,DL_quant,2.29,407.18,,,,0.746,False,False
19:40:22,Baseline,DL_float,201.48,407.18,,,,0.001,False,False
19:40:23,Baseline,Heuristic,0.1,1.01,0.299,0.024,0.0,,False,False
19:40:23,Baseline,DL_quant,2.37,407.18,,,,0.09,False,False
19:40:23,Baseline,DL_float,205.17,407.18,,,,0.0,False,False
19:40:23,Baseline,Heuristic,0.1,1.01,0.299,0.024,0.0,,False,False
19:40:23,Baseline,DL_quant,2.27,407.81,,,,0.996,True,False
19:40:23,Baseline,DL_float,204.4,407.81,,,,0.0,False,False
19:40:23,Baseline,Heuristic,0.1,1.01,0.299,0.024,0.0,,False,False
19:40:23,Baseline,DL_quant,2.4,406.54,,,,0.996,True,False
19:40:23,Baseline,DL_float,197.4,406.54,,,,0.0,False,False
19:40:23,Baseline,Heuristic,0.1,1.01,0.299,0.024,0.0,,False,False
19:40:23,Baseline,DL_quant,2.77,407.89,,,,0.0,False,False
19:40:23,Baseline,DL_float,197.89,407.89,,,,0.0,False,False
19:40:24,Baseline,Heuristic,0.1,1.01,0.299,0.023,0.0,,False,False
19:40:24,Baseline,DL_quant,2.28,407.18,,,,0.0,False,False
19:40:24,Baseline,DL_float,209.72,407.18,,,,0.0,False,False
19:40:24,Baseline,Heuristic,0.11,1.01,0.299,0.023,0.0,,False,False
19:40:24,Baseline,DL_quant,2.53,407.81,,,,0.648,False,False
19:40:24,Baseline,DL_float,203.45,407.81,,,,0.0,False,False
19:40:24,Baseline,Heuristic,0.1,1.01,0.299,0.023,0.0,,False,False
19:40:24,Baseline,DL_quant,2.22,407.81,,,,0.773,False,False
19:40:24,Baseline,DL_float,198.5,407.81,,,,0.0,False,False
19:40:24,Baseline,Heuristic,0.1,1.01,0.299,0.023,0.0,,False,False
19:40:24,Baseline,DL_quant,2.26,408.53,,,,0.0,False,False
19:40:24,Baseline,DL_float,199.44,408.53,,,,0.0,False,False
19:40:24,Baseline,Heuristic,0.1,1.01,0.299,0.023,0.0,,False,False
19:40:24,Baseline,DL_quant,2.31,408.53,,,,0.043,False,False
19:40:24,Baseline,DL_float,206.29,408.53,,,,0.0,False,False
19:40:25,Baseline,Heuristic,0.1,1.01,0.3,0.022,0.0,,False,False
19:40:25,Baseline,DL_quant,2.32,408.53,,,,0.285,False,False
19:40:25,Baseline,DL_float,201.35,408.53,,,,0.0,False,False
19:40:25,Baseline,Heuristic,0.1,1.01,0.3,0.022,0.0,,False,False
19:40:25,Baseline,DL_quant,2.43,407.18,,,,0.043,False,False
19:40:25,Baseline,DL_float,202.44,407.18,,,,0.0,False,False
19:40:25,Baseline,Heuristic,0.1,1.01,0.3,0.022,0.0,,False,False
19:40:25,Baseline,DL_quant,2.26,407.25,,,,0.684,False,False
19:40:25,Baseline,DL_float,201.95,407.25,,,,0.0,False,False
19:40:25,Baseline,Heuristic,0.1,1.01,0.3,0.022,0.0,,False,False
19:40:25,Baseline,DL_quant,2.29,409.89,,,,0.961,True,False
19:40:25,Baseline,DL_float,204.38,409.89,,,,0.011,False,False
19:40:26,Baseline,Heuristic,0.1,1.01,0.3,0.022,0.0,,False,False
19:40:26,Baseline,DL_quant,2.64,407.18,,,,0.117,False,False
19:40:26,Baseline,DL_float,203.65,407.18,,,,0.0,False,False
19:40:26,Baseline,Heuristic,0.1,1.01,0.3,0.021,0.0,,False,False
19:40:26,Baseline,DL_quant,2.4,407.18,,,,0.117,False,False
19:40:26,Baseline,DL_float,214.37,407.18,,,,0.0,False,False
19:40:26,Baseline,Heuristic,0.1,1.27,0.3,0.021,0.0,,False,False
19:40:26,Baseline,DL_quant,2.36,407.81,,,,0.996,True,False
19:40:26,Baseline,DL_float,202.11,407.81,,,,0.0,False,False
19:40:26,Baseline,Heuristic,0.14,1.01,0.3,0.021,0.0,,False,False
19:40:26,Baseline,DL_quant,2.38,407.89,,,,0.996,True,False
19:40:26,Baseline,DL_float,200.57,407.89,,,,0.0,False,False
19:40:27,Baseline,Heuristic,0.1,1.01,0.301,0.021,0.0,,False,False
19:40:27,Baseline,DL_quant,2.22,407.18,,,,0.91,True,False
19:40:27,Baseline,DL_float,212.85,407.18,,,,0.0,False,False
19:40:27,Baseline,Heuristic,0.1,1.01,0.301,0.021,0.0,,False,False
19:40:27,Baseline,DL_quant,2.33,409.17,,,,0.176,False,False
19:40:27,Baseline,DL_float,208.48,409.17,,,,0.0,False,False
19:40:27,Baseline,Heuristic,0.11,1.01,0.301,0.02,0.0,,False,False
19:40:27,Baseline,DL_quant,2.39,409.09,,,,0.992,True,False
19:40:27,Baseline,DL_float,200.99,409.09,,,,0.0,False,False
19:40:27,Baseline,Heuristic,0.1,1.01,0.301,0.02,0.0,,False,False
19:40:27,Baseline,DL_quant,2.47,409.82,,,,0.996,True,False
19:40:27,Baseline,DL_float,208.12,409.82,,,,0.0,False,False
19:40:28,Baseline,Heuristic,0.1,1.01,0.301,0.02,0.0,,False,False
19:40:28,Baseline,DL_quant,2.31,407.64,,,,0.969,True,False
19:40:28,Baseline,DL_float,204.65,407.64,,,,0.0,False,False
19:40:28,Baseline,Heuristic,0.1,1.01,0.3,0.02,0.0,,False,False
19:40:28,Baseline,DL_quant,2.39,411.26,,,,0.0,False,False
19:40:28,Baseline,DL_float,206.97,411.26,,,,0.0,False,False
19:40:28,Baseline,Heuristic,0.1,1.01,0.3,0.02,0.0,,False,False
19:40:28,Baseline,DL_quant,2.24,409.17,,,,0.0,False,False
19:40:28,Baseline,DL_float,201.18,409.17,,,,0.0,False,False
19:40:28,Baseline,Heuristic,0.1,1.01,0.3,0.02,0.0,,False,False
19:40:28,Baseline,DL_quant,2.42,409.82,,,,0.008,False,False
19:40:28,Baseline,DL_float,206.38,409.82,,,,0.0,False,False
19:40:28,Baseline,Heuristic,0.09,1.01,0.3,0.02,0.0,,False,False
19:40:28,Baseline,DL_quant,2.36,408.37,,,,0.996,True,False
19:40:28,Baseline,DL_float,200.19,408.37,,,,0.0,False,False
19:40:29,Baseline,Heuristic,0.1,1.01,0.3,0.02,0.0,,False,False
19:40:29,Baseline,DL_quant,2.39,408.45,,,,0.996,True,False
19:40:29,Baseline,DL_float,206.9,408.45,,,,0.0,False,False
19:40:29,Baseline,Heuristic,0.1,1.01,0.3,0.02,0.0,,False,False
19:40:29,Baseline,DL_quant,2.27,408.37,,,,0.863,True,False
19:40:29,Baseline,DL_float,196.04,408.37,,,,0.0,False,False
19:40:29,Baseline,Heuristic,0.1,1.01,0.299,0.02,0.0,,False,False
19:40:29,Baseline,DL_quant,2.35,410.37,,,,0.996,True,False
19:40:29,Baseline,DL_float,204.9,410.37,,,,0.096,False,False
19:40:29,Baseline,Heuristic,0.1,1.01,0.299,0.019,0.0,,False,False
19:40:29,Baseline,DL_quant,2.36,409.73,,,,0.996,True,False
19:40:29,Baseline,DL_float,202.09,409.73,,,,0.032,False,False
19:40:30,Baseline,Heuristic,0.09,1.01,0.299,0.019,0.0,,False,False
19:40:30,Baseline,DL_quant,2.23,407.64,,,,0.996,True,False
19:40:30,Baseline,DL_float,207.25,407.64,,,,0.013,False,False
19:40:30,Baseline,Heuristic,0.1,1.01,0.299,0.019,0.0,,False,False
19:40:30,Baseline,DL_quant,2.54,409.73,,,,0.996,True,False
19:40:30,Baseline,DL_float,198.63,409.73,,,,0.008,False,False
19:40:30,Baseline,Heuristic,0.11,1.01,0.299,0.019,0.0,,False,False
19:40:30,Baseline,DL_quant,3.04,410.46,,,,0.996,True,False
19:40:30,Baseline,DL_float,217.97,410.46,,,,0.0,False,False
19:40:30,Baseline,Heuristic,0.1,1.01,0.299,0.019,0.0,,False,False
19:40:30,Baseline,DL_quant,2.5,410.46,,,,0.004,False,False
19:40:30,Baseline,DL_float,224.06,410.46,,,,0.0,False,False
19:40:31,Baseline,Heuristic,0.11,1.01,0.298,0.019,0.0,,False,False
19:40:31,Baseline,DL_quant,2.53,409.82,,,,0.008,False,False
19:40:31,Baseline,DL_float,208.98,409.82,,,,0.0,False,False
19:40:31,Baseline,Heuristic,0.1,1.01,0.298,0.019,0.0,,False,False
19:40:31,Baseline,DL_quant,2.3,409.89,,,,0.746,False,False
19:40:31,Baseline,DL_float,203.64,409.89,,,,0.027,False,False
19:40:31,Baseline,Heuristic,0.1,1.01,0.298,0.018,0.0,,False,False
19:40:31,Baseline,DL_quant,2.27,411.26,,,,0.117,False,False
19:40:31,Baseline,DL_float,206.73,411.26,,,,0.0,False,False
19:40:31,Baseline,Heuristic,0.1,1.01,0.298,0.018,0.0,,False,False
19:40:31,Baseline,DL_quant,2.34,410.54,,,,0.0,False,False
19:40:31,Baseline,DL_float,197.57,410.54,,,,0.0,False,False
19:40:32,Baseline,Heuristic,0.1,1.01,0.297,0.018,0.0,,False,False
19:40:32,Baseline,DL_quant,2.28,412.56,,,,0.0,False,False
19:40:32,Baseline,DL_float,201.13,412.56,,,,0.0,False,False
19:40:32,Baseline,Heuristic,0.1,1.01,0.297,0.018,0.0,,False,False
19:40:32,Baseline,DL_quant,2.38,411.18,,,,0.844,True,False
19:40:32,Baseline,DL_float,214.83,411.18,,,,0.001,False,False
19:40:32,Baseline,Heuristic,0.11,1.01,0.297,0.018,0.0,,False,False
19:40:32,Baseline,DL_quant,3.26,409.82,,,,0.0,False,False
19:40:32,Baseline,DL_float,224.72,409.82,,,,0.0,False,False
19:40:32,Baseline,Heuristic,0.1,1.01,0.296,0.018,0.0,,False,False
19:40:32,Baseline,DL_quant,2.28,409.09,,,,0.0,False,False
19:40:32,Baseline,DL_float,202.93,409.09,,,,0.0,False,False
19:40:33,Baseline,Heuristic,0.1,1.01,0.296,0.018,0.0,,False,False
19:40:33,Baseline,DL_quant,2.31,410.54,,,,0.801,True,False
19:40:33,Baseline,DL_float,198.22,410.54,,,,0.001,False,False
19:40:33,Baseline,Heuristic,0.1,1.01,0.296,0.017,0.0,,False,False
19:40:33,Baseline,DL_quant,2.35,409.82,,,,0.824,True,False
19:40:33,Baseline,DL_float,212.32,409.82,,,,0.0,False,False
19:40:33,Baseline,Heuristic,0.1,1.01,0.296,0.017,0.0,,False,False
19:40:33,Baseline,DL_quant,2.27,411.1,,,,0.0,False,False
19:40:33,Baseline,DL_float,201.9,411.1,,,,0.0,False,False
19:40:33,Baseline,Heuristic,0.11,1.01,0.296,0.017,0.0,,False,False
19:40:33,Baseline,DL_quant,2.36,416.12,,,,0.898,True,False
19:40:33,Baseline,DL_float,211.55,416.12,,,,0.0,False,False
19:40:33,Baseline,Heuristic,0.1,1.01,0.296,0.017,0.0,,False,False
19:40:33,Baseline,DL_quant,2.91,418.16,,,,0.176,False,False
19:40:33,Baseline,DL_float,199.27,418.16,,,,0.0,False,False
19:40:34,Baseline,Heuristic,0.11,1.01,0.296,0.017,0.0,,False,False
19:40:34,Baseline,DL_quant,2.35,416.76,,,,0.941,True,False
19:40:34,Baseline,DL_float,203.37,416.76,,,,0.0,False,False
19:40:34,Baseline,Heuristic,0.1,1.01,0.296,0.016,0.0,,False,False
19:40:34,Baseline,DL_quant,2.25,411.65,,,,0.863,True,False
19:40:34,Baseline,DL_float,206.31,411.65,,,,0.012,False,False
19:40:34,Baseline,Heuristic,0.1,1.01,0.296,0.016,0.0,,False,False
19:40:34,Baseline,DL_quant,2.35,411.74,,,,0.996,True,False
19:40:34,Baseline,DL_float,202.1,411.74,,,,0.001,False,False
19:40:34,Baseline,Heuristic,0.1,1.01,0.297,0.016,0.0,,False,False
19:40:34,Baseline,DL_quant,2.93,411.83,,,,0.996,True,False
19:40:34,Baseline,DL_float,197.94,411.83,,,,0.003,False,False
19:40:35,Baseline,Heuristic,0.12,1.01,0.297,0.016,0.0,,False,False
19:40:35,Baseline,DL_quant,2.7,411.18,,,,0.996,True,False
19:40:35,Baseline,DL_float,201.74,411.18,,,,0.0,False,False
19:40:35,Baseline,Heuristic,0.1,1.01,0.297,0.016,0.0,,False,False
19:40:35,Baseline,DL_quant,2.37,410.46,,,,0.422,False,False
19:40:35,Baseline,DL_float,215.81,410.46,,,,0.0,False,False
19:40:35,Baseline,Heuristic,0.13,1.01,0.297,0.016,0.0,,False,False
19:40:35,Baseline,DL_quant,2.89,411.1,,,,0.996,True,False
19:40:35,Baseline,DL_float,199.57,411.1,,,,0.0,False,False
19:40:35,Baseline,Heuristic,0.1,1.01,0.297,0.016,0.0,,False,False
19:40:35,Baseline,DL_quant,2.36,412.47,,,,0.996,True,False
19:40:35,Baseline,DL_float,201.4,412.47,,,,0.079,False,False
19:40:36,Baseline,Heuristic,0.1,1.01,0.297,0.015,0.0,,False,False
19:40:36,Baseline,DL_quant,2.27,410.28,,,,0.996,True,False
19:40:36,Baseline,DL_float,199.44,410.28,,,,0.005,False,False
19:40:36,Baseline,Heuristic,0.1,1.01,0.297,0.015,0.0,,False,False
19:40:36,Baseline,DL_quant,2.38,412.56,,,,0.996,True,False
19:40:36,Baseline,DL_float,199.64,412.56,,,,0.0,False,False
19:40:36,Baseline,Heuristic,0.1,1.01,0.297,0.015,0.0,,False,False
19:40:36,Baseline,DL_quant,2.26,411.01,,,,0.996,True,False
19:40:36,Baseline,DL_float,203.48,411.01,,,,0.0,False,False
19:40:36,Baseline,Heuristic,0.1,1.01,0.297,0.015,0.0,,False,False
19:40:36,Baseline,DL_quant,2.43,411.74,,,,0.996,True,False
19:40:36,Baseline,DL_float,197.57,411.74,,,,0.054,False,False
19:40:37,Baseline,Heuristic,0.1,1.01,0.297,0.015,0.0,,False,False
19:40:37,Baseline,DL_quant,2.27,411.1,,,,0.977,True,False
19:40:37,Baseline,DL_float,199.0,411.1,,,,0.001,False,False
19:40:37,Baseline,Heuristic,0.1,1.01,0.297,0.015,0.0,,False,False
19:40:37,Baseline,DL_quant,2.33,410.18,,,,0.02,False,False
19:40:37,Baseline,DL_float,203.08,410.18,,,,0.013,False,False
19:40:37,Baseline,Heuristic,0.1,1.01,0.297,0.015,0.0,,False,False
19:40:37,Baseline,DL_quant,2.67,412.82,,,,0.031,False,False
19:40:37,Baseline,DL_float,205.5,412.82,,,,0.0,False,False
19:40:37,Baseline,Heuristic,0.1,1.01,0.297,0.014,0.0,,False,False
19:40:37,Baseline,DL_quant,2.3,412.29,,,,0.004,False,False
19:40:37,Baseline,DL_float,211.84,412.29,,,,0.0,False,False
19:40:37,Baseline,Heuristic,0.1,1.01,0.297,0.014,0.0,,False,False
19:40:37,Baseline,DL_quant,2.41,411.01,,,,0.996,True,False
19:40:37,Baseline,DL_float,197.88,411.01,,,,0.163,False,False
19:40:38,Baseline,Heuristic,0.1,1.01,0.297,0.014,0.0,,False,False
19:40:38,Baseline,DL_quant,2.21,410.37,,,,0.992,True,False
19:40:38,Baseline,DL_float,202.5,410.37,,,,0.0,False,False
19:40:38,Baseline,Heuristic,0.12,1.01,0.297,0.014,0.0,,False,False
19:40:38,Baseline,DL_quant,2.34,411.83,,,,0.996,True,False
19:40:38,Baseline,DL_float,199.35,411.83,,,,0.0,False,False
19:40:38,Baseline,Heuristic,0.1,1.01,0.297,0.014,0.0,,False,False
19:40:38,Baseline,DL_quant,2.37,413.12,,,,0.844,True,False
19:40:38,Baseline,DL_float,213.44,413.12,,,,0.0,False,False
19:40:38,Baseline,Heuristic,0.1,1.01,0.297,0.014,0.0,,False,False
19:40:38,Baseline,DL_quant,3.11,412.47,,,,0.992,True,False
19:40:38,Baseline,DL_float,205.47,412.47,,,,0.0,False,False
19:40:39,Baseline,Heuristic,0.1,1.01,0.297,0.014,0.0,,False,False
19:40:39,Baseline,DL_quant,2.23,413.85,,,,0.996,True,False
19:40:39,Baseline,DL_float,202.96,413.85,,,,0.0,False,False
19:40:39,Baseline,Heuristic,0.1,1.01,0.297,0.013,0.0,,False,False
19:40:39,Baseline,DL_quant,2.28,412.47,,,,0.883,True,False
19:40:39,Baseline,DL_float,207.24,412.47,,,,0.0,False,False
19:40:39,Baseline,Heuristic,0.1,1.01,0.297,0.013,0.0,,False,False
19:40:39,Baseline,DL_quant,2.29,412.56,,,,0.996,True,False
19:40:39,Baseline,DL_float,196.89,412.56,,,,0.194,False,False
19:40:39,Baseline,Heuristic,0.09,1.01,0.297,0.013,0.0,,False,False
19:40:39,Baseline,DL_quant,2.26,409.82,,,,0.98,True,False
19:40:39,Baseline,DL_float,200.04,409.82,,,,0.0,False,False
19:40:40,Baseline,Heuristic,0.1,1.01,0.297,0.013,0.0,,False,False
19:40:40,Baseline,DL_quant,2.71,410.54,,,,0.996,True,False
19:40:40,Baseline,DL_float,217.93,410.54,,,,0.0,False,False
19:40:40,Baseline,Heuristic,0.1,1.01,0.297,0.013,0.0,,False,False
19:40:40,Baseline,DL_quant,2.23,410.54,,,,0.578,False,False
19:40:40,Baseline,DL_float,198.76,410.54,,,,0.029,False,False
19:40:40,Baseline,Heuristic,0.1,1.01,0.298,0.013,0.0,,False,False
19:40:40,Baseline,DL_quant,2.33,411.26,,,,0.996,True,False
19:40:40,Baseline,DL_float,203.06,411.26,,,,0.008,False,False
19:40:40,Baseline,Heuristic,0.1,1.01,0.298,0.013,0.0,,False,False
19:40:40,Baseline,DL_quant,2.41,410.54,,,,0.996,True,False
19:40:40,Baseline,DL_float,201.76,410.54,,,,0.0,False,False
19:40:41,Baseline,Heuristic,0.11,1.01,0.298,0.013,0.0,,False,False
19:40:41,Baseline,DL_quant,2.36,407.81,,,,0.996,True,False
19:40:41,Baseline,DL_float,199.51,407.81,,,,1.0,True,False
19:40:41,Baseline,Heuristic,0.1,1.01,0.298,0.013,0.0,,False,False
19:40:41,Baseline,DL_quant,2.26,405.75,,,,0.996,True,False
19:40:41,Baseline,DL_float,199.65,405.75,,,,0.001,False,False
19:40:41,Baseline,Heuristic,0.1,1.01,0.298,0.012,0.0,,False,False
19:40:41,Baseline,DL_quant,2.24,405.11,,,,0.996,True,False
19:40:41,Baseline,DL_float,205.01,405.11,,,,0.145,False,False
19:40:41,Baseline,Heuristic,0.13,1.27,0.299,0.012,0.0,,False,False
19:40:41,Baseline,DL_quant,2.4,404.48,,,,0.996,True,False
19:40:41,Baseline,DL_float,196.63,404.48,,,,0.0,False,False
19:40:41,Baseline,Heuristic,0.1,1.01,0.299,0.012,0.0,,False,False
19:40:41,Baseline,DL_quant,2.31,407.1,,,,0.996,True,False
19:40:41,Baseline,DL_float,197.57,407.1,,,,0.004,False,False
19:40:42,Baseline,Heuristic,0.11,1.01,0.299,0.012,0.0,,False,False
19:40:42,Baseline,DL_quant,2.31,407.1,,,,0.996,True,False
19:40:42,Baseline,DL_float,202.41,407.1,,,,0.0,False,False
19:40:42,Baseline,Heuristic,0.17,1.01,0.299,0.012,0.0,,False,False
19:40:42,Baseline,DL_quant,2.82,407.73,,,,0.996,True,False
19:40:42,Baseline,DL_float,215.2,407.73,,,,0.0,False,False
19:40:42,Baseline,Heuristic,0.2,1.01,0.299,0.012,0.0,,False,False
19:40:42,Baseline,DL_quant,2.43,407.64,,,,0.996,True,False
19:40:42,Baseline,DL_float,206.65,407.64,,,,0.0,False,False
19:40:42,Baseline,Heuristic,0.1,1.01,0.3,0.012,0.0,,False,False
19:40:42,Baseline,DL_quant,2.46,407.64,,,,0.996,True,False
19:40:42,Baseline,DL_float,204.25,407.64,,,,0.0,False,False
19:40:43,Baseline,Heuristic,0.1,1.01,0.3,0.012,0.0,,False,False
19:40:43,Baseline,DL_quant,2.59,405.75,,,,0.996,True,False
19:40:43,Baseline,DL_float,200.12,405.75,,,,0.0,False,False
19:40:43,Baseline,Heuristic,0.1,1.01,0.3,0.012,0.0,,False,False
19:40:43,Baseline,DL_quant,2.24,405.19,,,,0.996,True,False
19:40:43,Baseline,DL_float,199.39,405.19,,,,0.012,False,False
19:40:43,Baseline,Heuristic,0.1,1.01,0.3,0.012,0.0,,False,False
19:40:43,Baseline,DL_quant,2.43,411.91,,,,0.996,True,False
19:40:43,Baseline,DL_float,207.34,411.91,,,,0.0,False,False
19:40:43,Baseline,Heuristic,0.1,1.01,0.3,0.012,0.0,,False,False
19:40:43,Baseline,DL_quant,2.37,422.16,,,,0.883,True,False
19:40:43,Baseline,DL_float,211.51,422.16,,,,0.0,False,False
19:40:44,Baseline,Heuristic,0.11,1.01,0.3,0.012,0.0,,False,False
19:40:44,Baseline,DL_quant,2.26,431.93,,,,0.0,False,False
19:40:44,Baseline,DL_float,199.42,431.93,,,,0.007,False,False
19:40:44,Baseline,Heuristic,0.11,1.01,0.3,0.011,0.0,,False,False
19:40:44,Baseline,DL_quant,2.24,434.86,,,,0.387,False,False
19:40:44,Baseline,DL_float,199.72,434.86,,,,0.191,False,False
19:40:44,Baseline,Heuristic,0.1,1.01,0.3,0.011,0.0,,False,False
19:40:44,Baseline,DL_quant,2.53,436.33,,,,0.992,True,False
19:40:44,Baseline,DL_float,214.15,436.33,,,,0.02,False,False
19:40:44,Baseline,Heuristic,0.1,1.01,0.301,0.011,0.0,,False,False
19:40:44,Baseline,DL_quant,2.27,435.54,,,,0.176,False,False
19:40:44,Baseline,DL_float,204.38,435.54,,,,0.004,False,False
19:40:45,Baseline,Heuristic,0.1,1.01,0.301,0.011,0.0,,False,False
19:40:45,Baseline,DL_quant,2.43,434.86,,,,0.801,True,False
19:40:45,Baseline,DL_float,201.44,434.86,,,,0.004,False,False
19:40:45,Baseline,Heuristic,0.1,1.01,0.301,0.011,0.0,,False,False
19:40:45,Baseline,DL_quant,2.3,434.18,,,,0.824,True,False
19:40:45,Baseline,DL_float,198.14,434.18,,,,0.0,False,False
19:40:45,Baseline,Heuristic,0.1,1.01,0.301,0.011,0.0,,False,False
19:40:45,Baseline,DL_quant,2.59,433.5,,,,0.977,True,False
19:40:45,Baseline,DL_float,203.69,433.5,,,,0.002,False,False
19:40:45,Baseline,Heuristic,0.1,1.01,0.302,0.011,0.0,,False,False
19:40:45,Baseline,DL_quant,2.38,434.28,,,,0.992,True,False
19:40:45,Baseline,DL_float,198.4,434.28,,,,0.016,False,False
19:40:45,Baseline,Heuristic,0.1,1.01,0.302,0.011,0.0,,False,False
19:40:45,Baseline,DL_quant,2.25,432.03,,,,0.254,False,False
19:40:45,Baseline,DL_float,204.6,432.03,,,,0.001,False,False
19:40:46,Baseline,Heuristic,0.1,1.01,0.302,0.011,0.0,,False,False
19:40:46,Baseline,DL_quant,2.31,432.14,,,,0.996,True,False
19:40:46,Baseline,DL_float,202.49,432.14,,,,0.0,False,False
19:40:46,Baseline,Heuristic,0.1,1.01,0.302,0.011,0.0,,False,False
19:40:46,Baseline,DL_quant,2.36,432.14,,,,0.996,True,False
19:40:46,Baseline,DL_float,202.1,432.14,,,,0.0,False,False
19:40:46,Baseline,Heuristic,0.1,1.01,0.303,0.011,0.0,,False,False
19:40:46,Baseline,DL_quant,2.26,451.27,,,,0.996,True,False
19:40:46,Baseline,DL_float,202.49,451.27,,,,0.566,False,False
19:40:46,Baseline,Heuristic,0.1,1.01,0.303,0.01,0.0,,False,False
19:40:46,Baseline,DL_quant,2.25,474.84,,,,0.316,False,False
19:40:46,Baseline,DL_float,211.36,474.84,,,,0.372,False,False
19:40:47,Baseline,Heuristic,0.1,1.01,0.303,0.01,0.0,,False,False
19:40:47,Baseline,DL_quant,2.56,486.77,,,,0.539,False,False
19:40:47,Baseline,DL_float,199.01,486.77,,,,0.009,False,False
19:40:47,Baseline,Heuristic,0.1,1.01,0.303,0.01,0.0,,False,False
19:40:47,Baseline,DL_quant,2.37,492.21,,,,0.137,False,False
19:40:47,Baseline,DL_float,202.34,492.21,,,,0.109,False,False
19:40:47,Baseline,Heuristic,0.11,1.01,0.304,0.01,0.0,,False,False
19:40:47,Baseline,DL_quant,2.29,490.46,,,,0.09,False,False
19:40:47,Baseline,DL_float,209.9,490.46,,,,0.984,True,False
19:40:47,Baseline,Heuristic,0.1,1.01,0.304,0.01,0.0,,False,False
19:40:47,Baseline,DL_quant,2.22,491.26,,,,0.0,False,False
19:40:47,Baseline,DL_float,198.5,491.26,,,,0.211,False,False
19:40:48,Baseline,Heuristic,0.1,1.01,0.304,0.01,0.0,,False,False
19:40:48,Baseline,DL_quant,2.26,494.16,,,,0.066,False,False
19:40:48,Baseline,DL_float,199.49,494.16,,,,0.99,True,False
19:40:48,Baseline,Heuristic,0.1,1.01,0.304,0.01,0.0,,False,False
19:40:48,Baseline,DL_quant,2.23,483.24,,,,0.051,False,False
19:40:48,Baseline,DL_float,199.85,483.24,,,,1.0,True,False
19:40:48,Baseline,Heuristic,0.11,1.01,0.305,0.01,0.0,,False,False
19:40:48,Baseline,DL_quant,2.46,464.35,,,,0.715,False,False
19:40:48,Baseline,DL_float,196.43,464.35,,,,0.934,True,False
19:40:48,Baseline,Heuristic,0.1,1.01,0.305,0.01,0.0,,False,False
19:40:48,Baseline,DL_quant,2.47,436.77,,,,0.949,True,False
19:40:48,Baseline,DL_float,202.63,436.77,,,,0.0,False,False
19:40:49,Baseline,Heuristic,0.09,1.01,0.305,0.01,0.0,,False,False
19:40:49,Baseline,DL_quant,2.39,424.04,,,,0.957,True,False
19:40:49,Baseline,DL_float,205.01,424.04,,,,0.003,False,False
19:40:49,Baseline,Heuristic,0.14,1.01,0.306,0.01,0.0,,False,False
19:40:49,Baseline,DL_quant,2.7,419.24,,,,0.992,True,False
19:40:49,Baseline,DL_float,201.87,419.24,,,,0.0,False,False
19:40:49,Baseline,Heuristic,0.1,1.01,0.306,0.009,0.0,,False,False
19:40:49,Baseline,DL_quant,2.19,421.5,,,,0.996,True,False
19:40:49,Baseline,DL_float,200.68,421.5,,,,0.0,False,False
19:40:49,Baseline,Heuristic,0.11,1.01,0.306,0.009,0.0,,False,False
19:40:49,Baseline,DL_quant,2.36,421.5,,,,0.996,True,False
19:40:49,Baseline,DL_float,206.28,421.5,,,,0.0,False,False
19:40:49,Baseline,Heuristic,0.11,1.01,0.306,0.009,0.0,,False,False
19:40:49,Baseline,DL_quant,2.35,420.18,,,,0.996,True,False
19:40:49,Baseline,DL_float,198.69,420.18,,,,0.0,False,False
19:40:50,Baseline,Heuristic,0.1,1.01,0.306,0.009,0.0,,False,False
19:40:50,Baseline,DL_quant,2.24,420.75,,,,0.98,True,False
19:40:50,Baseline,DL_float,198.78,420.75,,,,0.0,False,False
19:40:50,Baseline,Heuristic,0.11,1.01,0.306,0.009,0.0,,False,False
19:40:50,Baseline,DL_quant,2.23,420.92,,,,0.996,True,False
19:40:50,Baseline,DL_float,202.11,420.92,,,,0.691,False,False
19:40:50,Baseline,Heuristic,0.11,1.01,0.306,0.009,0.0,,False,False
19:40:50,Baseline,DL_quant,2.33,423.68,,,,0.0,False,False
19:40:50,Baseline,DL_float,202.04,423.68,,,,0.0,False,False
19:40:50,Baseline,Heuristic,0.1,1.01,0.306,0.009,0.0,,False,False
19:40:50,Baseline,DL_quant,2.26,422.34,,,,0.0,False,False
19:40:50,Baseline,DL_float,203.51,422.34,,,,0.0,False,False
19:40:51,Baseline,Heuristic,0.1,1.01,0.305,0.009,0.0,,False,False
19:40:51,Baseline,DL_quant,2.39,423.76,,,,0.004,False,False
19:40:51,Baseline,DL_float,209.9,423.76,,,,0.0,False,False
19:40:51,Baseline,Heuristic,0.13,1.01,0.305,0.009,0.0,,False,False
19:40:51,Baseline,DL_quant,2.36,423.01,,,,0.0,False,False
19:40:51,Baseline,DL_float,211.42,423.01,,,,0.0,False,False
19:40:51,Baseline,Heuristic,0.1,1.01,0.305,0.009,0.0,,False,False
19:40:51,Baseline,DL_quant,2.36,423.01,,,,0.0,False,False
19:40:51,Baseline,DL_float,200.06,423.01,,,,0.0,False,False
19:40:51,Baseline,Heuristic,0.1,1.01,0.305,0.009,0.0,,False,False
19:40:51,Baseline,DL_quant,3.17,421.5,,,,0.715,False,False
19:40:51,Baseline,DL_float,207.49,421.5,,,,0.0,False,False
19:40:52,Baseline,Heuristic,0.1,1.01,0.305,0.009,0.0,,False,False
19:40:52,Baseline,DL_quant,2.46,418.11,,,,0.957,True,False
19:40:52,Baseline,DL_float,211.59,418.11,,,,0.0,False,False
19:40:52,Baseline,Heuristic,0.12,1.01,0.305,0.009,0.0,,False,False
19:40:52,Baseline,DL_quant,2.36,419.43,,,,0.0,False,False
19:40:52,Baseline,DL_float,199.8,419.43,,,,0.0,False,False
19:40:52,Baseline,Heuristic,0.11,1.01,0.305,0.009,0.0,,False,False
19:40:52,Baseline,DL_quant,2.38,422.25,,,,0.684,False,False
19:40:52,Baseline,DL_float,197.82,422.25,,,,0.005,False,False
19:40:52,Baseline,Heuristic,0.1,1.01,0.305,0.01,0.0,,False,False
19:40:52,Baseline,DL_quant,2.59,428.91,,,,0.027,False,False
19:40:52,Baseline,DL_float,213.86,428.91,,,,0.0,False,False
19:40:53,Baseline,Heuristic,0.1,1.01,0.305,0.01,0.0,,False,False
19:40:53,Baseline,DL_quant,2.19,429.57,,,,0.996,True,False
19:40:53,Baseline,DL_float,201.64,429.57,,,,0.353,False,False
19:40:53,Baseline,Heuristic,0.1,1.01,0.305,0.01,0.0,,False,False
19:40:53,Baseline,DL_quant,2.35,428.91,,,,0.98,True,False
19:40:53,Baseline,DL_float,214.76,428.91,,,,0.018,False,False
19:40:53,Baseline,Heuristic,0.1,1.01,0.305,0.01,0.0,,False,False
19:40:53,Baseline,DL_quant,2.47,426.14,,,,0.996,True,False
19:40:53,Baseline,DL_float,206.41,426.14,,,,0.547,False,False
19:40:53,Baseline,Heuristic,0.1,1.01,0.305,0.01,0.0,,False,False
19:40:53,Baseline,DL_quant,2.31,426.14,,,,0.996,True,False
19:40:53,Baseline,DL_float,210.75,426.14,,,,0.0,False,False
19:40:54,Baseline,Heuristic,0.14,1.01,0.305,0.011,0.0,,False,False
19:40:54,Baseline,DL_quant,2.3,414.95,,,,0.199,False,False
19:40:54,Baseline,DL_float,199.52,414.95,,,,0.0,False,False
19:40:54,Baseline,Heuristic,0.1,1.01,0.305,0.011,0.0,,False,False
19:40:54,Baseline,DL_quant,2.48,402.58,,,,0.0,False,False
19:40:54,Baseline,DL_float,198.52,402.58,,,,0.0,False,False
19:40:54,Baseline,Heuristic,0.36,1.01,0.305,0.011,0.0,,False,False
19:40:54,Baseline,DL_quant,2.9,386.11,,,,0.0,False,False
19:40:54,Baseline,DL_float,200.18,386.11,,,,0.994,True,False
19:40:54,Baseline,Heuristic,0.1,1.01,0.305,0.011,0.0,,False,False
19:40:54,Baseline,DL_quant,2.24,387.37,,,,0.0,False,False
19:40:54,Baseline,DL_float,207.63,387.37,,,,0.0,False,False
19:40:54,Baseline,Heuristic,0.12,1.01,0.305,0.011,0.0,,False,False
19:40:54,Baseline,DL_quant,2.3,400.48,,,,0.0,False,False
19:40:54,Baseline,DL_float,198.24,400.48,,,,0.0,False,False
19:40:55,Baseline,Heuristic,0.1,1.01,0.305,0.011,0.0,,False,False
19:40:55,Baseline,DL_quant,2.45,403.21,,,,0.898,True,False
19:40:55,Baseline,DL_float,199.6,403.21,,,,0.999,True,False
19:40:55,Baseline,Heuristic,0.13,1.01,0.304,0.012,0.0,,False,False
19:40:55,Baseline,DL_quant,2.48,416.06,,,,0.801,True,False
19:40:55,Baseline,DL_float,208.9,416.06,,,,0.102,False,False
19:40:55,Baseline,Heuristic,0.11,1.01,0.304,0.012,0.0,,False,False
19:40:55,Baseline,DL_quant,2.27,422.16,,,,0.996,True,False
19:40:55,Baseline,DL_float,200.97,422.16,,,,0.177,False,False
19:40:55,Baseline,Heuristic,0.1,1.01,0.304,0.012,0.0,,False,False
19:40:55,Baseline,DL_quant,2.29,422.83,,,,0.996,True,False
19:40:55,Baseline,DL_float,216.46,422.83,,,,0.539,False,False
19:40:56,Baseline,Heuristic,0.1,1.01,0.304,0.012,0.0,,False,False
19:40:56,Baseline,DL_quant,2.47,423.58,,,,0.996,True,False
19:40:56,Baseline,DL_float,200.03,423.58,,,,0.028,False,False
19:40:56,Baseline,Heuristic,0.1,1.01,0.304,0.012,0.0,,False,False
19:40:56,Baseline,DL_quant,2.24,423.49,,,,0.996,True,False
19:40:56,Baseline,DL_float,199.39,423.49,,,,0.0,False,False
19:40:56,Baseline,Heuristic,0.11,1.01,0.304,0.012,0.0,,False,False
19:40:56,Baseline,DL_quant,2.47,421.5,,,,0.996,True,False
19:40:56,Baseline,DL_float,200.82,421.5,,,,0.053,False,False
19:40:56,Baseline,Heuristic,0.11,1.27,0.304,0.012,0.0,,False,False
19:40:56,Baseline,DL_quant,2.35,422.07,,,,0.996,True,False
19:40:56,Baseline,DL_float,200.47,422.07,,,,0.557,False,False
19:40:57,Baseline,Heuristic,0.1,1.01,0.304,0.012,0.0,,False,False
19:40:57,Baseline,DL_quant,2.26,420.75,,,,0.996,True,False
19:40:57,Baseline,DL_float,198.5,420.75,,,,0.569,False,False
19:40:57,Baseline,Heuristic,0.13,1.01,0.304,0.012,0.0,,False,False
19:40:57,Baseline,DL_quant,2.45,420.09,,,,0.996,True,False
19:40:57,Baseline,DL_float,200.88,420.09,,,,0.0,False,False
19:40:57,Baseline,Heuristic,0.1,1.01,0.304,0.012,0.0,,False,False
19:40:57,Baseline,DL_quant,2.28,418.19,,,,0.996,True,False
19:40:57,Baseline,DL_float,213.9,418.19,,,,0.034,False,False
19:40:57,Baseline,Heuristic,0.1,1.01,0.304,0.012,0.0,,False,False
19:40:57,Baseline,DL_quant,2.4,416.06,,,,0.996,True,False
19:40:57,Baseline,DL_float,200.94,416.06,,,,0.0,False,False
19:40:58,Baseline,Heuristic,0.1,1.01,0.304,0.012,0.0,,False,False
19:40:58,Baseline,DL_quant,2.29,416.06,,,,0.996,True,False
19:40:58,Baseline,DL_float,221.08,416.06,,,,0.0,False,False
19:40:58,Baseline,Heuristic,0.11,1.01,0.304,0.012,0.0,,False,False
19:40:58,Baseline,DL_quant,2.7,416.63,,,,0.996,True,False
19:40:58,Baseline,DL_float,220.16,416.63,,,,0.058,False,False
19:40:58,Baseline,Heuristic,0.11,1.01,0.304,0.012,0.0,,False,False
19:40:58,Baseline,DL_quant,2.36,415.98,,,,0.996,True,False
19:40:58,Baseline,DL_float,212.19,415.98,,,,0.0,False,False
19:40:58,Baseline,Heuristic,0.1,1.01,0.303,0.012,0.0,,False,False
19:40:58,Baseline,DL_quant,2.44,415.98,,,,0.996,True,False
19:40:58,Baseline,DL_float,200.45,415.98,,,,0.0,False,False
19:40:58,Baseline,Heuristic,0.11,1.01,0.303,0.012,0.0,,False,False
19:40:58,Baseline,DL_quant,2.4,413.94,,,,0.996,True,False
19:40:58,Baseline,DL_float,200.83,413.94,,,,0.84,True,False
19:40:59,Baseline,Heuristic,0.1,1.01,0.303,0.012,0.0,,False,False
19:40:59,Baseline,DL_quant,2.32,414.59,,,,0.996,True,False
19:40:59,Baseline,DL_float,205.71,414.59,,,,0.0,False,False
19:40:59,Baseline,Heuristic,0.1,1.01,0.303,0.012,0.0,,False,False
19:40:59,Baseline,DL_quant,2.27,415.32,,,,0.996,True,False
19:40:59,Baseline,DL_float,204.68,415.32,,,,0.043,False,False
19:40:59,Baseline,Heuristic,0.11,1.01,0.303,0.012,0.0,,False,False
19:40:59,Baseline,DL_quant,2.3,415.32,,,,0.996,True,False
19:40:59,Baseline,DL_float,211.74,415.32,,,,0.0,False,False
19:40:59,Baseline,Heuristic,0.19,1.01,0.303,0.012,0.0,,False,False
19:40:59,Baseline,DL_quant,2.33,415.24,,,,0.996,True,False
19:40:59,Baseline,DL_float,204.58,415.24,,,,0.234,False,False
19:41:00,Baseline,Heuristic,0.11,1.01,0.303,0.012,0.0,,False,False
19:41:00,Baseline,DL_quant,2.51,415.98,,,,0.996,True,False
19:41:00,Baseline,DL_float,204.33,415.98,,,,0.005,False,False
19:41:00,Baseline,Heuristic,0.1,1.01,0.303,0.011,0.0,,False,False
19:41:00,Baseline,DL_quant,2.61,415.32,,,,0.996,True,False
19:41:00,Baseline,DL_float,201.84,415.32,,,,0.063,False,False
19:41:00,Baseline,Heuristic,0.1,1.01,0.303,0.011,0.0,,False,False
19:41:00,Baseline,DL_quant,2.38,415.98,,,,0.996,True,False
19:41:00,Baseline,DL_float,207.7,415.98,,,,0.0,False,False
19:41:00,Baseline,Heuristic,0.1,1.01,0.302,0.011,0.0,,False,False
19:41:00,Baseline,DL_quant,2.34,415.98,,,,0.996,True,False
19:41:00,Baseline,DL_float,207.38,415.98,,,,0.0,False,False
19:41:01,Baseline,Heuristic,0.11,1.01,0.302,0.011,0.0,,False,False
19:41:01,Baseline,DL_quant,2.38,415.32,,,,0.996,True,False
19:41:01,Baseline,DL_float,205.37,415.32,,,,0.364,False,False
19:41:01,Baseline,Heuristic,0.1,1.01,0.302,0.011,0.0,,False,False
19:41:01,Baseline,DL_quant,2.3,414.59,,,,0.996,True,False
19:41:01,Baseline,DL_float,198.82,414.59,,,,0.001,False,False
19:41:01,Baseline,Heuristic,0.11,1.01,0.302,0.011,0.0,,False,False
19:41:01,Baseline,DL_quant,2.31,414.59,,,,0.996,True,False
19:41:01,Baseline,DL_float,207.52,414.59,,,,0.015,False,False
19:41:01,Baseline,Heuristic,0.1,1.01,0.302,0.011,0.0,,False,False
19:41:01,Baseline,DL_quant,2.8,414.59,,,,0.996,True,False
19:41:01,Baseline,DL_float,208.98,414.59,,,,0.117,False,False
19:41:02,Baseline,Heuristic,0.11,1.01,0.302,0.011,0.0,,False,False
19:41:02,Baseline,DL_quant,2.46,415.24,,,,0.996,True,False
19:41:02,Baseline,DL_float,205.77,415.24,,,,0.014,False,False
19:41:02,Baseline,Heuristic,0.1,1.01,0.302,0.011,0.0,,False,False
19:41:02,Baseline,DL_quant,2.23,415.32,,,,0.996,True,False
19:41:02,Baseline,DL_float,200.33,415.32,,,,0.001,False,False
19:41:02,Baseline,Heuristic,0.11,1.01,0.302,0.011,0.0,,False,False
19:41:02,Baseline,DL_quant,2.39,415.24,,,,0.996,True,False
19:41:02,Baseline,DL_float,199.19,415.24,,,,0.001,False,False
19:41:02,Baseline,Heuristic,0.11,1.01,0.302,0.011,0.0,,False,False
19:41:02,Baseline,DL_quant,2.24,411.1,,,,0.996,True,False
19:41:02,Baseline,DL_float,205.19,411.1,,,,0.0,False,False
19:41:02,Baseline,Heuristic,0.14,1.01,0.301,0.011,0.0,,False,False
19:41:02,Baseline,DL_quant,2.52,409.09,,,,0.996,True,False
19:41:02,Baseline,DL_float,221.01,409.09,,,,0.0,False,False
19:41:03,Baseline,Heuristic,0.18,1.01,0.301,0.011,0.0,,False,False
19:41:03,Baseline,DL_quant,3.07,407.73,,,,0.996,True,False
19:41:03,Baseline,DL_float,207.02,407.73,,,,0.001,False,False
19:41:03,Baseline,Heuristic,0.1,1.01,0.301,0.011,0.0,,False,False
19:41:03,Baseline,DL_quant,2.44,408.45,,,,0.996,True,False
19:41:03,Baseline,DL_float,198.85,408.45,,,,0.0,False,False
19:41:03,Baseline,Heuristic,0.1,1.01,0.301,0.011,0.0,,False,False
19:41:03,Baseline,DL_quant,2.37,408.45,,,,0.996,True,False
19:41:03,Baseline,DL_float,197.83,408.45,,,,0.005,False,False
19:41:03,Baseline,Heuristic,0.1,1.01,0.301,0.011,0.0,,False,False
19:41:03,Baseline,DL_quant,2.45,407.18,,,,0.996,True,False
19:41:03,Baseline,DL_float,213.79,407.18,,,,0.0,False,False
19:41:04,Baseline,Heuristic,0.1,1.01,0.301,0.011,0.0,,False,False
19:41:04,Baseline,DL_quant,2.52,405.75,,,,0.996,True,False
19:41:04,Baseline,DL_float,205.66,405.75,,,,0.0,False,False
19:41:04,Baseline,Heuristic,0.1,1.01,0.3,0.011,0.0,,False,False
19:41:04,Baseline,DL_quant,2.41,403.28,,,,0.996,True,False
19:41:04,Baseline,DL_float,200.74,403.28,,,,0.998,True,False
19:41:04,Baseline,Heuristic,0.1,1.01,0.3,0.011,0.0,,False,False
19:41:04,Baseline,DL_quant,2.44,403.77,,,,0.0,False,False
19:41:04,Baseline,DL_float,198.28,403.77,,,,0.946,True,False
19:41:04,Baseline,Heuristic,0.17,1.01,0.299,0.011,0.0,,False,False
19:41:04,Baseline,DL_quant,3.23,400.13,,,,0.0,False,False
19:41:04,Baseline,DL_float,197.03,400.13,,,,0.005,False,False
19:41:05,Baseline,Heuristic,0.1,1.01,0.298,0.01,0.0,,False,False
19:41:05,Baseline,DL_quant,2.4,397.23,,,,0.0,False,False
19:41:05,Baseline,DL_float,214.8,397.23,,,,0.0,False,False
19:41:05,Baseline,Heuristic,0.1,1.01,0.298,0.01,0.0,,False,False
19:41:05,Baseline,DL_quant,2.66,395.84,,,,0.461,False,False
19:41:05,Baseline,DL_float,199.83,395.84,,,,0.0,False,False
19:41:05,Baseline,Heuristic,0.11,1.01,0.298,0.01,0.0,,False,False
19:41:05,Baseline,DL_quant,2.28,399.16,,,,0.02,False,False
19:41:05,Baseline,DL_float,196.44,399.16,,,,0.0,False,False
19:41:05,Baseline,Heuristic,0.1,1.01,0.298,0.01,0.0,,False,False
19:41:05,Baseline,DL_quant,2.2,405.57,,,,0.996,True,False
19:41:05,Baseline,DL_float,199.76,405.57,,,,0.0,False,False
19:41:06,Baseline,Heuristic,0.11,1.01,0.297,0.01,0.0,,False,False
19:41:06,Baseline,DL_quant,2.71,406.38,,,,0.996,True,False
19:41:06,Baseline,DL_float,199.14,406.38,,,,0.0,False,False
19:41:06,Baseline,Heuristic,0.1,1.01,0.297,0.01,0.0,,False,False
19:41:06,Baseline,DL_quant,2.42,415.89,,,,0.996,True,False
19:41:06,Baseline,DL_float,206.11,415.89,,,,0.004,False,False
19:41:06,Baseline,Heuristic,0.11,1.01,0.297,0.01,0.0,,False,False
19:41:06,Baseline,DL_quant,2.32,419.34,,,,0.996,True,False
19:41:06,Baseline,DL_float,198.74,419.34,,,,0.0,False,False
19:41:06,Baseline,Heuristic,0.1,1.01,0.297,0.01,0.0,,False,False
19:41:06,Baseline,DL_quant,2.23,420.09,,,,0.91,True,False
19:41:06,Baseline,DL_float,197.44,420.09,,,,0.0,False,False
19:41:07,Baseline,Heuristic,0.1,1.01,0.297,0.01,0.0,,False,False
19:41:07,Baseline,DL_quant,2.3,418.77,,,,0.824,True,False
19:41:07,Baseline,DL_float,208.15,418.77,,,,0.0,False,False
19:41:07,Baseline,Heuristic,0.11,1.01,0.297,0.01,0.0,,False,False
19:41:07,Baseline,DL_quant,2.55,418.03,,,,0.996,True,False
19:41:07,Baseline,DL_float,202.01,418.03,,,,0.001,False,False
19:41:07,Baseline,Heuristic,0.1,1.01,0.296,0.01,0.0,,False,False
19:41:07,Baseline,DL_quant,2.29,418.11,,,,0.996,True,False
19:41:07,Baseline,DL_float,207.0,418.11,,,,0.0,False,False
19:41:07,Baseline,Heuristic,0.1,1.01,0.296,0.01,0.0,,False,False
19:41:07,Baseline,DL_quant,2.52,418.11,,,,0.996,True,False
19:41:07,Baseline,DL_float,201.88,418.11,,,,0.0,False,False
19:41:07,Baseline,Heuristic,0.1,1.01,0.296,0.01,0.0,,False,False
19:41:07,Baseline,DL_quant,2.24,407.1,,,,0.0,False,False
19:41:07,Baseline,DL_float,200.33,407.1,,,,0.0,False,False
19:41:08,Baseline,Heuristic,0.1,1.01,0.296,0.01,0.0,,False,False
19:41:08,Baseline,DL_quant,2.24,402.07,,,,0.016,False,False
19:41:08,Baseline,DL_float,201.83,402.07,,,,0.0,False,False
19:41:08,Baseline,Heuristic,0.1,1.01,0.296,0.01,0.0,,False,False
19:41:08,Baseline,DL_quant,2.27,406.54,,,,0.996,True,False
19:41:08,Baseline,DL_float,198.0,406.54,,,,0.002,False,False
19:41:08,Baseline,Heuristic,0.1,1.01,0.296,0.01,0.0,,False,False
19:41:08,Baseline,DL_quant,2.3,418.11,,,,0.996,True,False
19:41:08,Baseline,DL_float,199.44,418.11,,,,0.639,False,False
19:41:08,Baseline,Heuristic,0.11,1.01,0.296,0.009,0.0,,False,False
19:41:08,Baseline,DL_quant,2.42,415.89,,,,0.996,True,False
19:41:08,Baseline,DL_float,201.71,415.89,,,,0.955,True,False
19:41:09,Baseline,Heuristic,0.1,1.01,0.296,0.009,0.0,,False,False
19:41:09,Baseline,DL_quant,2.35,415.05,,,,0.996,True,False
19:41:09,Baseline,DL_float,200.74,415.05,,,,0.888,True,False
19:41:09,Baseline,Heuristic,0.1,1.01,0.296,0.009,0.0,,False,False
19:41:09,Baseline,DL_quant,2.24,411.26,,,,0.0,False,False
19:41:09,Baseline,DL_float,198.17,411.26,,,,0.0,False,False
19:41:09,Baseline,Heuristic,0.1,1.01,0.296,0.009,0.0,,False,False
19:41:09,Baseline,DL_quant,2.41,411.74,,,,0.0,False,False
19:41:09,Baseline,DL_float,205.23,411.74,,,,0.0,False,False
19:41:09,Baseline,Heuristic,0.11,1.01,0.296,0.009,0.0,,False,False
19:41:09,Baseline,DL_quant,2.48,416.06,,,,0.0,False,False
19:41:09,Baseline,DL_float,200.73,416.06,,,,0.0,False,False
19:41:10,Baseline,Heuristic,0.12,1.01,0.296,0.009,0.0,,False,False
19:41:10,Baseline,DL_quant,2.28,416.71,,,,0.969,True,False
19:41:10,Baseline,DL_float,198.44,416.71,,,,0.0,False,False
19:41:10,Baseline,Heuristic,0.1,1.01,0.296,0.009,0.0,,False,False
19:41:10,Baseline,DL_quant,2.28,416.79,,,,0.996,True,False
19:41:10,Baseline,DL_float,211.43,416.79,,,,0.0,False,False
19:41:10,Baseline,Heuristic,0.1,1.01,0.296,0.009,0.0,,False,False
19:41:10,Baseline,DL_quant,2.33,415.98,,,,0.98,True,False
19:41:10,Baseline,DL_float,199.99,415.98,,,,0.0,False,False
19:41:10,Baseline,Heuristic,0.1,1.01,0.297,0.009,0.0,,False,False
19:41:10,Baseline,DL_quant,2.27,416.71,,,,0.0,False,False
19:41:10,Baseline,DL_float,197.06,416.71,,,,0.0,False,False
19:41:10,Baseline,Heuristic,0.1,1.01,0.297,0.009,0.0,,False,False
19:41:10,Baseline,DL_quant,2.39,414.02,,,,0.0,False,False
19:41:10,Baseline,DL_float,201.35,414.02,,,,0.0,False,False
19:41:11,Baseline,Heuristic,0.12,1.01,0.297,0.009,0.0,,False,False
19:41:11,Baseline,DL_quant,2.78,414.02,,,,0.012,False,False
19:41:11,Baseline,DL_float,204.22,414.02,,,,0.0,False,False
19:41:11,Baseline,Heuristic,0.1,1.01,0.297,0.009,0.0,,False,False
19:41:11,Baseline,DL_quant,2.29,416.63,,,,0.648,False,False
19:41:11,Baseline,DL_float,197.89,416.63,,,,0.0,False,False
19:41:11,Baseline,Heuristic,0.1,1.01,0.297,0.009,0.0,,False,False
19:41:11,Baseline,DL_quant,2.23,409.82,,,,0.0,False,False
19:41:11,Baseline,DL_float,198.76,409.82,,,,0.0,False,False
19:41:11,Baseline,Heuristic,0.1,1.27,0.298,0.009,0.0,,False,False
19:41:11,Baseline,DL_quant,2.3,396.84,,,,0.004,False,False
19:41:11,Baseline,DL_float,206.1,396.84,,,,1.0,True,False
19:41:12,Baseline,Heuristic,0.1,1.01,0.298,0.009,0.0,,False,False
19:41:12,Baseline,DL_quant,2.27,393.52,,,,0.996,True,False
19:41:12,Baseline,DL_float,199.88,393.52,,,,1.0,True,False
19:41:12,Baseline,Heuristic,0.1,1.01,0.298,0.009,0.0,,False,False
19:41:12,Baseline,DL_quant,2.48,398.46,,,,0.039,False,False
19:41:12,Baseline,DL_float,210.05,398.46,,,,0.008,False,False
19:41:12,Baseline,Heuristic,0.13,1.01,0.298,0.008,0.0,,False,False
19:41:12,Baseline,DL_quant,2.55,399.08,,,,0.0,False,False
19:41:12,Baseline,DL_float,198.02,399.08,,,,0.0,False,False
19:41:12,Baseline,Heuristic,0.1,1.01,0.298,0.008,0.0,,False,False
19:41:12,Baseline,DL_quant,2.38,401.18,,,,0.0,False,False
19:41:12,Baseline,DL_float,198.63,401.18,,,,0.0,False,False
19:41:13,Baseline,Heuristic,0.11,1.01,0.298,0.008,0.0,,False,False
19:41:13,Baseline,DL_quant,2.37,401.81,,,,0.0,False,False
19:41:13,Baseline,DL_float,205.83,401.81,,,,0.0,False,False
19:41:13,Baseline,Heuristic,0.1,1.01,0.298,0.008,0.0,,False,False
19:41:13,Baseline,DL_quant,2.32,403.06,,,,0.0,False,False
19:41:13,Baseline,DL_float,196.2,403.06,,,,0.0,False,False
19:41:13,Baseline,Heuristic,0.1,1.01,0.298,0.008,0.0,,False,False
19:41:13,Baseline,DL_quant,2.22,396.84,,,,0.0,False,False
19:41:13,Baseline,DL_float,198.06,396.84,,,,0.0,False,False
19:41:13,Baseline,Heuristic,0.1,1.01,0.299,0.008,0.0,,False,False
19:41:13,Baseline,DL_quant,2.29,394.01,,,,0.176,False,False
19:41:13,Baseline,DL_float,201.12,394.01,,,,0.017,False,False
19:41:14,Baseline,Heuristic,0.11,1.01,0.299,0.008,0.0,,False,False
19:41:14,Baseline,DL_quant,2.33,396.37,,,,0.539,False,False
19:41:14,Baseline,DL_float,200.93,396.37,,,,0.0,False,False
19:41:14,Baseline,Heuristic,0.11,1.01,0.299,0.008,0.0,,False,False
19:41:14,Baseline,DL_quant,2.6,396.28,,,,0.0,False,False
19:41:14,Baseline,DL_float,216.44,396.28,,,,0.0,False,False
19:41:14,Baseline,Heuristic,0.1,1.01,0.299,0.008,0.0,,False,False
19:41:14,Baseline,DL_quant,2.38,400.4,,,,0.996,True,False
19:41:14,Baseline,DL_float,201.51,400.4,,,,0.048,False,False
19:41:14,Baseline,Heuristic,0.1,1.01,0.299,0.008,0.0,,False,False
19:41:14,Baseline,DL_quant,2.27,401.73,,,,0.996,True,False
19:41:14,Baseline,DL_float,200.43,401.73,,,,0.94,True,False
19:41:14,Baseline,Heuristic,0.1,1.01,0.299,0.008,0.0,,False,False
19:41:14,Baseline,DL_quant,2.3,403.69,,,,0.996,True,False
19:41:14,Baseline,DL_float,198.83,403.69,,,,0.994,True,False
19:41:15,Baseline,Heuristic,0.13,1.01,0.299,0.008,0.0,,False,False
19:41:15,Baseline,DL_quant,2.31,402.98,,,,0.996,True,False
19:41:15,Baseline,DL_float,199.67,402.98,,,,0.969,True,False
19:41:15,Baseline,Heuristic,0.1,1.01,0.299,0.008,0.0,,False,False
19:41:15,Baseline,DL_quant,2.35,402.98,,,,0.949,True,False
19:41:15,Baseline,DL_float,199.14,402.98,,,,0.0,False,False
19:41:15,Baseline,Heuristic,0.1,1.01,0.299,0.008,0.0,,False,False
19:41:15,Baseline,DL_quant,2.3,403.6,,,,0.0,False,False
19:41:15,Baseline,DL_float,197.44,403.6,,,,0.0,False,False
19:41:15,Baseline,Heuristic,0.1,1.01,0.299,0.008,0.0,,False,False
19:41:15,Baseline,DL_quant,2.4,404.13,,,,0.0,False,False
19:41:15,Baseline,DL_float,205.43,404.13,,,,0.0,False,False
19:41:16,Baseline,Heuristic,0.11,1.01,0.299,0.008,0.0,,False,False
19:41:16,Baseline,DL_quant,2.36,404.13,,,,0.0,False,False
19:41:16,Baseline,DL_float,199.4,404.13,,,,0.0,False,False
19:41:16,Baseline,Heuristic,0.1,1.01,0.299,0.008,0.0,,False,False
19:41:16,Baseline,DL_quant,2.25,408.37,,,,0.137,False,False
19:41:16,Baseline,DL_float,224.79,408.37,,,,0.0,False,False
19:41:16,Baseline,Heuristic,0.11,1.01,0.3,0.008,0.0,,False,False
19:41:16,Baseline,DL_quant,3.38,406.46,,,,0.004,False,False
19:41:16,Baseline,DL_float,215.48,406.46,,,,0.0,False,False
19:41:16,Baseline,Heuristic,0.11,1.01,0.3,0.008,0.0,,False,False
19:41:16,Baseline,DL_quant,2.27,407.1,,,,0.992,True,False
19:41:16,Baseline,DL_float,200.65,407.1,,,,0.0,False,False
19:41:17,Baseline,Heuristic,0.1,1.01,0.3,0.008,0.0,,False,False
19:41:17,Baseline,DL_quant,2.34,408.45,,,,0.996,True,False
19:41:17,Baseline,DL_float,201.39,408.45,,,,0.0,False,False
19:41:17,Baseline,Heuristic,0.11,1.01,0.3,0.008,0.0,,False,False
19:41:17,Baseline,DL_quant,2.51,409.17,,,,0.996,True,False
19:41:17,Baseline,DL_float,195.4,409.17,,,,0.0,False,False
19:41:17,Baseline,Heuristic,0.1,1.01,0.3,0.008,0.0,,False,False
19:41:17,Baseline,DL_quant,2.3,409.82,,,,0.988,True,False
19:41:17,Baseline,DL_float,205.22,409.82,,,,0.0,False,False
19:41:17,Baseline,Heuristic,0.22,1.01,0.3,0.008,0.0,,False,False
19:41:17,Baseline,DL_quant,2.36,405.75,,,,0.613,False,False
19:41:17,Baseline,DL_float,199.44,405.75,,,,0.0,False,False
19:41:18,Baseline,Heuristic,0.11,1.01,0.3,0.008,0.0,,False,False
19:41:18,Baseline,DL_quant,2.56,411.04,,,,0.996,True,False
19:41:18,Baseline,DL_float,196.07,411.04,,,,0.0,False,False
19:41:18,Baseline,Heuristic,0.11,1.01,0.301,0.008,0.0,,False,False
19:41:18,Baseline,DL_quant,2.42,403.92,,,,0.992,True,False
19:41:18,Baseline,DL_float,199.02,403.92,,,,0.0,False,False
19:41:18,Baseline,Heuristic,0.31,1.01,0.301,0.008,0.0,,False,False
19:41:18,Baseline,DL_quant,2.79,404.94,,,,0.0,False,False
19:41:18,Baseline,DL_float,206.95,404.94,,,,0.0,False,False
19:41:18,Baseline,Heuristic,0.12,1.01,0.301,0.008,0.0,,False,False
19:41:18,Baseline,DL_quant,2.43,405.83,,,,0.09,False,False
19:41:18,Baseline,DL_float,208.4,405.83,,,,0.0,False,False
19:41:18,Baseline,Heuristic,0.18,1.01,0.301,0.008,0.0,,False,False
19:41:18,Baseline,DL_quant,2.61,407.73,,,,0.0,False,False
19:41:18,Baseline,DL_float,201.06,407.73,,,,0.0,False,False
19:41:19,Baseline,Heuristic,0.11,1.01,0.301,0.007,0.0,,False,False
19:41:19,Baseline,DL_quant,2.29,409.09,,,,0.004,False,False
19:41:19,Baseline,DL_float,201.97,409.09,,,,0.0,False,False
19:41:19,Baseline,Heuristic,0.1,1.01,0.301,0.007,0.0,,False,False
19:41:19,Baseline,DL_quant,2.29,409.73,,,,0.008,False,False
19:41:19,Baseline,DL_float,203.99,409.73,,,,0.0,False,False
19:41:19,Baseline,Heuristic,0.1,1.01,0.302,0.007,0.0,,False,False
19:41:19,Baseline,DL_quant,2.2,407.64,,,,0.0,False,False
19:41:19,Baseline,DL_float,200.48,407.64,,,,0.0,False,False
19:41:19,Baseline,Heuristic,0.1,1.01,0.302,0.007,0.0,,False,False
19:41:19,Baseline,DL_quant,2.49,405.11,,,,0.0,False,False
19:41:19,Baseline,DL_float,206.27,405.11,,,,0.0,False,False
19:41:20,Baseline,Heuristic,0.1,1.01,0.302,0.007,0.0,,False,False
19:41:20,Baseline,DL_quant,2.35,404.79,,,,0.004,False,False
19:41:20,Baseline,DL_float,201.84,404.79,,,,0.0,False,False
19:41:20,Baseline,Heuristic,0.12,1.01,0.302,0.007,0.0,,False,False
19:41:20,Baseline,DL_quant,2.26,402.51,,,,0.0,False,False
19:41:20,Baseline,DL_float,201.43,402.51,,,,0.0,False,False
19:41:20,Baseline,Heuristic,0.1,1.01,0.302,0.007,0.0,,False,False
19:41:20,Baseline,DL_quant,2.33,403.6,,,,0.0,False,False
19:41:20,Baseline,DL_float,207.31,403.6,,,,0.0,False,False
19:41:20,Baseline,Heuristic,0.1,1.01,0.302,0.007,0.0,,False,False
19:41:20,Baseline,DL_quant,2.22,404.32,,,,0.051,False,False
19:41:20,Baseline,DL_float,201.82,404.32,,,,0.0,False,False
19:41:21,Baseline,Heuristic,0.11,1.01,0.302,0.007,0.0,,False,False
19:41:21,Baseline,DL_quant,2.27,405.03,,,,0.031,False,False
19:41:21,Baseline,DL_float,207.45,405.03,,,,0.0,False,False
19:41:21,Baseline,Heuristic,0.14,1.01,0.302,0.007,0.0,,False,False
19:41:21,Baseline,DL_quant,2.42,405.66,,,,0.539,False,False
19:41:21,Baseline,DL_float,197.99,405.66,,,,0.0,False,False
19:41:21,Baseline,Heuristic,0.1,1.01,0.302,0.007,0.0,,False,False
19:41:21,Baseline,DL_quant,2.29,403.6,,,,0.992,True,False
19:41:21,Baseline,DL_float,198.3,403.6,,,,0.0,False,False
19:41:21,Baseline,Heuristic,0.1,1.01,0.302,0.007,0.0,,False,False
19:41:21,Baseline,DL_quant,2.23,403.6,,,,0.996,True,False
19:41:21,Baseline,DL_float,198.04,403.6,,,,0.0,False,False
19:41:22,Baseline,Heuristic,0.1,1.01,0.302,0.007,0.0,,False,False
19:41:22,Baseline,DL_quant,2.31,404.94,,,,0.352,False,False
19:41:22,Baseline,DL_float,198.5,404.94,,,,0.0,False,False
19:41:22,Baseline,Heuristic,0.11,1.01,0.302,0.007,0.0,,False,False
19:41:22,Baseline,DL_quant,2.51,402.98,,,,0.0,False,False
19:41:22,Baseline,DL_float,197.82,402.98,,,,0.0,False,False
19:41:22,Baseline,Heuristic,0.1,1.01,0.302,0.007,0.0,,False,False
19:41:22,Baseline,DL_quant,4.05,402.44,,,,0.004,False,False
19:41:22,Baseline,DL_float,202.09,402.44,,,,0.0,False,False
19:41:22,Baseline,Heuristic,0.1,1.01,0.302,0.007,0.0,,False,False
19:41:22,Baseline,DL_quant,2.48,402.35,,,,0.285,False,False
19:41:22,Baseline,DL_float,210.52,402.35,,,,0.0,False,False
19:41:22,Baseline,Heuristic,0.1,1.01,0.302,0.007,0.0,,False,False
19:41:22,Baseline,DL_quant,2.36,403.06,,,,0.801,True,False
19:41:22,Baseline,DL_float,199.66,403.06,,,,0.0,False,False
19:41:23,Baseline,Heuristic,0.11,1.01,0.302,0.007,0.0,,False,False
19:41:23,Baseline,DL_quant,2.87,405.83,,,,0.066,False,False
19:41:23,Baseline,DL_float,208.77,405.83,,,,0.0,False,False
19:41:23,Baseline,Heuristic,0.11,1.01,0.302,0.007,0.0,,False,False
19:41:23,Baseline,DL_quant,2.39,407.81,,,,0.648,False,False
19:41:23,Baseline,DL_float,213.39,407.81,,,,0.0,False,False
19:41:23,Baseline,Heuristic,0.1,1.01,0.302,0.007,0.0,,False,False
19:41:23,Baseline,DL_quant,2.24,410.62,,,,0.957,True,False
19:41:23,Baseline,DL_float,196.66,410.62,,,,0.0,False,False
19:41:23,Baseline,Heuristic,0.11,1.01,0.302,0.007,0.0,,False,False
19:41:23,Baseline,DL_quant,2.29,412.64,,,,0.969,True,False
19:41:23,Baseline,DL_float,200.14,412.64,,,,0.0,False,False
19:41:24,Baseline,Heuristic,0.1,1.01,0.302,0.007,0.0,,False,False
19:41:24,Baseline,DL_quant,2.37,413.21,,,,0.91,True,False
19:41:24,Baseline,DL_float,206.41,413.21,,,,0.0,False,False
19:41:24,Baseline,Heuristic,0.1,1.01,0.302,0.007,0.0,,False,False
19:41:24,Baseline,DL_quant,2.44,415.98,,,,0.387,False,False
19:41:24,Baseline,DL_float,211.47,415.98,,,,0.0,False,False
19:41:24,Baseline,Heuristic,0.1,1.01,0.303,0.007,0.0,,False,False
19:41:24,Baseline,DL_quant,2.46,418.03,,,,0.0,False,False
19:41:24,Baseline,DL_float,197.49,418.03,,,,0.0,False,False
19:41:24,Baseline,Heuristic,0.1,1.01,0.303,0.007,0.0,,False,False
19:41:24,Baseline,DL_quant,2.29,420.0,,,,0.176,False,False
19:41:24,Baseline,DL_float,206.87,420.0,,,,0.0,False,False
19:41:25,Baseline,Heuristic,0.12,1.01,0.303,0.007,0.0,,False,False
19:41:25,Baseline,DL_quant,2.32,423.58,,,,0.773,False,False
19:41:25,Baseline,DL_float,200.85,423.58,,,,0.0,False,False
19:41:25,Baseline,Heuristic,0.1,1.01,0.303,0.006,0.0,,False,False
19:41:25,Baseline,DL_quant,2.23,420.65,,,,0.137,False,False
19:41:25,Baseline,DL_float,198.99,420.65,,,,0.0,False,False
19:41:25,Baseline,Heuristic,0.1,1.01,0.302,0.006,0.0,,False,False
19:41:25,Baseline,DL_quant,2.22,418.49,,,,0.992,True,False
19:41:25,Baseline,DL_float,212.74,418.49,,,,0.0,False,False
19:41:25,Baseline,Heuristic,0.21,1.01,0.302,0.006,0.0,,False,False
19:41:25,Baseline,DL_quant,2.76,417.84,,,,0.957,True,False
19:41:25,Baseline,DL_float,209.7,417.84,,,,0.0,False,False
19:41:26,Baseline,Heuristic,0.16,1.01,0.302,0.006,0.0,,False,False
19:41:26,Baseline,DL_quant,2.42,412.92,,,,0.027,False,False
19:41:26,Baseline,DL_float,197.25,412.92,,,,0.0,False,False
19:41:26,Baseline,Heuristic,0.1,1.01,0.302,0.006,0.0,,False,False
19:41:26,Baseline,DL_quant,2.24,412.38,,,,0.996,True,False
19:41:26,Baseline,DL_float,205.69,412.38,,,,0.0,False,False
19:41:26,Baseline,Heuristic,0.1,1.01,0.302,0.006,0.0,,False,True
19:41:26,Baseline,DL_quant,2.46,415.79,,,,0.023,False,True
19:41:26,Baseline,DL_float,200.6,415.79,,,,0.0,False,True
19:41:26,Baseline,Heuristic,0.1,1.01,0.302,0.006,0.0,,False,True
19:41:26,Baseline,DL_quant,2.39,420.0,,,,0.684,False,True
19:41:26,Baseline,DL_float,197.45,420.0,,,,0.0,False,True
19:41:26,Baseline,Heuristic,0.1,1.27,0.302,0.006,0.0,,False,True
19:41:26,Baseline,DL_quant,2.53,421.41,,,,0.199,False,True
19:41:26,Baseline,DL_float,211.87,421.41,,,,0.0,False,True
19:41:27,Baseline,Heuristic,0.1,1.01,0.302,0.006,0.0,,False,True
19:41:27,Baseline,DL_quant,2.31,422.16,,,,0.0,False,True
19:41:27,Baseline,DL_float,201.16,422.16,,,,0.0,False,True
19:41:27,Baseline,Heuristic,0.17,1.01,0.301,0.006,0.0,,False,True
19:41:27,Baseline,DL_quant,3.71,422.83,,,,0.008,False,True
19:41:27,Baseline,DL_float,202.94,422.83,,,,0.0,False,True
19:41:27,Baseline,Heuristic,0.2,1.01,0.301,0.006,0.0,,False,True
19:41:27,Baseline,DL_quant,2.53,422.83,,,,0.004,False,True
19:41:27,Baseline,DL_float,209.31,422.83,,,,0.0,False,True
19:41:27,Baseline,Heuristic,0.15,1.01,0.301,0.006,0.0,,False,True
19:41:27,Baseline,DL_quant,2.41,422.16,,,,0.0,False,True
19:41:27,Baseline,DL_float,211.07,422.16,,,,0.0,False,True
19:41:28,Baseline,Heuristic,0.1,1.01,0.301,0.006,0.0,,False,True
19:41:28,Baseline,DL_quant,2.27,421.41,,,,0.008,False,True
19:41:28,Baseline,DL_float,201.07,421.41,,,,0.0,False,True
19:41:28,Baseline,Heuristic,0.1,1.01,0.301,0.006,0.0,,False,True
19:41:28,Baseline,DL_quant,2.43,421.41,,,,0.117,False,True
19:41:28,Baseline,DL_float,202.64,421.41,,,,0.0,False,True
19:41:28,Baseline,Heuristic,0.11,1.01,0.301,0.006,0.0,,False,True
19:41:28,Baseline,DL_quant,2.19,421.5,,,,0.0,False,True
19:41:28,Baseline,DL_float,203.13,421.5,,,,0.0,False,True
19:41:28,Baseline,Heuristic,0.11,1.01,0.301,0.006,0.0,,False,True
19:41:28,Baseline,DL_quant,2.31,422.16,,,,0.043,False,True
19:41:28,Baseline,DL_float,207.09,422.16,,,,0.0,False,True
19:41:29,Baseline,Heuristic,0.1,1.01,0.3,0.006,0.0,,False,True
19:41:29,Baseline,DL_quant,2.51,423.68,,,,0.031,False,True
19:41:29,Baseline,DL_float,204.27,423.68,,,,0.0,False,True
19:41:29,Baseline,Heuristic,0.11,1.01,0.3,0.006,0.0,,False,True
19:41:29,Baseline,DL_quant,2.45,421.5,,,,0.98,True,True
19:41:29,Baseline,DL_float,201.33,421.5,,,,0.0,False,True
19:41:29,Baseline,Heuristic,0.1,1.01,0.299,0.006,0.0,,False,True
19:41:29,Baseline,DL_quant,2.3,422.34,,,,0.004,False,True
19:41:29,Baseline,DL_float,202.14,422.34,,,,0.0,False,True
19:41:29,Baseline,Heuristic,0.1,1.01,0.298,0.006,0.0,,False,True
19:41:29,Baseline,DL_quant,2.38,422.34,,,,0.996,True,True
19:41:29,Baseline,DL_float,200.29,422.34,,,,0.0,False,True
19:41:30,Baseline,Heuristic,0.1,1.01,0.298,0.006,0.0,,False,True
19:41:30,Baseline,DL_quant,2.57,421.67,,,,0.883,True,True
19:41:30,Baseline,DL_float,196.25,421.67,,,,0.0,False,True
19:41:30,Baseline,Heuristic,0.1,1.01,0.297,0.006,0.0,,False,True
19:41:30,Baseline,DL_quant,2.27,421.67,,,,0.352,False,True
19:41:30,Baseline,DL_float,205.2,421.67,,,,0.0,False,True
19:41:30,Baseline,Heuristic,0.1,1.01,0.296,0.005,0.0,,False,True
19:41:30,Baseline,DL_quant,2.44,422.42,,,,0.996,True,True
19:41:30,Baseline,DL_float,200.18,422.42,,,,0.0,False,True
19:41:30,Baseline,Heuristic,0.2,1.01,0.295,0.005,0.0,,False,True
19:41:30,Baseline,DL_quant,2.34,421.67,,,,0.996,True,True
19:41:30,Baseline,DL_float,200.79,421.67,,,,0.0,False,True
19:41:30,Baseline,Heuristic,0.11,1.01,0.294,0.005,0.0,,False,True
19:41:30,Baseline,DL_quant,2.3,423.09,,,,0.973,True,True
19:41:30,Baseline,DL_float,206.96,423.09,,,,0.001,False,True
19:41:31,Baseline,Heuristic,0.1,1.01,0.292,0.005,0.0,,False,True
19:41:31,Baseline,DL_quant,2.3,423.76,,,,0.996,True,True
19:41:31,Baseline,DL_float,212.26,423.76,,,,0.0,False,True
19:41:31,Baseline,Heuristic,0.12,1.01,0.291,0.005,0.0,,False,True
19:41:31,Baseline,DL_quant,2.41,423.76,,,,0.996,True,True
19:41:31,Baseline,DL_float,197.52,423.76,,,,0.0,False,True
19:41:31,Baseline,Heuristic,0.1,1.01,0.29,0.005,0.0,,False,True
19:41:31,Baseline,DL_quant,2.4,423.09,,,,0.996,True,True
19:41:31,Baseline,DL_float,207.77,423.09,,,,0.0,False,True
19:41:31,Baseline,Heuristic,0.1,1.01,0.289,0.005,0.0,,False,True
19:41:31,Baseline,DL_quant,2.24,423.84,,,,0.996,True,True
19:41:31,Baseline,DL_float,197.32,423.84,,,,0.0,False,True
19:41:32,Baseline,Heuristic,0.1,1.01,0.287,0.005,0.0,,False,True
19:41:32,Baseline,DL_quant,2.28,423.09,,,,0.387,False,True
19:41:32,Baseline,DL_float,198.88,423.09,,,,0.0,False,True
19:41:32,Baseline,Heuristic,0.1,1.01,0.286,0.005,0.0,,False,True
19:41:32,Baseline,DL_quant,2.41,423.17,,,,0.996,True,True
19:41:32,Baseline,DL_float,214.6,423.17,,,,0.0,False,True
19:41:32,Baseline,Heuristic,0.1,1.01,0.285,0.005,0.0,,False,True
19:41:32,Baseline,DL_quant,2.37,423.17,,,,0.996,True,True
19:41:32,Baseline,DL_float,207.18,423.17,,,,0.0,False,True
19:41:32,Baseline,Heuristic,0.1,1.01,0.283,0.005,0.0,,False,True
19:41:32,Baseline,DL_quant,2.28,423.09,,,,0.996,True,True
19:41:32,Baseline,DL_float,195.49,423.09,,,,0.0,False,True
19:41:33,Baseline,Heuristic,0.1,1.01,0.282,0.005,0.0,,False,True
19:41:33,Baseline,DL_quant,2.22,424.51,,,,0.996,True,True
19:41:33,Baseline,DL_float,203.51,424.51,,,,0.0,False,True
19:41:33,Baseline,Heuristic,0.11,1.01,0.281,0.005,0.0,,False,True
19:41:33,Baseline,DL_quant,2.4,422.42,,,,0.996,True,True
19:41:33,Baseline,DL_float,212.6,422.42,,,,0.0,False,True
19:41:33,Baseline,Heuristic,0.1,1.01,0.279,0.005,0.0,,False,True
19:41:33,Baseline,DL_quant,2.22,423.17,,,,0.996,True,True
19:41:33,Baseline,DL_float,197.93,423.17,,,,0.0,False,True
19:41:33,Baseline,Heuristic,0.1,1.01,0.278,0.005,0.0,,False,True
19:41:33,Baseline,DL_quant,2.31,423.17,,,,0.996,True,True
19:41:33,Baseline,DL_float,201.25,423.17,,,,0.0,False,True
19:41:34,Baseline,Heuristic,0.1,1.01,0.277,0.005,0.0,,False,True
19:41:34,Baseline,DL_quant,2.39,423.17,,,,0.996,True,True
19:41:34,Baseline,DL_float,222.23,423.17,,,,0.0,False,True
19:41:34,Baseline,Heuristic,0.1,1.01,0.275,0.005,0.0,,False,True
19:41:34,Baseline,DL_quant,2.35,424.59,,,,0.996,True,True
19:41:34,Baseline,DL_float,202.88,424.59,,,,0.036,False,True
19:41:34,Baseline,Heuristic,0.1,1.01,0.274,0.005,0.0,,False,True
19:41:34,Baseline,DL_quant,2.51,422.56,,,,0.996,True,True
19:41:34,Baseline,DL_float,201.5,422.56,,,,0.0,False,True
19:41:34,Baseline,Heuristic,0.11,1.01,0.272,0.005,0.0,,False,True
19:41:34,Baseline,DL_quant,2.42,421.82,,,,0.996,True,True
19:41:34,Baseline,DL_float,205.47,421.82,,,,0.0,False,True
19:41:35,Baseline,Heuristic,0.1,1.01,0.271,0.005,0.0,,False,True
19:41:35,Baseline,DL_quant,2.19,421.88,,,,0.996,True,True
19:41:35,Baseline,DL_float,207.49,421.88,,,,0.0,False,True
19:41:35,Baseline,Heuristic,0.1,1.01,0.27,0.005,0.0,,False,True
19:41:35,Baseline,DL_quant,2.3,422.49,,,,0.996,True,True
19:41:35,Baseline,DL_float,199.55,422.49,,,,0.0,False,True
19:41:35,Baseline,Heuristic,0.1,1.01,0.268,0.005,0.0,,False,True
19:41:35,Baseline,DL_quant,2.24,422.49,,,,0.996,True,True
19:41:35,Baseline,DL_float,203.54,422.49,,,,0.0,False,True
19:41:35,Baseline,Heuristic,0.1,1.01,0.267,0.005,0.0,,False,True
19:41:35,Baseline,DL_quant,2.21,423.17,,,,0.996,True,True
19:41:35,Baseline,DL_float,211.35,423.17,,,,0.0,False,True
19:41:35,Baseline,Heuristic,0.11,1.01,0.265,0.004,0.0,,False,True
19:41:35,Baseline,DL_quant,2.32,423.17,,,,0.992,True,True
19:41:35,Baseline,DL_float,200.71,423.17,,,,0.0,False,True
19:41:36,Baseline,Heuristic,0.1,1.01,0.264,0.004,0.0,,False,True
19:41:36,Baseline,DL_quant,2.46,422.42,,,,0.996,True,True
19:41:36,Baseline,DL_float,198.12,422.42,,,,0.0,False,True
19:41:36,Baseline,Heuristic,0.1,1.01,0.263,0.004,0.0,,False,True
19:41:36,Baseline,DL_quant,2.39,423.01,,,,0.996,True,True
19:41:36,Baseline,DL_float,207.59,423.01,,,,0.0,False,True
19:41:36,Baseline,Heuristic,0.11,1.01,0.262,0.004,0.0,,False,True
19:41:36,Baseline,DL_quant,2.2,423.01,,,,0.996,True,True
19:41:36,Baseline,DL_float,199.47,423.01,,,,0.017,False,True
19:41:36,Baseline,Heuristic,0.19,1.01,0.261,0.004,0.0,,False,True
19:41:36,Baseline,DL_quant,2.28,423.01,,,,0.996,True,True
19:41:36,Baseline,DL_float,205.0,423.01,,,,0.0,False,True
19:41:37,Baseline,Heuristic,0.11,1.01,0.26,0.004,0.0,,False,True
19:41:37,Baseline,DL_quant,2.41,423.09,,,,0.996,True,True
19:41:37,Baseline,DL_float,202.94,423.09,,,,0.0,False,True
19:41:37,Baseline,Heuristic,0.12,1.01,0.259,0.004,0.0,,False,True
19:41:37,Baseline,DL_quant,2.26,423.17,,,,0.996,True,True
19:41:37,Baseline,DL_float,202.72,423.17,,,,0.0,False,True
19:41:37,Baseline,Heuristic,0.1,1.01,0.258,0.004,0.0,,False,True
19:41:37,Baseline,DL_quant,2.41,423.17,,,,0.996,True,True
19:41:37,Baseline,DL_float,205.44,423.17,,,,0.0,False,True
19:41:37,Baseline,Heuristic,0.13,1.01,0.256,0.004,0.0,,False,True
19:41:37,Baseline,DL_quant,2.47,422.42,,,,0.996,True,True
19:41:37,Baseline,DL_float,197.32,422.42,,,,0.0,False,True
19:41:38,Baseline,Heuristic,0.1,1.01,0.255,0.004,0.0,,False,True
19:41:38,Baseline,DL_quant,2.25,423.17,,,,0.996,True,True
19:41:38,Baseline,DL_float,199.32,423.17,,,,0.0,False,True
19:41:38,Baseline,Heuristic,0.1,1.01,0.254,0.004,0.0,,False,True
19:41:38,Baseline,DL_quant,2.21,423.17,,,,0.996,True,True
19:41:38,Baseline,DL_float,197.54,423.17,,,,0.0,False,True
19:41:38,Baseline,Heuristic,0.1,1.01,0.253,0.004,0.0,,False,True
19:41:38,Baseline,DL_quant,2.5,423.17,,,,0.996,True,True
19:41:38,Baseline,DL_float,199.75,423.17,,,,0.0,False,True
19:41:38,Baseline,Heuristic,0.1,1.01,0.252,0.004,0.0,,False,True
19:41:38,Baseline,DL_quant,2.22,423.17,,,,0.996,True,True
19:41:38,Baseline,DL_float,201.96,423.17,,,,0.001,False,True
19:41:39,Baseline,Heuristic,0.1,1.01,0.251,0.004,0.0,,False,True
19:41:39,Baseline,DL_quant,2.29,423.84,,,,0.996,True,True
19:41:39,Baseline,DL_float,201.11,423.84,,,,0.0,False,True
19:41:39,Baseline,Heuristic,0.12,1.01,0.25,0.004,0.0,,False,True
19:41:39,Baseline,DL_quant,2.59,423.09,,,,0.996,True,True
19:41:39,Baseline,DL_float,221.23,423.09,,,,0.0,False,True
19:41:39,Baseline,Heuristic,0.1,1.01,0.249,0.004,0.0,,False,True
19:41:39,Baseline,DL_quant,2.22,423.76,,,,0.996,True,True
19:41:39,Baseline,DL_float,199.7,423.76,,,,0.0,False,True
19:41:39,Baseline,Heuristic,0.1,1.01,0.248,0.004,0.0,,False,True
19:41:39,Baseline,DL_quant,2.23,423.76,,,,0.996,True,True
19:41:39,Baseline,DL_float,202.99,423.76,,,,0.0,False,True
19:41:39,Baseline,Heuristic,0.11,1.01,0.247,0.004,0.0,,False,True
19:41:39,Baseline,DL_quant,2.26,423.76,,,,0.996,True,True
19:41:39,Baseline,DL_float,203.93,423.76,,,,0.0,False,True
19:41:40,Baseline,Heuristic,0.1,1.01,0.246,0.004,0.0,,False,True
19:41:40,Baseline,DL_quant,2.33,423.76,,,,0.996,True,True
19:41:40,Baseline,DL_float,205.81,423.76,,,,0.0,False,True
19:41:40,Baseline,Heuristic,0.1,1.01,0.245,0.004,0.0,,False,True
19:41:40,Baseline,DL_quant,2.45,423.84,,,,0.996,True,True
19:41:40,Baseline,DL_float,200.04,423.84,,,,0.0,False,True
19:41:40,Baseline,Heuristic,0.1,1.01,0.244,0.004,0.0,,False,True
19:41:40,Baseline,DL_quant,2.39,423.84,,,,0.996,True,True
19:41:40,Baseline,DL_float,201.35,423.84,,,,0.0,False,True
19:41:40,Baseline,Heuristic,0.1,1.01,0.244,0.004,0.0,,False,True
19:41:40,Baseline,DL_quant,2.26,423.84,,,,0.996,True,True
19:41:40,Baseline,DL_float,203.99,423.84,,,,0.002,False,True
19:41:41,Baseline,Heuristic,0.1,1.01,0.243,0.004,0.0,,False,True
19:41:41,Baseline,DL_quant,2.33,423.91,,,,0.996,True,True
19:41:41,Baseline,DL_float,199.02,423.91,,,,0.002,False,True
19:41:41,Baseline,Heuristic,0.1,1.01,0.242,0.004,0.0,,False,True
19:41:41,Baseline,DL_quant,2.35,423.91,,,,0.996,True,True
19:41:41,Baseline,DL_float,199.61,423.91,,,,0.162,False,True
19:41:41,Baseline,Heuristic,0.1,1.01,0.241,0.004,0.0,,False,True
19:41:41,Baseline,DL_quant,2.51,423.91,,,,0.996,True,True
19:41:41,Baseline,DL_float,211.68,423.91,,,,0.045,False,True
19:41:41,Baseline,Heuristic,0.1,1.01,0.24,0.004,0.0,,False,True
19:41:41,Baseline,DL_quant,2.29,423.91,,,,0.996,True,True
19:41:41,Baseline,DL_float,196.64,423.91,,,,0.172,False,True
19:41:42,Baseline,Heuristic,0.11,1.27,0.239,0.004,0.0,,False,True
19:41:42,Baseline,DL_quant,2.37,425.27,,,,0.996,True,True
19:41:42,Baseline,DL_float,196.75,425.27,,,,0.016,False,True
19:41:42,Baseline,Heuristic,0.11,1.01,0.238,0.004,0.0,,False,True
19:41:42,Baseline,DL_quant,2.26,423.91,,,,0.996,True,True
19:41:42,Baseline,DL_float,199.81,423.91,,,,0.196,False,True
19:41:42,Baseline,Heuristic,0.1,1.01,0.237,0.004,0.0,,False,True
19:41:42,Baseline,DL_quant,2.2,424.59,,,,0.996,True,True
19:41:42,Baseline,DL_float,201.9,424.59,,,,0.0,False,True
19:41:42,Baseline,Heuristic,0.1,1.01,0.236,0.004,0.0,,False,True
19:41:42,Baseline,DL_quant,2.29,422.49,,,,0.996,True,True
19:41:42,Baseline,DL_float,198.43,422.49,,,,0.018,False,True
19:41:42,Baseline,Heuristic,0.1,1.01,0.235,0.004,0.0,,False,True
19:41:42,Baseline,DL_quant,2.21,422.49,,,,0.996,True,True
19:41:42,Baseline,DL_float,200.8,422.49,,,,0.0,False,True
19:41:43,Baseline,Heuristic,0.1,1.01,0.234,0.004,0.0,,False,True
19:41:43,Baseline,DL_quant,2.24,422.49,,,,0.996,True,True
19:41:43,Baseline,DL_float,204.09,422.49,,,,0.0,False,True
19:41:43,Baseline,Heuristic,0.1,1.01,0.233,0.004,0.0,,False,True
19:41:43,Baseline,DL_quant,2.94,423.24,,,,0.996,True,True
19:41:43,Baseline,DL_float,201.23,423.24,,,,0.006,False,True
19:41:43,Baseline,Heuristic,0.1,1.01,0.232,0.004,0.0,,False,True
19:41:43,Baseline,DL_quant,2.43,422.49,,,,0.996,True,True
19:41:43,Baseline,DL_float,205.53,422.49,,,,0.0,False,True
19:41:43,Baseline,Heuristic,0.13,1.01,0.231,0.004,0.0,,False,True
19:41:43,Baseline,DL_quant,2.38,422.49,,,,0.996,True,True
19:41:43,Baseline,DL_float,216.15,422.49,,,,0.0,False,True
19:41:44,Baseline,Heuristic,0.1,1.01,0.23,0.004,0.0,,False,True
19:41:44,Baseline,DL_quant,2.23,423.91,,,,0.996,True,True
19:41:44,Baseline,DL_float,198.53,423.91,,,,0.0,False,True
19:41:44,Baseline,Heuristic,0.25,1.01,0.229,0.004,0.0,,False,True
19:41:44,Baseline,DL_quant,2.27,423.91,,,,0.996,True,True
19:41:44,Baseline,DL_float,197.08,423.91,,,,0.0,False,True
19:41:44,Baseline,Heuristic,0.1,1.01,0.228,0.004,0.0,,False,True
19:41:44,Baseline,DL_quant,2.56,425.27,,,,0.996,True,True
19:41:44,Baseline,DL_float,199.92,425.27,,,,0.0,False,True
19:41:44,Baseline,Heuristic,0.11,1.01,0.227,0.004,0.0,,False,True
19:41:44,Baseline,DL_quant,2.46,424.59,,,,0.996,True,True
19:41:44,Baseline,DL_float,199.4,424.59,,,,0.0,False,True
19:41:45,Baseline,Heuristic,0.1,1.01,0.227,0.004,0.0,,False,True
19:41:45,Baseline,DL_quant,2.24,422.49,,,,0.996,True,True
19:41:45,Baseline,DL_float,199.33,422.49,,,,0.004,False,True
19:41:45,Baseline,Heuristic,0.13,1.01,0.226,0.004,0.0,,False,True
19:41:45,Baseline,DL_quant,2.3,423.09,,,,0.996,True,True
19:41:45,Baseline,DL_float,203.49,423.09,,,,0.0,False,True
19:41:45,Baseline,Heuristic,0.1,1.01,0.225,0.004,0.0,,False,True
19:41:45,Baseline,DL_quant,2.6,423.76,,,,0.996,True,True
19:41:45,Baseline,DL_float,202.75,423.76,,,,0.0,False,True
19:41:45,Baseline,Heuristic,0.11,1.01,0.224,0.004,0.0,,False,True
19:41:45,Baseline,DL_quant,2.24,424.51,,,,0.996,True,True
19:41:45,Baseline,DL_float,198.48,424.51,,,,0.0,False,True
19:41:46,Baseline,Heuristic,0.1,1.01,0.224,0.004,0.0,,False,True
19:41:46,Baseline,DL_quant,2.43,423.09,,,,0.996,True,True
19:41:46,Baseline,DL_float,212.12,423.09,,,,0.0,False,True
19:41:46,Baseline,Heuristic,0.14,1.01,0.223,0.004,0.0,,False,True
19:41:46,Baseline,DL_quant,2.83,423.84,,,,0.996,True,True
19:41:46,Baseline,DL_float,198.43,423.84,,,,0.0,False,True
19:41:46,Baseline,Heuristic,0.12,1.01,0.222,0.004,0.0,,False,True
19:41:46,Baseline,DL_quant,2.34,423.84,,,,0.996,True,True
19:41:46,Baseline,DL_float,200.64,423.84,,,,0.004,False,True
19:41:46,Baseline,Heuristic,0.1,1.01,0.222,0.004,0.0,,False,True
19:41:46,Baseline,DL_quant,2.21,424.59,,,,0.996,True,True
19:41:46,Baseline,DL_float,199.08,424.59,,,,0.003,False,True
19:41:46,Baseline,Heuristic,0.1,1.01,0.221,0.004,0.0,,False,True
19:41:46,Baseline,DL_quant,2.28,424.59,,,,0.996,True,True
19:41:46,Baseline,DL_float,195.54,424.59,,,,0.0,False,True
19:41:47,Baseline,Heuristic,0.11,1.01,0.22,0.004,0.0,,False,True
19:41:47,Baseline,DL_quant,2.33,423.24,,,,0.996,True,True
19:41:47,Baseline,DL_float,198.45,423.24,,,,0.0,False,True
19:41:47,Baseline,Heuristic,0.19,1.01,0.22,0.004,0.0,,False,True
19:41:47,Baseline,DL_quant,2.43,424.59,,,,0.996,True,True
19:41:47,Baseline,DL_float,201.9,424.59,,,,0.0,False,True
19:41:47,Baseline,Heuristic,0.12,1.01,0.219,0.004,0.0,,False,True
19:41:47,Baseline,DL_quant,2.74,423.84,,,,0.996,True,True
19:41:47,Baseline,DL_float,199.53,423.84,,,,0.0,False,True
19:41:47,Baseline,Heuristic,0.11,1.01,0.218,0.004,0.0,,False,True
19:41:47,Baseline,DL_quant,2.33,423.84,,,,0.996,True,True
19:41:47,Baseline,DL_float,198.59,423.84,,,,0.0,False,True
19:41:48,Baseline,Heuristic,0.1,1.01,0.218,0.004,0.0,,False,True
19:41:48,Baseline,DL_quant,2.39,423.17,,,,0.996,True,True
19:41:48,Baseline,DL_float,202.41,423.17,,,,0.0,False,True
19:41:48,Baseline,Heuristic,0.11,1.01,0.217,0.004,0.0,,False,True
19:41:48,Baseline,DL_quant,2.36,423.84,,,,0.996,True,True
19:41:48,Baseline,DL_float,210.65,423.84,,,,0.0,False,True
19:41:48,Baseline,Heuristic,0.19,1.01,0.216,0.004,0.0,,False,True
19:41:48,Baseline,DL_quant,3.65,422.49,,,,0.996,True,True
19:41:48,Baseline,DL_float,211.73,422.49,,,,0.022,False,True
19:41:48,Baseline,Heuristic,0.21,1.01,0.216,0.004,0.0,,False,True
19:41:48,Baseline,DL_quant,2.81,423.24,,,,0.996,True,True
19:41:48,Baseline,DL_float,201.0,423.24,,,,0.001,False,True
19:41:49,Baseline,Heuristic,0.11,1.01,0.215,0.004,0.0,,False,True
19:41:49,Baseline,DL_quant,2.36,423.09,,,,0.996,True,True
19:41:49,Baseline,DL_float,201.18,423.09,,,,0.001,False,True
19:41:49,Baseline,Heuristic,0.14,1.01,0.215,0.003,0.0,,False,True
19:41:49,Baseline,DL_quant,2.46,424.43,,,,0.996,True,True
19:41:49,Baseline,DL_float,204.32,424.43,,,,0.002,False,True
19:41:49,Baseline,Heuristic,0.11,1.01,0.215,0.003,0.0,,False,True
19:41:49,Baseline,DL_quant,2.8,423.01,,,,0.996,True,True
19:41:49,Baseline,DL_float,204.29,423.01,,,,0.0,False,True
19:41:49,Baseline,Heuristic,0.1,1.01,0.214,0.003,0.0,,False,True
19:41:49,Baseline,DL_quant,2.43,423.76,,,,0.996,True,True
19:41:49,Baseline,DL_float,197.4,423.76,,,,0.0,False,True
19:41:50,Baseline,Heuristic,0.15,1.01,0.214,0.003,0.0,,False,True
19:41:50,Baseline,DL_quant,2.3,424.43,,,,0.996,True,True
19:41:50,Baseline,DL_float,208.35,424.43,,,,0.0,False,True
19:41:50,Baseline,Heuristic,0.1,1.01,0.214,0.003,0.0,,False,True
19:41:50,Baseline,DL_quant,2.21,424.43,,,,0.996,True,True
19:41:50,Baseline,DL_float,198.96,424.43,,,,0.0,False,True
19:41:50,Baseline,Heuristic,0.11,1.01,0.214,0.004,0.0,,False,True
19:41:50,Baseline,DL_quant,2.39,423.76,,,,0.996,True,True
19:41:50,Baseline,DL_float,199.73,423.76,,,,0.0,False,True
19:41:50,Baseline,Heuristic,0.1,1.01,0.214,0.004,0.0,,False,True
19:41:50,Baseline,DL_quant,2.54,423.76,,,,0.996,True,True
19:41:50,Baseline,DL_float,209.07,423.76,,,,0.0,False,True
19:41:50,Baseline,Heuristic,0.11,1.01,0.214,0.004,0.0,,False,True
19:41:50,Baseline,DL_quant,2.26,423.76,,,,0.996,True,True
19:41:50,Baseline,DL_float,203.71,423.76,,,,0.0,False,True
19:41:51,Baseline,Heuristic,0.11,1.01,0.213,0.004,0.0,,False,True
19:41:51,Baseline,DL_quant,2.59,423.09,,,,0.996,True,True
19:41:51,Baseline,DL_float,201.62,423.09,,,,0.0,False,True
19:41:51,Baseline,Heuristic,0.1,1.01,0.213,0.004,0.0,,False,True
19:41:51,Baseline,DL_quant,2.29,423.09,,,,0.992,True,True
19:41:51,Baseline,DL_float,204.49,423.09,,,,0.0,False,True
19:41:51,Baseline,Heuristic,0.1,1.01,0.213,0.004,0.0,,False,True
19:41:51,Baseline,DL_quant,2.48,423.91,,,,0.996,True,True
19:41:51,Baseline,DL_float,201.74,423.91,,,,0.0,False,True
19:41:51,Baseline,Heuristic,0.1,1.01,0.213,0.004,0.0,,False,True
19:41:51,Baseline,DL_quant,2.34,423.84,,,,0.996,True,True
19:41:51,Baseline,DL_float,199.92,423.84,,,,0.0,False,True
19:41:52,Baseline,Heuristic,0.1,1.01,0.212,0.004,0.0,,False,True
19:41:52,Baseline,DL_quant,2.27,423.17,,,,0.996,True,True
19:41:52,Baseline,DL_float,205.77,423.17,,,,0.0,False,True
19:41:52,Baseline,Heuristic,0.11,1.01,0.212,0.004,0.0,,False,True
19:41:52,Baseline,DL_quant,2.32,423.84,,,,0.992,True,True
19:41:52,Baseline,DL_float,204.15,423.84,,,,0.0,False,True
19:41:52,Baseline,Heuristic,0.11,1.01,0.212,0.004,0.0,,False,True
19:41:52,Baseline,DL_quant,2.34,424.51,,,,0.996,True,True
19:41:52,Baseline,DL_float,199.0,424.51,,,,0.0,False,True
19:41:52,Baseline,Heuristic,0.13,1.01,0.211,0.004,0.0,,False,True
19:41:52,Baseline,DL_quant,2.36,423.17,,,,0.996,True,True
19:41:52,Baseline,DL_float,202.76,423.17,,,,0.0,False,True
19:41:53,Baseline,Heuristic,0.11,1.01,0.211,0.004,0.0,,False,True
19:41:53,Baseline,DL_quant,2.28,423.17,,,,0.996,True,True
19:41:53,Baseline,DL_float,204.95,423.17,,,,0.0,False,True
19:41:53,Baseline,Heuristic,0.11,1.01,0.21,0.004,0.0,,False,True
19:41:53,Baseline,DL_quant,2.48,423.91,,,,0.996,True,True
19:41:53,Baseline,DL_float,197.48,423.91,,,,0.0,False,True
19:41:53,Baseline,Heuristic,0.1,1.01,0.21,0.004,0.0,,False,True
19:41:53,Baseline,DL_quant,2.37,423.09,,,,0.996,True,True
19:41:53,Baseline,DL_float,205.69,423.09,,,,0.0,False,True
19:41:53,Baseline,Heuristic,0.17,1.01,0.209,0.004,0.0,,False,True
19:41:53,Baseline,DL_quant,2.4,423.09,,,,0.996,True,True
19:41:53,Baseline,DL_float,202.95,423.09,,,,0.0,False,True
19:41:53,Baseline,Heuristic,0.1,1.01,0.209,0.004,0.0,,False,True
19:41:53,Baseline,DL_quant,2.51,422.42,,,,0.996,True,True
19:41:53,Baseline,DL_float,198.81,422.42,,,,0.0,False,True
19:41:54,Baseline,Heuristic,0.11,1.01,0.208,0.004,0.0,,False,True
19:41:54,Baseline,DL_quant,2.29,423.17,,,,0.996,True,True
19:41:54,Baseline,DL_float,205.04,423.17,,,,0.0,False,True
19:41:54,Baseline,Heuristic,0.13,1.01,0.208,0.004,0.0,,False,True
19:41:54,Baseline,DL_quant,2.36,423.17,,,,0.996,True,True
19:41:54,Baseline,DL_float,201.15,423.17,,,,0.0,False,True
19:41:54,Baseline,Heuristic,0.1,1.01,0.207,0.004,0.0,,False,True
19:41:54,Baseline,DL_quant,2.54,423.91,,,,0.996,True,True
19:41:54,Baseline,DL_float,199.94,423.91,,,,0.0,False,True
19:41:54,Baseline,Heuristic,0.1,1.01,0.207,0.004,0.0,,False,True
19:41:54,Baseline,DL_quant,2.23,423.84,,,,0.996,True,True
19:41:54,Baseline,DL_float,202.01,423.84,,,,0.002,False,True
19:41:55,Baseline,Heuristic,0.11,1.01,0.206,0.004,0.0,,False,True
19:41:55,Baseline,DL_quant,2.33,423.91,,,,0.996,True,True
19:41:55,Baseline,DL_float,204.9,423.91,,,,0.0,False,True
19:41:55,Baseline,Heuristic,0.11,1.01,0.205,0.004,0.0,,False,True
19:41:55,Baseline,DL_quant,2.38,423.17,,,,0.996,True,True
19:41:55,Baseline,DL_float,200.67,423.17,,,,0.0,False,True
19:41:55,Baseline,Heuristic,0.11,1.01,0.205,0.004,0.0,,False,True
19:41:55,Baseline,DL_quant,2.3,423.91,,,,0.996,True,True
19:41:55,Baseline,DL_float,203.12,423.91,,,,0.001,False,True
19:41:55,Baseline,Heuristic,0.11,1.01,0.204,0.004,0.0,,False,True
19:41:55,Baseline,DL_quant,2.28,423.17,,,,0.996,True,True
19:41:55,Baseline,DL_float,197.68,423.17,,,,0.0,False,True
19:41:56,Baseline,Heuristic,0.1,1.01,0.204,0.004,0.0,,False,True
19:41:56,Baseline,DL_quant,2.51,423.84,,,,0.996,True,True
19:41:56,Baseline,DL_float,198.52,423.84,,,,0.008,False,True
19:41:56,Baseline,Heuristic,0.12,1.01,0.203,0.004,0.0,,False,True
19:41:56,Baseline,DL_quant,2.54,423.84,,,,0.996,True,True
19:41:56,Baseline,DL_float,203.82,423.84,,,,0.0,False,True
19:41:56,Baseline,Heuristic,0.11,1.01,0.203,0.004,0.0,,False,True
19:41:56,Baseline,DL_quant,2.33,424.51,,,,0.996,True,True
19:41:56,Baseline,DL_float,203.57,424.51,,,,0.0,False,True
19:41:56,Baseline,Heuristic,0.1,1.01,0.202,0.004,0.0,,False,True
19:41:56,Baseline,DL_quant,2.28,423.84,,,,0.996,True,True
19:41:56,Baseline,DL_float,199.73,423.84,,,,0.0,False,True
19:41:57,Baseline,Heuristic,0.11,1.27,0.201,0.004,0.0,,False,True
19:41:57,Baseline,DL_quant,2.28,423.84,,,,0.996,True,True
19:41:57,Baseline,DL_float,197.92,423.84,,,,0.0,False,True
19:41:57,Baseline,Heuristic,0.1,1.01,0.201,0.004,0.0,,False,True
19:41:57,Baseline,DL_quant,2.3,424.51,,,,0.996,True,True
19:41:57,Baseline,DL_float,197.69,424.51,,,,0.006,False,True
19:41:57,Baseline,Heuristic,0.1,1.01,0.201,0.004,0.0,,False,True
19:41:57,Baseline,DL_quant,2.44,423.84,,,,0.996,True,True
19:41:57,Baseline,DL_float,212.37,423.84,,,,0.0,False,True
19:41:57,Baseline,Heuristic,0.1,1.01,0.2,0.004,0.0,,False,True
19:41:57,Baseline,DL_quant,2.44,423.84,,,,0.996,True,True
19:41:57,Baseline,DL_float,205.42,423.84,,,,0.0,False,True
19:41:57,Baseline,Heuristic,0.1,1.01,0.2,0.004,0.002,,False,True
19:41:57,Baseline,DL_quant,2.23,424.51,,,,0.996,True,True
19:41:57,Baseline,DL_float,200.15,424.51,,,,0.006,False,True
19:41:58,Baseline,Heuristic,0.11,1.01,0.199,0.004,0.004,,False,True
19:41:58,Baseline,DL_quant,2.46,425.86,,,,0.996,True,True
19:41:58,Baseline,DL_float,199.89,425.86,,,,0.0,False,True
19:41:58,Baseline,Heuristic,0.11,1.01,0.199,0.004,0.005,,False,True
19:41:58,Baseline,DL_quant,2.21,435.29,,,,0.078,False,True
19:41:58,Baseline,DL_float,199.11,435.29,,,,0.001,False,True
19:41:58,Baseline,Heuristic,0.13,1.01,0.198,0.005,0.007,,False,True
19:41:58,Baseline,DL_quant,2.31,441.65,,,,0.773,False,True
19:41:58,Baseline,DL_float,201.84,441.65,,,,0.0,False,True
19:41:58,Baseline,Heuristic,0.11,1.01,0.198,0.006,0.009,,False,True
19:41:58,Baseline,DL_quant,2.36,442.33,,,,0.996,True,True
19:41:58,Baseline,DL_float,196.66,442.33,,,,0.573,False,True
19:41:59,Baseline,Heuristic,0.1,1.01,0.197,0.007,0.011,,False,True
19:41:59,Baseline,DL_quant,2.31,445.35,,,,0.996,True,True
19:41:59,Baseline,DL_float,205.88,445.35,,,,0.0,False,True
19:41:59,Baseline,Heuristic,0.1,1.01,0.197,0.009,0.013,,False,True
19:41:59,Baseline,DL_quant,2.27,446.72,,,,0.949,True,True
19:41:59,Baseline,DL_float,200.02,446.72,,,,0.0,False,True
19:41:59,Baseline,Heuristic,0.27,1.01,0.196,0.011,0.014,,False,True
19:41:59,Baseline,DL_quant,2.27,448.24,,,,0.996,True,True
19:41:59,Baseline,DL_float,201.31,448.24,,,,0.0,False,True
19:41:59,Baseline,Heuristic,0.1,1.01,0.195,0.013,0.016,,False,True
19:41:59,Baseline,DL_quant,2.28,447.56,,,,0.996,True,True
19:41:59,Baseline,DL_float,216.88,447.56,,,,0.0,False,True
19:42:00,Baseline,Heuristic,0.11,1.01,0.195,0.015,0.018,,False,True
19:42:00,Baseline,DL_quant,2.29,448.09,,,,0.996,True,True
19:42:00,Baseline,DL_float,200.25,448.09,,,,0.003,False,True
19:42:00,Baseline,Heuristic,0.1,1.01,0.194,0.017,0.02,,False,True
19:42:00,Baseline,DL_quant,2.4,448.09,,,,0.984,True,True
19:42:00,Baseline,DL_float,201.1,448.09,,,,0.003,False,True
19:42:00,Baseline,Heuristic,0.11,1.01,0.193,0.02,0.021,,False,True
19:42:00,Baseline,DL_quant,2.3,448.24,,,,0.996,True,True
19:42:00,Baseline,DL_float,199.25,448.24,,,,0.0,False,True
19:42:00,Baseline,Heuristic,0.1,1.01,0.192,0.023,0.023,,False,True
19:42:00,Baseline,DL_quant,2.17,446.72,,,,0.996,True,True
19:42:00,Baseline,DL_float,205.02,446.72,,,,0.158,False,True
19:42:01,Baseline,Heuristic,0.11,1.01,0.192,0.025,0.025,,False,True
19:42:01,Baseline,DL_quant,2.23,436.33,,,,0.934,True,True
19:42:01,Baseline,DL_float,200.68,436.33,,,,0.0,False,True
19:42:01,Baseline,Heuristic,0.1,1.01,0.191,0.027,0.027,,False,True
19:42:01,Baseline,DL_quant,2.31,431.46,,,,0.992,True,True
19:42:01,Baseline,DL_float,197.93,431.46,,,,0.008,False,True
19:42:01,Baseline,Heuristic,0.1,1.01,0.19,0.029,0.028,,False,True
19:42:01,Baseline,DL_quant,2.39,430.95,,,,0.98,True,True
19:42:01,Baseline,DL_float,199.29,430.95,,,,0.001,False,True
19:42:01,Baseline,Heuristic,0.1,1.01,0.19,0.031,0.03,,False,True
19:42:01,Baseline,DL_quant,2.27,432.32,,,,0.996,True,True
19:42:01,Baseline,DL_float,198.27,432.32,,,,0.001,False,True
19:42:01,Baseline,Heuristic,0.1,1.01,0.189,0.032,0.032,,False,True
19:42:01,Baseline,DL_quant,2.36,431.55,,,,0.996,True,True
19:42:01,Baseline,DL_float,205.08,431.55,,,,0.025,False,True
19:42:02,Baseline,Heuristic,0.11,1.01,0.189,0.034,0.034,,False,True
19:42:02,Baseline,DL_quant,2.25,431.55,,,,0.996,True,True
19:42:02,Baseline,DL_float,210.72,431.55,,,,0.035,False,True
19:42:02,Baseline,Heuristic,0.1,1.01,0.188,0.035,0.035,,False,True
19:42:02,Baseline,DL_quant,2.31,430.0,,,,0.996,True,True
19:42:02,Baseline,DL_float,197.29,430.0,,,,0.662,False,True
19:42:02,Baseline,Heuristic,0.1,1.01,0.188,0.036,0.037,,False,True
19:42:02,Baseline,DL_quant,2.27,431.46,,,,0.996,True,True
19:42:02,Baseline,DL_float,198.73,431.46,,,,0.007,False,True
19:42:02,Baseline,Heuristic,0.1,1.01,0.188,0.036,0.039,,False,True
19:42:02,Baseline,DL_quant,2.37,431.46,,,,0.996,True,True
19:42:02,Baseline,DL_float,204.21,431.46,,,,0.001,False,True
19:42:03,Baseline,Heuristic,0.11,1.01,0.188,0.037,0.04,,False,True
19:42:03,Baseline,DL_quant,2.33,431.46,,,,0.996,True,True
19:42:03,Baseline,DL_float,197.79,431.46,,,,0.0,False,True
19:42:03,Baseline,Heuristic,0.11,1.01,0.188,0.038,0.042,,False,True
19:42:03,Baseline,DL_quant,2.35,431.46,,,,0.996,True,True
19:42:03,Baseline,DL_float,198.57,431.46,,,,0.005,False,True
19:42:03,Baseline,Heuristic,0.1,1.01,0.188,0.038,0.044,,False,True
19:42:03,Baseline,DL_quant,2.31,431.36,,,,0.996,True,True
19:42:03,Baseline,DL_float,204.4,431.36,,,,0.096,False,True
19:42:03,Baseline,Heuristic,0.11,1.01,0.188,0.039,0.045,,False,True
19:42:03,Baseline,DL_quant,2.26,431.36,,,,0.996,True,True
19:42:03,Baseline,DL_float,200.57,431.36,,,,0.0,False,True
19:42:04,Baseline,Heuristic,0.11,1.01,0.189,0.039,0.047,,False,True
19:42:04,Baseline,DL_quant,2.43,433.5,,,,0.996,True,True
19:42:04,Baseline,DL_float,196.41,433.5,,,,0.0,False,True
19:42:04,Baseline,Heuristic,0.1,1.01,0.189,0.039,0.049,,False,True
19:42:04,Baseline,DL_quant,2.26,433.5,,,,0.996,True,True
19:42:04,Baseline,DL_float,221.85,433.5,,,,0.0,False,True
19:42:04,Baseline,Heuristic,0.1,1.01,0.19,0.039,0.05,,False,True
19:42:04,Baseline,DL_quant,2.3,432.71,,,,0.996,True,True
19:42:04,Baseline,DL_float,207.06,432.71,,,,0.0,False,True
19:42:04,Baseline,Heuristic,0.1,1.01,0.19,0.04,0.052,,False,True
19:42:04,Baseline,DL_quant,2.21,432.71,,,,0.996,True,True
19:42:04,Baseline,DL_float,199.54,432.71,,,,0.0,False,True
19:42:05,Baseline,Heuristic,0.11,1.01,0.191,0.04,0.054,,False,True
19:42:05,Baseline,DL_quant,2.28,432.14,,,,0.996,True,True
19:42:05,Baseline,DL_float,207.94,432.14,,,,0.0,False,True
19:42:05,Baseline,Heuristic,0.1,1.01,0.191,0.04,0.055,,False,True
19:42:05,Baseline,DL_quant,2.22,427.12,,,,0.996,True,True
19:42:05,Baseline,DL_float,200.13,427.12,,,,0.0,False,True
19:42:05,Baseline,Heuristic,0.11,1.01,0.192,0.04,0.057,,False,True
19:42:05,Baseline,DL_quant,2.21,424.15,,,,0.078,False,True
19:42:05,Baseline,DL_float,202.55,424.15,,,,0.0,False,True
19:42:05,Baseline,Heuristic,0.12,1.01,0.192,0.04,0.058,,False,True
19:42:05,Baseline,DL_quant,2.43,420.75,,,,0.102,False,True
19:42:05,Baseline,DL_float,199.33,420.75,,,,0.0,False,True
19:42:05,Baseline,Heuristic,0.1,1.01,0.193,0.04,0.06,,False,True
19:42:05,Baseline,DL_quant,2.19,413.76,,,,0.0,False,True
19:42:05,Baseline,DL_float,210.02,413.76,,,,0.0,False,True
19:42:06,Baseline,Heuristic,0.1,1.01,0.193,0.04,0.062,,False,False
19:42:06,Baseline,DL_quant,2.64,413.02,,,,0.824,True,False
19:42:06,Baseline,DL_float,198.32,413.02,,,,0.0,False,False
19:42:06,Baseline,Heuristic,0.1,1.01,0.194,0.04,0.063,,False,False
19:42:06,Baseline,DL_quant,2.16,413.67,,,,0.066,False,False
19:42:06,Baseline,DL_float,199.4,413.67,,,,0.0,False,False
19:42:06,Baseline,Heuristic,0.12,1.01,0.195,0.04,0.065,,False,False
19:42:06,Baseline,DL_quant,2.39,415.79,,,,0.949,True,False
19:42:06,Baseline,DL_float,204.4,415.79,,,,0.0,False,False
19:42:06,Baseline,Heuristic,0.1,1.01,0.195,0.039,0.066,,False,False
19:42:06,Baseline,DL_quant,2.22,413.12,,,,0.008,False,False
19:42:06,Baseline,DL_float,202.17,413.12,,,,0.0,False,False
19:42:07,Baseline,Heuristic,0.1,1.01,0.196,0.039,0.068,,False,False
19:42:07,Baseline,DL_quant,2.71,410.37,,,,0.941,True,False
19:42:07,Baseline,DL_float,199.97,410.37,,,,0.0,False,False
19:42:07,Baseline,Heuristic,0.1,1.01,0.197,0.039,0.07,,False,False
19:42:07,Baseline,DL_quant,2.29,403.69,,,,0.422,False,False
19:42:07,Baseline,DL_float,204.31,403.69,,,,0.0,False,False
19:42:07,Baseline,Heuristic,0.1,1.01,0.198,0.039,0.071,,False,False
19:42:07,Baseline,DL_quant,2.22,402.98,,,,0.285,False,False
19:42:07,Baseline,DL_float,197.9,402.98,,,,0.0,False,False
19:42:07,Baseline,Heuristic,0.11,1.01,0.198,0.039,0.073,,False,False
19:42:07,Baseline,DL_quant,2.21,402.58,,,,0.578,False,False
19:42:07,Baseline,DL_float,201.81,402.58,,,,0.0,False,False
19:42:08,Baseline,Heuristic,0.1,1.01,0.199,0.039,0.074,,False,False
19:42:08,Baseline,DL_quant,2.22,395.48,,,,0.5,False,False
19:42:08,Baseline,DL_float,204.05,395.48,,,,0.0,False,False
19:42:08,Baseline,Heuristic,0.1,1.01,0.2,0.038,0.076,,False,False
19:42:08,Baseline,DL_quant,3.08,394.07,,,,0.91,True,False
19:42:08,Baseline,DL_float,201.97,394.07,,,,0.0,False,False
19:42:08,Baseline,Heuristic,0.1,1.01,0.2,0.038,0.076,,False,False
19:42:08,Baseline,DL_quant,2.25,387.53,,,,0.996,True,False
19:42:08,Baseline,DL_float,204.66,387.53,,,,0.0,False,False
19:42:08,Baseline,Heuristic,0.1,1.01,0.201,0.038,0.076,,False,False
19:42:08,Baseline,DL_quant,2.41,387.73,,,,0.227,False,False
19:42:08,Baseline,DL_float,200.25,387.73,,,,0.0,False,False
19:42:08,Baseline,Heuristic,0.11,1.01,0.202,0.038,0.076,,False,False
19:42:08,Baseline,DL_quant,2.27,387.07,,,,0.684,False,False
19:42:08,Baseline,DL_float,208.05,387.07,,,,0.0,False,False
19:42:09,Baseline,Heuristic,0.1,1.01,0.203,0.037,0.075,,False,False
19:42:09,Baseline,DL_quant,2.55,385.75,,,,0.254,False,False
19:42:09,Baseline,DL_float,203.03,385.75,,,,0.0,False,False
19:42:09,Baseline,Heuristic,0.1,1.01,0.204,0.037,0.075,,False,False
19:42:09,Baseline,DL_quant,2.26,391.43,,,,0.0,False,False
19:42:09,Baseline,DL_float,197.58,391.43,,,,0.0,False,False
19:42:09,Baseline,Heuristic,0.21,1.01,0.205,0.037,0.075,,False,False
19:42:09,Baseline,DL_quant,2.4,397.84,,,,0.746,False,False
19:42:09,Baseline,DL_float,197.74,397.84,,,,0.0,False,False
19:42:09,Baseline,Heuristic,0.1,1.01,0.205,0.036,0.075,,False,False
19:42:09,Baseline,DL_quant,2.47,402.35,,,,0.996,True,False
19:42:09,Baseline,DL_float,197.29,402.35,,,,0.0,False,False
19:42:10,Baseline,Heuristic,0.1,1.01,0.206,0.036,0.075,,False,False
19:42:10,Baseline,DL_quant,2.3,407.25,,,,0.0,False,False
19:42:10,Baseline,DL_float,202.56,407.25,,,,0.0,False,False
19:42:10,Baseline,Heuristic,0.1,1.01,0.207,0.036,0.075,,False,False
19:42:10,Baseline,DL_quant,2.25,412.56,,,,0.961,True,False
19:42:10,Baseline,DL_float,197.75,412.56,,,,0.0,False,False
19:42:10,Baseline,Heuristic,0.1,1.01,0.207,0.036,0.075,,False,False
19:42:10,Baseline,DL_quant,2.28,415.32,,,,0.09,False,False
19:42:10,Baseline,DL_float,197.3,415.32,,,,0.0,False,False
19:42:10,Baseline,Heuristic,0.11,1.01,0.208,0.035,0.075,,False,False
19:42:10,Baseline,DL_quant,2.29,417.37,,,,0.004,False,False
19:42:10,Baseline,DL_float,200.02,417.37,,,,0.0,False,False
19:42:11,Baseline,Heuristic,0.1,1.01,0.209,0.035,0.074,,False,False
19:42:11,Baseline,DL_quant,2.45,418.68,,,,0.0,False,False
19:42:11,Baseline,DL_float,204.16,418.68,,,,0.0,False,False
19:42:11,Baseline,Heuristic,0.18,1.01,0.21,0.035,0.074,,False,False
19:42:11,Baseline,DL_quant,3.91,416.63,,,,0.008,False,False
19:42:11,Baseline,DL_float,217.21,416.63,,,,0.0,False,False
19:42:11,Baseline,Heuristic,0.1,1.01,0.21,0.034,0.074,,False,False
19:42:11,Baseline,DL_quant,2.24,416.63,,,,0.156,False,False
19:42:11,Baseline,DL_float,197.77,416.63,,,,0.0,False,False
19:42:11,Baseline,Heuristic,0.1,1.01,0.211,0.034,0.074,,False,False
19:42:11,Baseline,DL_quant,2.24,416.63,,,,0.0,False,False
19:42:11,Baseline,DL_float,198.02,416.63,,,,0.0,False,False
19:42:12,Baseline,Heuristic,0.16,1.27,0.212,0.034,0.074,,False,False
19:42:12,Baseline,DL_quant,2.64,417.94,,,,0.0,False,False
19:42:12,Baseline,DL_float,197.59,417.94,,,,0.0,False,False
19:42:12,Baseline,Heuristic,0.1,1.01,0.212,0.034,0.074,,False,False
19:42:12,Baseline,DL_quant,2.29,419.9,,,,0.0,False,False
19:42:12,Baseline,DL_float,202.79,419.9,,,,0.0,False,False
19:42:12,Baseline,Heuristic,0.11,1.01,0.213,0.033,0.074,,False,False
19:42:12,Baseline,DL_quant,2.32,416.54,,,,0.02,False,False
19:42:12,Baseline,DL_float,196.78,416.54,,,,0.0,False,False
19:42:12,Baseline,Heuristic,0.1,1.01,0.214,0.033,0.074,,False,False
19:42:12,Baseline,DL_quant,2.25,411.83,,,,0.934,True,False
19:42:12,Baseline,DL_float,200.08,411.83,,,,0.0,False,False
19:42:12,Baseline,Heuristic,0.11,1.01,0.215,0.033,0.073,,False,False
19:42:12,Baseline,DL_quant,2.26,407.64,,,,0.992,True,False
19:42:12,Baseline,DL_float,198.71,407.64,,,,0.0,False,False
19:42:13,Baseline,Heuristic,0.1,1.01,0.216,0.033,0.073,,False,False
19:42:13,Baseline,DL_quant,2.37,405.57,,,,0.98,True,False
19:42:13,Baseline,DL_float,204.52,405.57,,,,0.0,False,False
19:42:13,Baseline,Heuristic,0.1,1.01,0.217,0.033,0.073,,False,False
19:42:13,Baseline,DL_quant,2.38,404.23,,,,0.996,True,False
19:42:13,Baseline,DL_float,213.85,404.23,,,,0.0,False,False
19:42:13,Baseline,Heuristic,0.13,1.01,0.218,0.032,0.073,,False,False
19:42:13,Baseline,DL_quant,2.23,403.6,,,,0.996,True,False
19:42:13,Baseline,DL_float,206.88,403.6,,,,0.0,False,False
19:42:13,Baseline,Heuristic,0.1,1.01,0.219,0.032,0.073,,False,False
19:42:13,Baseline,DL_quant,2.48,402.89,,,,0.898,True,False
19:42:13,Baseline,DL_float,201.67,402.89,,,,0.0,False,False
19:42:14,Baseline,Heuristic,0.11,1.01,0.22,0.032,0.073,,False,False
19:42:14,Baseline,DL_quant,2.35,404.23,,,,0.883,True,False
19:42:14,Baseline,DL_float,203.28,404.23,,,,0.0,False,False
19:42:14,Baseline,Heuristic,0.1,1.01,0.221,0.032,0.073,,False,False
19:42:14,Baseline,DL_quant,2.28,403.6,,,,0.039,False,False
19:42:14,Baseline,DL_float,202.45,403.6,,,,0.0,False,False
19:42:14,Baseline,Heuristic,0.1,1.01,0.222,0.031,0.073,,False,False
19:42:14,Baseline,DL_quant,2.17,403.6,,,,0.0,False,False
19:42:14,Baseline,DL_float,195.23,403.6,,,,0.0,False,False
19:42:14,Baseline,Heuristic,0.11,1.01,0.223,0.031,0.072,,False,False
19:42:14,Baseline,DL_quant,2.4,404.94,,,,0.992,True,False
19:42:14,Baseline,DL_float,204.0,404.94,,,,0.0,False,False
19:42:15,Baseline,Heuristic,0.1,1.01,0.224,0.031,0.072,,False,False
19:42:15,Baseline,DL_quant,2.25,407.01,,,,0.684,False,False
19:42:15,Baseline,DL_float,199.02,407.01,,,,0.0,False,False
19:42:15,Baseline,Heuristic,0.1,1.01,0.225,0.031,0.072,,False,False
19:42:15,Baseline,DL_quant,2.37,406.92,,,,0.98,True,False
19:42:15,Baseline,DL_float,203.5,406.92,,,,0.0,False,False
19:42:15,Baseline,Heuristic,0.12,1.01,0.226,0.03,0.072,,False,False
19:42:15,Baseline,DL_quant,2.52,407.64,,,,0.824,True,False
19:42:15,Baseline,DL_float,199.57,407.64,,,,0.0,False,False
19:42:15,Baseline,Heuristic,0.11,1.01,0.227,0.03,0.072,,False,False
19:42:15,Baseline,DL_quant,2.35,406.38,,,,0.352,False,False
19:42:15,Baseline,DL_float,213.4,406.38,,,,0.0,False,False
19:42:16,Baseline,Heuristic,0.1,1.01,0.228,0.03,0.072,,False,False
19:42:16,Baseline,DL_quant,2.32,407.73,,,,0.648,False,False
19:42:16,Baseline,DL_float,197.88,407.73,,,,0.0,False,False
19:42:16,Baseline,Heuristic,0.1,1.01,0.229,0.03,0.072,,False,False
19:42:16,Baseline,DL_quant,2.23,408.37,,,,0.066,False,False
19:42:16,Baseline,DL_float,203.41,408.37,,,,0.0,False,False
19:42:16,Baseline,Heuristic,0.1,1.01,0.23,0.03,0.072,,False,False
19:42:16,Baseline,DL_quant,2.32,412.29,,,,0.961,True,False
19:42:16,Baseline,DL_float,200.73,412.29,,,,0.0,False,False
19:42:16,Baseline,Heuristic,0.11,1.01,0.231,0.029,0.072,,False,False
19:42:16,Baseline,DL_quant,2.28,411.01,,,,0.996,True,False
19:42:16,Baseline,DL_float,203.62,411.01,,,,0.0,False,False
19:42:16,Baseline,Heuristic,0.1,1.01,0.231,0.029,0.071,,False,False
19:42:16,Baseline,DL_quant,2.29,405.83,,,,0.0,False,False
19:42:16,Baseline,DL_float,199.71,405.83,,,,0.0,False,False
19:42:17,Baseline,Heuristic,0.1,1.01,0.232,0.029,0.071,,False,False
19:42:17,Baseline,DL_quant,2.26,404.4,,,,0.0,False,False
19:42:17,Baseline,DL_float,200.56,404.4,,,,0.0,False,False
19:42:17,Baseline,Heuristic,0.1,1.01,0.233,0.029,0.071,,False,False
19:42:17,Baseline,DL_quant,2.36,402.35,,,,0.949,True,False
19:42:17,Baseline,DL_float,202.78,402.35,,,,0.0,False,False
19:42:17,Baseline,Heuristic,0.14,1.01,0.233,0.029,0.071,,False,False
19:42:17,Baseline,DL_quant,2.87,401.64,,,,0.684,False,False
19:42:17,Baseline,DL_float,197.42,401.64,,,,0.0,False,False
19:42:17,Baseline,Heuristic,0.11,1.01,0.234,0.029,0.071,,False,False
19:42:17,Baseline,DL_quant,2.39,403.14,,,,0.043,False,False
19:42:17,Baseline,DL_float,199.22,403.14,,,,0.0,False,False
19:42:18,Baseline,Heuristic,0.13,1.01,0.234,0.028,0.071,,False,False
19:42:18,Baseline,DL_quant,2.4,399.08,,,,0.066,False,False
19:42:18,Baseline,DL_float,210.71,399.08,,,,0.0,False,False
19:42:18,Baseline,Heuristic,0.11,1.01,0.235,0.028,0.071,,False,False
19:42:18,Baseline,DL_quant,2.49,399.78,,,,0.996,True,False
19:42:18,Baseline,DL_float,221.5,399.78,,,,0.0,False,False
19:42:18,Baseline,Heuristic,0.1,1.01,0.235,0.028,0.071,,False,False
19:42:18,Baseline,DL_quant,2.45,402.35,,,,0.0,False,False
19:42:18,Baseline,DL_float,198.83,402.35,,,,0.0,False,False
19:42:18,Baseline,Heuristic,0.13,1.01,0.236,0.028,0.071,,False,False
19:42:18,Baseline,DL_quant,2.27,400.48,,,,0.996,True,False
19:42:18,Baseline,DL_float,200.27,400.48,,,,0.051,False,False
19:42:19,Baseline,Heuristic,0.1,1.01,0.236,0.028,0.07,,False,False
19:42:19,Baseline,DL_quant,2.42,399.78,,,,0.0,False,False
19:42:19,Baseline,DL_float,196.75,399.78,,,,0.0,False,False
19:42:19,Baseline,Heuristic,0.11,1.01,0.237,0.027,0.07,,False,False
19:42:19,Baseline,DL_quant,2.44,401.25,,,,0.996,True,False
19:42:19,Baseline,DL_float,201.74,401.25,,,,0.958,True,False
19:42:19,Baseline,Heuristic,0.11,1.01,0.237,0.027,0.07,,False,False
19:42:19,Baseline,DL_quant,2.26,400.62,,,,0.957,True,False
19:42:19,Baseline,DL_float,198.94,400.62,,,,0.0,False,False
19:42:19,Baseline,Heuristic,0.1,1.01,0.238,0.027,0.07,,False,False
19:42:19,Baseline,DL_quant,2.69,403.21,,,,0.996,True,False
19:42:19,Baseline,DL_float,201.19,403.21,,,,0.011,False,False
19:42:19,Baseline,Heuristic,0.1,1.01,0.238,0.027,0.07,,False,False
19:42:19,Baseline,DL_quant,2.41,402.44,,,,0.996,True,False
19:42:19,Baseline,DL_float,199.21,402.44,,,,0.002,False,False
19:42:20,Baseline,Heuristic,0.14,1.01,0.239,0.026,0.07,,False,False
19:42:20,Baseline,DL_quant,2.25,408.61,,,,0.004,False,False
19:42:20,Baseline,DL_float,208.94,408.61,,,,0.0,False,False
19:42:20,Baseline,Heuristic,0.11,1.01,0.239,0.026,0.07,,False,False
19:42:20,Baseline,DL_quant,2.52,407.73,,,,0.059,False,False
19:42:20,Baseline,DL_float,204.79,407.73,,,,0.0,False,False
19:42:20,Baseline,Heuristic,0.13,1.01,0.24,0.026,0.07,,False,False
19:42:20,Baseline,DL_quant,2.48,409.64,,,,0.285,False,False
19:42:20,Baseline,DL_float,201.11,409.64,,,,0.0,False,False
19:42:20,Baseline,Heuristic,0.11,1.01,0.24,0.026,0.07,,False,False
19:42:20,Baseline,DL_quant,2.54,413.85,,,,0.0,False,False
19:42:20,Baseline,DL_float,226.06,413.85,,,,0.0,False,False
19:42:21,Baseline,Heuristic,0.11,1.01,0.241,0.026,0.069,,False,False
19:42:21,Baseline,DL_quant,2.25,412.47,,,,0.969,True,False
19:42:21,Baseline,DL_float,200.46,412.47,,,,0.0,False,False
